algorithm,scenario,seed,episode_seed,episode_length,truncated,terminated,operational_return,reward_components,reward_component_sum_exact,offered_gbit_total,delivered_gbit_total,delivered_ratio_mean,sla_violations_demand_intervals,protected_disconnection_demand_intervals,unprotected_disconnection_demand_intervals,max_utilization_peak,max_utilization_mean,link_utilization_mean,congested_link_intervals,overload_ratio_mean,delay_ms_mean,delay_ms_max,loss_ratio_mean,accepted_te_changes,reroutes_per_hour,te_reversals,flaps_per_demand,moved_mbps_total,dwell_active_demand_intervals,dwell_remaining_mean,rejected_te_requests,frr_changes,frr_disconnections,recovery_restorations,action_distribution,noop_frequency,invalid_action_attempts,mask_disagreements,solver_iterations_mean,solver_iterations_max,solver_convergence_failures,protected_safety_failures,mean_decision_time_ms,mean_mask_time_ms,wall_time_seconds,resolved_device
maskable_ppo,full_day,101,101,288,True,False,278.8511192790722,"{'delivery': 564.7936548280582, 'protected_disconnect': 0.0, 'unprotected_disconnect': 0.0, 'sla_severity': -17.40401792038929, 'max_util': -265.8077755654639, 'overload': -1.144693686376616, 'potential': -0.04475918928998769, 'move_fixed': -0.72, 'move_volume': -0.14700347318052548, 'move_divergence': -0.6742857142857143, 'reversal': 0.0, 'invalid': 0.0}",True,131796.47709213276,128829.14448991508,0.9805445396320454,265,0,0,1.5932490912375636,0.8993324602678242,0.1425820590482218,289,0.0006624384759123935,29.714063415620288,228.30405890040078,0.01919823799221058,9,0.375,0,0.0,819.420604874923,18,0.0055147058823529415,0,0,0,0,"{'0': 279, '7': 1, '14': 1, '18': 1, '23': 1, '34': 1, '52': 1, '55': 1, '58': 1, '68': 1}",0.96875,0,0,9.493055555555555,36,0,0,2.6469003484332156,0.06765243152686809,1.7838178999954835,cuda
maskable_ppo,full_day,102,102,288,True,False,322.07513715178493,"{'delivery': 570.0905964826336, 'protected_disconnect': 0.0, 'unprotected_disconnect': 0.0, 'sla_severity': -16.159511782534356, 'max_util': -228.9409382890225, 'overload': -0.5743055112350777, 'potential': -0.0095718418396387, 'move_fixed': -0.9600000000000001, 'move_volume': -0.1739890490742257, 'move_divergence': -0.897142857142857, 'reversal': -0.3, 'invalid': 0.0}",True,127980.23783177958,126359.27327322446,0.9897406188934611,253,0,0,1.54724019438152,0.8483475434903082,0.1404881858417523,262,0.00033235272640918845,27.505235664263576,249.9643910486355,0.010027261894424688,12,0.5,1,0.058823529411764705,912.5929464915766,24,0.007352941176470588,0,0,0,0,"{'0': 276, '4': 1, '7': 1, '14': 1, '18': 1, '23': 1, '34': 1, '52': 1, '54': 1, '55': 2, '58': 1, '68': 1}",0.9583333333333334,0,0,7.982638888888889,36,0,0,1.9853239549168695,0.06229895370779559,1.394479600014165,cuda
maskable_ppo,full_day,103,103,288,True,False,304.06569783815297,"{'delivery': 569.2346900176508, 'protected_disconnect': 0.0, 'unprotected_disconnect': 0.0, 'sla_severity': -20.745041206463263, 'max_util': -241.42015470749226, 'overload': -0.6290680560971705, 'potential': -0.053669851684980244, 'move_fixed': -0.96, 'move_volume': -0.1639155006173406, 'move_divergence': -0.8971428571428571, 'reversal': -0.3, 'invalid': 0.0}",True,129713.02888522299,127945.32075351171,0.9882546701695326,283,0,0,1.5736607819958492,0.8651264433200603,0.14178287981275295,277,0.00036404401394512186,28.54033420069748,239.8982994229781,0.011425575299659495,12,0.5,1,0.058823529411764705,909.3761871950238,24,0.007352941176470588,0,0,0,0,"{'0': 276, '4': 1, '7': 1, '14': 1, '18': 1, '23': 1, '34': 1, '52': 1, '54': 1, '55': 2, '58': 1, '68': 1}",0.9583333333333334,0,0,8.725694444444445,36,0,0,2.1554972202769327,0.06241874790349458,1.502122199977748,cuda
maskable_ppo,full_day,104,104,288,True,False,313.87323391809775,"{'delivery': 568.70713163776, 'protected_disconnect': 0.0, 'unprotected_disconnect': 0.0, 'sla_severity': -19.144552145077654, 'max_util': -232.76412395245612, 'overload': -0.7115374177993192, 'potential': -0.058941288154014414, 'move_fixed': -0.88, 'move_volume': -0.18045720188941053, 'move_divergence': -0.7942857142857143, 'reversal': -0.3, 'invalid': 0.0}",True,128652.52681452257,126762.57030099483,0.9873387702044444,249,0,0,1.5658376528384113,0.8532980549341169,0.13951750972210625,249,0.0004117693390042357,26.648873697227597,259.3877063379614,0.012346357434935925,11,0.4583333333333333,1,0.058823529411764705,908.0738462841622,22,0.006740196078431373,0,0,0,0,"{'0': 277, '7': 1, '14': 1, '18': 1, '23': 1, '34': 1, '52': 1, '54': 1, '55': 2, '58': 1, '68': 1}",0.9618055555555556,0,0,8.756944444444445,35,0,0,2.3115090205262985,0.06416770419390458,1.5129018001025543,cuda
maskable_ppo,full_day,105,105,288,True,False,350.1006966707613,"{'delivery': 570.8708646706941, 'protected_disconnect': 0.0, 'unprotected_disconnect': 0.0, 'sla_severity': -14.205602050903325, 'max_util': -204.4606306663556, 'overload': -0.5073954993114543, 'potential': -0.016544997840917137, 'move_fixed': -0.72, 'move_volume': -0.18570907123574476, 'move_divergence': -0.6742857142857143, 'reversal': 0.0, 'invalid': 0.0}",True,128245.04234233435,126844.45029065755,0.9910952511643996,220,0,0,1.5488926798446394,0.8199862346859285,0.13865149154716805,227,0.00029363165469412864,25.319116869616714,235.34428283209164,0.008656076360745285,9,0.375,0,0.0,944.3249756246148,18,0.0055147058823529415,0,0,0,0,"{'0': 279, '7': 1, '14': 1, '18': 1, '23': 1, '34': 1, '52': 1, '55': 1, '58': 1, '68': 1}",0.96875,0,0,7.034722222222222,36,0,0,2.0278531260878987,0.0693437456599592,1.3615571999689564,cuda
maskable_ppo,evening_peak,101,101,84,True,False,27.08213041087366,"{'delivery': 164.1560036556438, 'protected_disconnect': 0.0, 'unprotected_disconnect': 0.0, 'sla_severity': -18.763399913746472, 'max_util': -115.6281132919655, 'overload': -0.4746875593754605, 'potential': -0.028957248932378395, 'move_fixed': -0.88, 'move_volume': -0.20442951646465032, 'move_divergence': -0.7942857142857142, 'reversal': -0.3, 'invalid': 0.0}",True,51881.82461700071,50544.38635909567,0.9771190693788321,216,0,0,1.5157859344894573,1.0319016471678153,0.190534117903769,200,0.0009418403955862311,40.48442492221697,253.1782270596436,0.022642118541770697,11,1.5714285714285714,1,0.058823529411764705,1231.4016770625494,22,0.023109243697478993,0,0,0,0,"{'0': 73, '7': 1, '14': 1, '18': 1, '23': 1, '34': 1, '52': 1, '54': 1, '55': 2, '58': 1, '68': 1}",0.8690476190476191,0,0,16.892857142857142,39,0,0,2.4477904773361625,0.06505952166792538,0.605408199946396,cuda
maskable_ppo,evening_peak,102,102,84,True,False,51.800754994000904,"{'delivery': 166.3025300098354, 'protected_disconnect': 0.0, 'unprotected_disconnect': 0.0, 'sla_severity': -9.201053039268833, 'max_util': -102.94614770889741, 'overload': -0.18082984930581317, 'potential': -0.01450340437337927, 'move_fixed': -0.88, 'move_volume': -0.18495529970330563, 'move_divergence': -0.7942857142857142, 'reversal': -0.3, 'invalid': 0.0}",True,49555.60337852391,49033.557244589916,0.989896011963306,130,0,0,1.4617627738793832,0.9758438387241045,0.1831398700459172,122,0.00035878938354328,30.336103266983315,243.89193170851956,0.009945769297275212,11,1.5714285714285714,1,0.058823529411764705,1149.3252271327979,22,0.023109243697478993,0,0,0,0,"{'0': 73, '7': 1, '14': 1, '18': 1, '23': 1, '34': 1, '52': 1, '54': 1, '55': 2, '58': 1, '68': 1}",0.8690476190476191,0,0,11.952380952380953,34,0,0,2.420870237983763,0.06335357431366685,0.4775750000262633,cuda
maskable_ppo,evening_peak,103,103,84,True,False,9.080843201289303,"{'delivery': 162.83549928945934, 'protected_disconnect': 0.0, 'unprotected_disconnect': 0.0, 'sla_severity': -20.475482645690498, 'max_util': -130.27361667174728, 'overload': -0.6543360344069934, 'potential': -0.020134908226816545, 'move_fixed': -0.9600000000000001, 'move_volume': -0.17394297095558614, 'move_divergence': -0.897142857142857, 'reversal': -0.3, 'invalid': 0.0}",True,52731.81382448724,50950.02206024543,0.9692589243420199,228,0,0,1.4858000000000005,1.084217067204455,0.19277791164422575,202,0.0012982857825535581,43.4182257618212,272.4762651310688,0.030315903263796618,12,1.7142857142857142,1,0.058823529411764705,1052.2981270206953,24,0.02521008403361344,0,0,0,0,"{'0': 72, '4': 1, '7': 1, '14': 1, '18': 1, '23': 1, '34': 1, '52': 1, '54': 1, '55': 2, '58': 1, '68': 1}",0.8571428571428571,0,0,18.095238095238095,38,0,0,2.7191047681429024,0.06233929334917948,0.6820987000828609,cuda
maskable_ppo,evening_peak,104,104,84,True,False,15.758034619805464,"{'delivery': 163.8462511567098, 'protected_disconnect': 0.0, 'unprotected_disconnect': 0.0, 'sla_severity': -18.275832521155678, 'max_util': -126.35455874875747, 'overload': -0.5232946417558292, 'potential': -0.008876620095005096, 'move_fixed': -1.12, 'move_volume': -0.18851114799751784, 'move_divergence': -1.017142857142857, 'reversal': -0.6, 'invalid': 0.0}",True,52723.810206831295,51279.500603573935,0.975275304504225,216,0,0,1.5899191559236392,1.0687670026041756,0.1932639004828251,202,0.0010382830193568038,40.513228439206486,281.4589490555971,0.024351792153157345,14,2.0,2,0.11764705882352941,1083.5723889614578,28,0.029411764705882353,0,0,0,0,"{'0': 70, '4': 1, '7': 1, '14': 1, '18': 1, '23': 1, '34': 1, '52': 1, '54': 2, '55': 3, '58': 1, '68': 1}",0.8333333333333334,0,0,17.642857142857142,37,0,0,2.7596131022576067,0.06160119110496626,0.6538135000737384,cuda
maskable_ppo,evening_peak,105,105,84,True,False,34.69138806646467,"{'delivery': 165.32848999548705, 'protected_disconnect': 0.0, 'unprotected_disconnect': 0.0, 'sla_severity': -13.042478792737175, 'max_util': -115.76859219783701, 'overload': -0.31963146056232933, 'potential': 0.03692029844102041, 'move_fixed': -0.72, 'move_volume': -0.14903406204119254, 'move_divergence': -0.6742857142857143, 'reversal': 0.0, 'invalid': 0.0}",True,50169.08640736607,49309.2213973008,0.9840981547350419,145,0,0,1.6248640363365083,1.0281799212706428,0.18337570807837544,119,0.0006341894058776377,32.29390214420796,203.90808440895572,0.015727991866404934,9,1.2857142857142858,0,0.0,898.6801160700165,18,0.018907563025210086,0,0,0,0,"{'0': 75, '7': 1, '14': 1, '18': 1, '23': 1, '34': 1, '52': 1, '55': 1, '58': 1, '68': 1}",0.8928571428571429,0,0,12.392857142857142,36,0,0,2.1547142892987248,0.062127380044243875,0.4731094000162557,cuda
maskable_ppo,flash_crowd,101,101,60,True,False,-28.18060594560595,"{'delivery': 112.19047202971818, 'protected_disconnect': 0.0, 'unprotected_disconnect': 0.0, 'sla_severity': -29.378143230725406, 'max_util': -107.40853660781029, 'overload': -1.1976875107470444, 'potential': -0.014254634561480801, 'move_fixed': -0.9600000000000001, 'move_volume': -0.21531313433703672, 'move_divergence': -0.897142857142857, 'reversal': -0.3, 'invalid': 0.0}",True,39328.82899331873,36317.37906050011,0.9349206002476514,225,0,0,2.1742843027656877,1.2009096261959593,0.19849990010218171,175,0.003326909752075123,51.87882077573207,270.0469901405089,0.0642980356843854,12,2.4,1,0.058823529411764705,1326.378044387978,24,0.03529411764705882,0,0,0,0,"{'0': 48, '4': 1, '7': 1, '14': 1, '18': 1, '23': 1, '34': 1, '52': 1, '54': 1, '55': 2, '58': 1, '68': 1}",0.8,0,0,22.266666666666666,39,0,0,2.454608331512039,0.06314334265577297,0.5207903999835253,cuda
maskable_ppo,flash_crowd,102,102,60,True,False,-35.22838047899495,"{'delivery': 111.8313772852521, 'protected_disconnect': 0.0, 'unprotected_disconnect': 0.0, 'sla_severity': -35.15743055312544, 'max_util': -108.32407443783259, 'overload': -1.243246913853314, 'potential': 0.016232747897869416, 'move_fixed': -0.96, 'move_volume': -0.19409575019072844, 'move_divergence': -0.897142857142857, 'reversal': -0.3, 'invalid': 0.0}",True,38819.954621211735,35702.484509253125,0.9319281440437676,238,0,0,1.9571353810438428,1.200568987367454,0.19717250588914287,177,0.0034534636495925385,52.52596419921248,321.16404053039696,0.06686777192593739,12,2.4,1,0.058823529411764705,1233.225892862661,24,0.035294117647058816,0,0,0,0,"{'0': 48, '4': 1, '7': 1, '14': 1, '18': 1, '23': 1, '34': 1, '52': 1, '54': 1, '55': 2, '58': 1, '68': 1}",0.8,0,0,23.083333333333332,39,0,0,2.463711668193961,0.0632733223028481,0.5104217999614775,cuda
maskable_ppo,flash_crowd,103,103,60,True,False,-57.7207053174342,"{'delivery': 110.79700276604743, 'protected_disconnect': 0.0, 'unprotected_disconnect': 0.0, 'sla_severity': -40.99586104796323, 'max_util': -122.86663679738169, 'overload': -1.468845870895269, 'potential': 0.03627933302051797, 'move_fixed': -1.12, 'move_volume': -0.18550084311911882, 'move_divergence': -1.017142857142857, 'reversal': -0.8999999999999999, 'invalid': 0.0}",True,40401.39009538725,36668.68192315968,0.9233083563837285,289,0,0,1.9957926384130351,1.2874538784730092,0.20456402401581478,209,0.004080127419153525,60.056566118782484,288.517383080103,0.07549533717539297,14,2.8,3,0.17647058823529413,1175.23806065036,28,0.041176470588235294,0,0,0,0,"{'0': 46, '4': 1, '7': 1, '14': 1, '18': 1, '23': 1, '34': 1, '52': 1, '54': 2, '55': 3, '58': 1, '68': 1}",0.7666666666666667,0,0,24.966666666666665,39,0,0,2.7223616644429662,0.06724832928739488,0.6024591999594122,cuda
maskable_ppo,flash_crowd,104,104,60,True,False,-46.10440833476522,"{'delivery': 112.59263552198108, 'protected_disconnect': 0.0, 'unprotected_disconnect': 0.0, 'sla_severity': -38.3502512679551, 'max_util': -116.30286125990105, 'overload': -1.1022897902115507, 'potential': -0.005662973620774628, 'move_fixed': -1.12, 'move_volume': -0.19883570791496777, 'move_divergence': -1.017142857142857, 'reversal': -0.6, 'invalid': 0.0}",True,39904.029383603716,37070.37577920457,0.9382719626831757,271,0,0,1.852450850831926,1.2356022967412037,0.20283187285202683,195,0.003061916083920975,54.23261995360894,273.204207666205,0.06067616460370043,14,2.8,2,0.11764705882352941,1159.7728627107042,28,0.04117647058823529,0,0,0,0,"{'0': 46, '4': 1, '7': 1, '14': 1, '18': 1, '23': 1, '34': 1, '52': 1, '54': 2, '55': 3, '58': 1, '68': 1}",0.7666666666666667,0,0,25.55,39,0,0,2.9577233362942934,0.0653550048203518,0.607553799985908,cuda
maskable_ppo,flash_crowd,105,105,60,True,False,-50.95770625840978,"{'delivery': 111.27902671685963, 'protected_disconnect': 0.0, 'unprotected_disconnect': 0.0, 'sla_severity': -39.64435245596343, 'max_util': -118.9213502030978, 'overload': -1.5151764002832555, 'potential': -0.021528180473897374, 'move_fixed': -0.88, 'move_volume': -0.16004002116530747, 'move_divergence': -0.7942857142857142, 'reversal': -0.3, 'invalid': 0.0}",True,40497.55573466063,36757.140523239046,0.927325222640497,260,0,0,2.3289814072035355,1.278894136563447,0.2011887685616239,182,0.004208823334120154,51.00258829638328,219.46280621563093,0.07144294515299526,11,2.2,1,0.058823529411764705,997.8754198705299,22,0.03235294117647059,0,0,0,0,"{'0': 49, '7': 1, '14': 1, '18': 1, '23': 1, '34': 1, '52': 1, '54': 1, '55': 2, '58': 1, '68': 1}",0.8166666666666667,0,0,22.733333333333334,39,0,0,2.950540006471177,0.06912333774380386,0.5469538000179455,cuda
maskable_ppo,link_failure,101,101,60,True,False,3.3203304593056555,"{'delivery': 116.75936503688696, 'protected_disconnect': 0.0, 'unprotected_disconnect': 0.0, 'sla_severity': -17.563153254165666, 'max_util': -93.32289836908184, 'overload': -0.37856101880563797, 'potential': -0.016854204416516118, 'move_fixed': -0.9600000000000001, 'move_volume': -0.2537582073021169, 'move_divergence': -0.9438095238095238, 'reversal': 0.0, 'invalid': 0.0}",True,35194.5208685004,34181.11066505304,0.9729947086407247,156,0,0,1.5849002329435988,1.092788914229892,0.18177107671434098,109,0.0010515583855712164,37.62111120698331,232.0081585255345,0.026690187446544313,12,2.4,0,0.0,1521.0549795932711,24,0.03529411764705882,0,4,0,0,"{'0': 48, '7': 1, '14': 1, '18': 1, '23': 1, '29': 1, '34': 2, '52': 1, '55': 2, '58': 1, '68': 1}",0.8,0,0,15.1,35,0,0,3.1642199940203377,0.061044993344694376,0.4324698999989778,cuda
maskable_ppo,link_failure,102,102,60,True,False,-2.0945601645979304,"{'delivery': 116.54388756042192, 'protected_disconnect': 0.0, 'unprotected_disconnect': 0.0, 'sla_severity': -19.39975352261239, 'max_util': -96.12945541122507, 'overload': -0.3896814046893153, 'potential': 0.011599929341869895, 'move_fixed': -1.12, 'move_volume': -0.24734779202542562, 'move_divergence': -1.0638095238095238, 'reversal': -0.3, 'invalid': 0.0}",True,34963.72707453651,33941.213807641405,0.971199063003516,167,0,0,1.6344018813051662,1.10453127144476,0.18181143895394467,104,0.0010824483463592093,37.252767367474426,278.63500472463426,0.028546899688176045,14,2.8,1,0.058823529411764705,1520.5089332647194,28,0.041176470588235294,0,4,0,0,"{'0': 46, '7': 1, '14': 1, '18': 1, '23': 1, '29': 1, '34': 2, '52': 1, '54': 1, '55': 3, '58': 1, '68': 1}",0.7666666666666667,0,0,14.733333333333333,36,0,0,2.6004983228631318,0.06248166513008376,0.3844836000353098,cuda
maskable_ppo,link_failure,103,103,60,True,False,-24.895643093475364,"{'delivery': 114.74311861170243, 'protected_disconnect': 0.0, 'unprotected_disconnect': 0.0, 'sla_severity': -27.583065579346158, 'max_util': -109.32045211825476, 'overload': -0.6451203923417639, 'potential': 0.03286823321673457, 'move_fixed': -0.9600000000000001, 'move_volume': -0.21918232464229165, 'move_divergence': -0.9438095238095238, 'reversal': 0.0, 'invalid': 0.0}",True,35823.8088412656,34169.25050776848,0.9561926550975203,210,0,0,1.7025222251646002,1.1893970434026713,0.18469361080279695,125,0.001792001089838233,42.74343176917769,245.19244703851342,0.043378786168014445,12,2.4,0,0.0,1298.3531647479413,24,0.03529411764705882,0,4,0,0,"{'0': 48, '7': 1, '14': 1, '18': 1, '23': 1, '29': 1, '34': 2, '52': 1, '55': 2, '58': 1, '68': 1}",0.8,0,0,18.083333333333332,38,0,0,2.6392333287124834,0.06322833166147272,0.4589317999780178,cuda
maskable_ppo,link_failure,104,104,60,True,False,-16.537290172696498,"{'delivery': 116.0150724788054, 'protected_disconnect': 0.0, 'unprotected_disconnect': 0.0, 'sla_severity': -24.237803642669718, 'max_util': -105.1144364688532, 'overload': -0.45526745683542147, 'potential': -0.001741389897550523, 'move_fixed': -1.12, 'move_volume': -0.25930416943648765, 'move_divergence': -1.0638095238095238, 'reversal': -0.3, 'invalid': 0.0}",True,35925.56106899109,34728.20150461685,0.9667922706567116,181,0,0,1.7129078191787972,1.1507822132656575,0.18613144735080792,126,0.0012646318245428366,39.81759415929058,251.882176188344,0.03282585782804469,14,2.8,1,0.058823529411764705,1529.8590295256045,28,0.041176470588235294,0,4,0,0,"{'0': 46, '7': 1, '14': 1, '18': 1, '23': 1, '29': 1, '34': 2, '52': 1, '54': 1, '55': 3, '58': 1, '68': 1}",0.7666666666666667,0,0,17.233333333333334,37,0,0,2.7278166535931327,0.05967833761436244,0.42511940002441406,cuda
maskable_ppo,link_failure,105,105,60,True,False,-16.789068955057964,"{'delivery': 115.47080380502024, 'protected_disconnect': 0.0, 'unprotected_disconnect': 0.0, 'sla_severity': -22.71606261310088, 'max_util': -106.81532718893276, 'overload': -0.5701176582730106, 'potential': -0.0224571229103944, 'move_fixed': -0.9600000000000001, 'move_volume': -0.23209865305163552, 'move_divergence': -0.9438095238095238, 'reversal': 0.0, 'invalid': 0.0}",True,35702.181458913954,34282.10868476578,0.9622566983751687,170,0,0,1.8836241994094984,1.1771872050032182,0.1820986189108014,90,0.001583660161869474,36.23575069545132,167.84039038484954,0.03741765250738109,12,2.4,0,0.0,1469.6001559283118,24,0.03529411764705882,0,4,0,0,"{'0': 48, '7': 1, '14': 1, '18': 1, '23': 1, '29': 1, '34': 2, '52': 1, '55': 2, '58': 1, '68': 1}",0.8,0,0,15.7,36,0,0,2.4449450022075325,0.06182165816426277,0.3988472999772057,cuda
maskable_ppo,deceptive_local_optimum,101,101,60,True,False,98.7649728034988,"{'delivery': 119.89937692931011, 'protected_disconnect': 0.0, 'unprotected_disconnect': 0.0, 'sla_severity': -0.8129387203897414, 'max_util': -18.735608074334586, 'overload': -0.006017594313074326, 'potential': -0.013984572427083676, 'move_fixed': -0.72, 'move_volume': -0.17156945006111557, 'move_divergence': -0.6742857142857143, 'reversal': 0.0, 'invalid': 0.0}",True,25725.33935464404,25704.14953767832,0.9991614744109175,14,0,0,1.1325112534243684,0.7093572036590794,0.13152623068105038,10,1.6715539758539793e-05,18.068180170198755,136.21570597037766,0.0008226471007036024,9,1.8,0,0.0,701.3194311797943,18,0.02647058823529412,0,0,0,0,"{'0': 51, '7': 1, '14': 1, '18': 1, '23': 1, '34': 1, '52': 1, '55': 1, '58': 1, '68': 1}",0.85,0,0,2.183333333333333,26,0,0,2.2110383259132504,0.06015501179111501,0.24233490007463843,cuda
maskable_ppo,deceptive_local_optimum,102,102,60,True,False,95.2469230215053,"{'delivery': 119.99556422707602, 'protected_disconnect': 0.0, 'unprotected_disconnect': 0.0, 'sla_severity': -0.00865542214172849, 'max_util': -23.173888545578492, 'overload': 0.0, 'potential': -0.010413046793284506, 'move_fixed': -0.72, 'move_volume': -0.16139847677147584, 'move_divergence': -0.6742857142857143, 'reversal': 0.0, 'invalid': 0.0}",True,25520.610653040978,25519.67404802535,0.9999630352256335,2,0,0,0.9739224749084093,0.7255106886654682,0.13119360714369588,10,0.0,17.52752878901104,77.58204109947252,3.5473858356964456e-05,9,1.8,0,0.0,664.0803188933023,18,0.02647058823529412,0,0,0,0,"{'0': 51, '7': 1, '14': 1, '18': 1, '23': 1, '34': 1, '52': 1, '55': 1, '58': 1, '68': 1}",0.85,0,0,1.25,16,0,0,2.482608335170274,0.06287499563768506,0.25801529991440475,cuda
maskable_ppo,deceptive_local_optimum,103,103,60,True,False,86.02944889058477,"{'delivery': 119.93695737978717, 'protected_disconnect': 0.0, 'unprotected_disconnect': 0.0, 'sla_severity': -0.5916738887662163, 'max_util': -31.761225203265433, 'overload': -0.0026347495415008125, 'potential': -0.0097161191686359, 'move_fixed': -0.72, 'move_volume': -0.1479728141748951, 'move_divergence': -0.6742857142857143, 'reversal': 0.0, 'invalid': 0.0}",True,26020.410315509478,26006.102689618463,0.9994746448315598,17,0,0,1.056229850888818,0.768224609149377,0.1340108121459034,20,7.318748726391146e-06,19.022081521533796,104.46191220816274,0.000502638237092375,9,1.8,0,0.0,590.9598986382351,18,0.02647058823529412,0,0,0,0,"{'0': 51, '7': 1, '14': 1, '18': 1, '23': 1, '34': 1, '52': 1, '55': 1, '58': 1, '68': 1}",0.85,0,0,2.0833333333333335,26,0,0,1.9976349993764113,0.05820500664412975,0.232207499910146,cuda
maskable_ppo,deceptive_local_optimum,104,104,60,True,False,92.26539002515574,"{'delivery': 119.82613948561445, 'protected_disconnect': 0.0, 'unprotected_disconnect': 0.0, 'sla_severity': -1.4912138608917784, 'max_util': -24.48649252191512, 'overload': -0.011414151931731207, 'potential': -0.017926433068216206, 'move_fixed': -0.72, 'move_volume': -0.1594167783661547, 'move_divergence': -0.6742857142857143, 'reversal': 0.0, 'invalid': 0.0}",True,26045.279641573266,26006.155403807148,0.9985511623801204,21,0,0,1.1205660343809205,0.7453433157562274,0.13378002371477343,12,3.170597758814224e-05,18.929386695163092,138.303199206802,0.0014094657047729706,9,1.8,0,0.0,614.7931085865187,18,0.02647058823529412,0,0,0,0,"{'0': 51, '7': 1, '14': 1, '18': 1, '23': 1, '34': 1, '52': 1, '55': 1, '58': 1, '68': 1}",0.85,0,0,2.25,28,0,0,2.077493325729544,0.05923000086719791,0.24620210006833076,cuda
maskable_ppo,deceptive_local_optimum,105,105,60,True,False,78.17295378504589,"{'delivery': 119.67070076638086, 'protected_disconnect': 0.0, 'unprotected_disconnect': 0.0, 'sla_severity': -2.582279974154868, 'max_util': -37.338326041823414, 'overload': -0.027085018216650474, 'potential': -0.019207121920596367, 'move_fixed': -0.72, 'move_volume': -0.1365631109337156, 'move_divergence': -0.6742857142857143, 'reversal': 0.0, 'invalid': 0.0}",True,26192.68895057379,26111.563232326447,0.9972558397198406,28,0,0,1.1782809246253918,0.7824562470969674,0.13373336620073054,19,7.523616171291798e-05,20.154977971511027,140.8741683085249,0.0027224271752029515,9,1.8,0,0.0,545.608982624912,18,0.02647058823529412,0,0,0,0,"{'0': 51, '7': 1, '14': 1, '18': 1, '23': 1, '34': 1, '52': 1, '55': 1, '58': 1, '68': 1}",0.85,0,0,2.9833333333333334,27,0,0,2.0976783358491957,0.05834666662849486,0.2448416999541223,cuda
maskable_ppo,ood_double_failure,101,101,60,True,False,-187.8132484133254,"{'delivery': 109.012007261328, 'protected_disconnect': -178.57142857142858, 'unprotected_disconnect': -58.823529411764696, 'sla_severity': -6.319742697231468, 'max_util': -50.57165676007829, 'overload': -0.029839476410546732, 'potential': 0.0055587412886415975, 'move_fixed': -1.12, 'move_volume': -0.3089032133141849, 'move_divergence': -1.0857142857142854, 'reversal': 0.0, 'invalid': 0.0}",True,27339.738193055007,24932.086701995668,0.9084333938443999,159,25,75,1.2318312132121458,0.8576160767267699,0.12827614891183658,35,8.288743447374093e-05,20.157314906328885,137.17233620176063,0.09145403300915723,14,2.8,0,0.0,1500.2271288493196,28,0.041176470588235294,0,8,4,4,"{'0': 46, '7': 2, '14': 2, '18': 2, '23': 1, '34': 2, '52': 1, '55': 1, '58': 1, '61': 1, '68': 1}",0.7666666666666667,0,0,3.8833333333333333,29,0,0,2.2979133354965597,0.05789999462043246,0.2653025999898091,cuda
maskable_ppo,ood_double_failure,102,102,60,True,False,-184.29599112931066,"{'delivery': 107.1108875375808, 'protected_disconnect': -178.57142857142858, 'unprotected_disconnect': -58.823529411764696, 'sla_severity': -5.4453633272097415, 'max_util': -46.11012194013661, 'overload': -0.019911834039697308, 'potential': 0.01774585528022966, 'move_fixed': -1.12, 'move_volume': -0.24855515187807484, 'move_divergence': -1.0857142857142854, 'reversal': 0.0, 'invalid': 0.0}",True,27016.54975637489,24254.896160610337,0.89259072947984,159,25,75,1.1900397486863479,0.8429241856135781,0.12579503193709485,27,5.531065011027031e-05,19.00486666397507,137.25944310009797,0.10739967703827717,14,2.8,0,0.0,1249.0209812361256,28,0.041176470588235294,0,8,4,4,"{'0': 46, '7': 2, '14': 2, '18': 2, '23': 1, '34': 2, '52': 1, '55': 1, '58': 1, '61': 1, '68': 1}",0.7666666666666667,0,0,3.85,27,0,0,2.3904416729540876,0.055909993049378194,0.26589020004030317,cuda
maskable_ppo,ood_double_failure,103,103,60,True,False,-199.45490215881992,"{'delivery': 106.97626180200555, 'protected_disconnect': -178.57142857142858, 'unprotected_disconnect': -58.823529411764696, 'sla_severity': -9.816465660134167, 'max_util': -56.663166791344366, 'overload': -0.10649605531212575, 'potential': 0.006821193873825424, 'move_fixed': -1.12, 'move_volume': -0.2511843790010427, 'move_divergence': -1.0857142857142854, 'reversal': 0.0, 'invalid': 0.0}",True,27450.495595281656,24470.77441943953,0.8914688483500463,181,25,75,1.437039276843283,0.8977724396220121,0.12742605202849286,31,0.00029582237586701595,21.228796295362308,134.29114902140833,0.1084983796130166,14,2.8,0,0.0,1248.5359829381184,28,0.041176470588235294,0,8,4,4,"{'0': 46, '7': 2, '14': 2, '18': 2, '23': 1, '34': 2, '52': 1, '55': 1, '58': 1, '61': 1, '68': 1}",0.7666666666666667,0,0,5.4,30,0,0,2.284881660792356,0.05600333485441903,0.27164069993887097,cuda
maskable_ppo,ood_double_failure,104,104,60,True,False,-182.78824999842334,"{'delivery': 107.36699248110732, 'protected_disconnect': -178.57142857142858, 'unprotected_disconnect': -58.823529411764696, 'sla_severity': -3.921919295449767, 'max_util': -46.345522025498866, 'overload': -0.017484361019890385, 'potential': 0.013825667957308625, 'move_fixed': -1.12, 'move_volume': -0.2834701966118689, 'move_divergence': -1.0857142857142854, 'reversal': 0.0, 'invalid': 0.0}",True,27791.706371086435,24959.06095146175,0.894724937342561,140,25,75,1.1463806596493795,0.8493218782586751,0.12892273425947445,23,4.856766949969552e-05,18.55444284558064,134.6971022576434,0.105308749034296,14,2.8,0,0.0,1433.4474705977952,28,0.041176470588235294,0,8,4,4,"{'0': 46, '7': 2, '14': 2, '18': 2, '23': 1, '34': 2, '52': 1, '55': 1, '58': 1, '61': 1, '68': 1}",0.7666666666666667,0,0,1.8166666666666667,25,0,0,2.0901199973498783,0.07208667423886557,0.23766819993034005,cuda
maskable_ppo,ood_double_failure,105,105,60,True,False,-195.1202429584366,"{'delivery': 106.95170593123296, 'protected_disconnect': -178.57142857142858, 'unprotected_disconnect': -58.823529411764696, 'sla_severity': -6.994259891070621, 'max_util': -55.214011003595495, 'overload': -0.02980151380504778, 'potential': 0.006113969978244985, 'move_fixed': -1.12, 'move_volume': -0.23931818226903137, 'move_divergence': -1.0857142857142854, 'reversal': 0.0, 'invalid': 0.0}",True,27493.320278175557,24402.8976237406,0.8912642160936081,178,25,75,1.3225004777212348,0.8842390430249363,0.1253419170243948,32,8.278198279179939e-05,20.370768586402185,140.48438026757623,0.10864893137632926,14,2.8,0,0.0,1143.4382384287503,28,0.041176470588235294,0,8,4,4,"{'0': 46, '7': 2, '14': 2, '18': 2, '23': 1, '34': 2, '52': 1, '55': 1, '58': 1, '61': 1, '68': 1}",0.7666666666666667,0,0,3.3,29,0,0,2.180589991621673,0.05912166670896113,0.2545731000136584,cuda
maskable_ppo,overload_stress,101,101,48,True,False,-77.30628241204663,"{'delivery': 86.64993231830124, 'protected_disconnect': 0.0, 'unprotected_disconnect': 0.0, 'sla_severity': -51.544939279665314, 'max_util': -107.89417142860785, 'overload': -1.560852892153977, 'potential': 0.00100178292740781, 'move_fixed': -1.12, 'move_volume': -0.2201100557052795, 'move_divergence': -1.0171428571428571, 'reversal': -0.6, 'invalid': 0.0}",True,40681.66414268056,36530.15260244852,0.9026034616489712,379,0,0,1.8081771392871375,1.3373500252395563,0.25056730806660465,312,0.005419628097756865,85.99423624234356,321.98976240742957,0.09658633393974354,14,3.5,2,0.11764705882352941,1962.481015722,28,0.05147058823529412,0,0,0,0,"{'0': 34, '4': 1, '7': 1, '14': 1, '18': 1, '23': 1, '34': 1, '52': 1, '54': 2, '55': 3, '58': 1, '68': 1}",0.7083333333333334,0,0,34.125,41,0,0,2.487806254066527,0.06322082966410865,0.5840083999792114,cuda
maskable_ppo,overload_stress,102,102,48,True,False,-87.67070952770109,"{'delivery': 85.23395188560494, 'protected_disconnect': 0.0, 'unprotected_disconnect': 0.0, 'sla_severity': -56.76481135377389, 'max_util': -111.78020014906215, 'overload': -1.8688931737996946, 'potential': 0.004203397707810752, 'move_fixed': -1.04, 'move_volume': -0.19781727723526815, 'move_divergence': -0.9571428571428571, 'reversal': -0.3, 'invalid': 0.0}",True,40642.53764191775,35796.77149786813,0.8878536654750514,376,0,0,1.792156268628934,1.378663396871098,0.2501215868283506,283,0.006489212409026719,86.10249088484663,326.58972072122117,0.11097094816834041,13,3.25,1,0.058823529411764705,1828.2512108385185,25,0.04656862745098039,0,0,0,0,"{'0': 35, '4': 1, '7': 1, '14': 1, '18': 1, '23': 1, '34': 1, '52': 1, '54': 2, '55': 2, '58': 1, '68': 1}",0.7291666666666666,0,0,34.833333333333336,43,0,0,2.492547922884114,0.06817083340138197,0.5893735999707133,cuda
maskable_ppo,overload_stress,103,103,48,True,False,-103.95749252696103,"{'delivery': 83.9078297037671, 'protected_disconnect': 0.0, 'unprotected_disconnect': 0.0, 'sla_severity': -65.42177665392998, 'max_util': -117.97606342488841, 'overload': -2.123637280077164, 'potential': -0.002496170897645797, 'move_fixed': -0.96, 'move_volume': -0.18420584379209526, 'move_divergence': -0.897142857142857, 'reversal': -0.3, 'invalid': 0.0}",True,42343.42312225444,36872.98702790329,0.874039892747574,406,0,0,1.936914205447752,1.4399723087586889,0.2591309565668567,300,0.0073737405558234855,90.34794944587156,324.502552123139,0.12507200765846757,12,3.0,1,0.058823529411764705,1680.0828198390923,24,0.04411764705882353,0,0,0,0,"{'0': 36, '4': 1, '7': 1, '14': 1, '18': 1, '23': 1, '34': 1, '52': 1, '54': 1, '55': 2, '58': 1, '68': 1}",0.75,0,0,35.666666666666664,41,0,0,3.068866652029101,0.06923958911405255,0.6485752000007778,cuda
maskable_ppo,overload_stress,104,104,48,True,False,-94.32052184240895,"{'delivery': 85.84486950166367, 'protected_disconnect': 0.0, 'unprotected_disconnect': 0.0, 'sla_severity': -62.84126332230055, 'max_util': -112.66091012997383, 'overload': -1.7198376552627157, 'potential': 0.005730740647517232, 'move_fixed': -1.12, 'move_volume': -0.21196812004018498, 'move_divergence': -1.017142857142857, 'reversal': -0.6, 'invalid': 0.0}",True,41429.31860928934,36874.332672302844,0.8942173906423299,423,0,0,1.6255029679041486,1.3790473612127065,0.2556839544929397,328,0.005971658525217763,89.69979053879801,322.673063318819,0.10497238028354243,14,3.5,2,0.11764705882352941,1788.6919464986477,28,0.05147058823529412,0,0,0,0,"{'0': 34, '4': 1, '7': 1, '14': 1, '18': 1, '23': 1, '34': 1, '52': 1, '54': 2, '55': 3, '58': 1, '68': 1}",0.7083333333333334,0,0,35.020833333333336,41,0,0,2.930447917606216,0.06278956910440077,0.6172117999522015,cuda
maskable_ppo,overload_stress,105,105,48,True,False,-99.09170997199203,"{'delivery': 84.69165147960037, 'protected_disconnect': 0.0, 'unprotected_disconnect': 0.0, 'sla_severity': -60.91302916958395, 'max_util': -118.54649778077632, 'overload': -2.06090144806696, 'potential': 0.0568889858615437, 'move_fixed': -0.96, 'move_volume': -0.16267918188386024, 'move_divergence': -0.897142857142857, 'reversal': -0.3, 'invalid': 0.0}",True,43103.24893855558,37777.13600296444,0.8822047029125039,408,0,0,1.8929362398418756,1.4555885327312268,0.26361061936641417,320,0.007155907805788057,86.98574858798167,322.6469156744165,0.11678097545376652,12,3.0,1,0.058823529411764705,1433.6730481952236,24,0.04411764705882353,0,0,0,0,"{'0': 36, '4': 1, '7': 1, '14': 1, '18': 1, '23': 1, '34': 1, '52': 1, '54': 1, '55': 2, '58': 1, '68': 1}",0.75,0,0,34.375,43,0,0,3.2959020827547647,0.06142290415785586,0.6361017000162974,cuda
masked_bandit,full_day,101,101,288,True,False,296.79963911432185,"{'delivery': 565.5433315132088, 'protected_disconnect': 0.0, 'unprotected_disconnect': 0.0, 'sla_severity': -17.582899172282982, 'max_util': -245.48531870293152, 'overload': -1.099851648345913, 'potential': -0.05468503809871171, 'move_fixed': -1.6, 'move_volume': -0.2980806943707556, 'move_divergence': -1.7228571428571426, 'reversal': -0.8999999999999999, 'invalid': 0.0}",True,131796.47709213276,129014.92069336516,0.9818460616548764,208,0,0,1.5932490912375636,0.8719165400154706,0.13417853497364815,208,0.0006364882224224034,25.05979647550578,171.91180449180268,0.01793391429291471,20,0.8333333333333334,3,0.17647058823529413,1588.1245285268126,40,0.012254901960784314,0,0,0,0,"{'0': 268, '8': 1, '10': 1, '13': 2, '14': 2, '18': 1, '41': 3, '42': 1, '44': 3, '50': 1, '57': 1, '58': 2, '63': 1, '68': 1}",0.9305555555555556,0,0,8.340277777777779,35,0,0,1.7672652773196913,0.06295763361979173,1.3096367999678478,cuda
masked_bandit,full_day,102,102,288,True,False,345.68937506762666,"{'delivery': 571.3373524802212, 'protected_disconnect': 0.0, 'unprotected_disconnect': 0.0, 'sla_severity': -12.556749841450127, 'max_util': -209.28170033547082, 'overload': -0.46337237016320404, 'potential': 0.0011450642608945016, 'move_fixed': -1.44, 'move_volume': -0.30158564405697075, 'move_divergence': -1.6057142857142854, 'reversal': 0.0, 'invalid': 0.0}",True,127980.23783177958,126694.49420304198,0.9919051258337173,174,0,0,1.54724019438152,0.8185264377141751,0.13380733100339187,181,0.00026815530680740973,23.205850644767942,229.64058157609745,0.007897657432368326,18,0.75,0,0.0,1568.6552758233051,36,0.011029411764705881,0,0,0,0,"{'0': 270, '8': 1, '10': 1, '13': 3, '14': 3, '18': 1, '21': 1, '24': 1, '41': 1, '42': 1, '44': 1, '50': 1, '58': 1, '63': 1, '68': 1}",0.9375,0,0,6.194444444444445,34,0,0,1.602371879723958,0.06466388933606343,1.149237599922344,cuda
masked_bandit,full_day,103,103,288,True,False,340.09200149589844,"{'delivery': 570.7786366837452, 'protected_disconnect': 0.0, 'unprotected_disconnect': 0.0, 'sla_severity': -8.909789339294193, 'max_util': -215.86759002170493, 'overload': -0.4897317163737153, 'potential': -0.036866969406904065, 'move_fixed': -1.84, 'move_volume': -0.4312285696384197, 'move_divergence': -1.911428571428571, 'reversal': -1.2, 'invalid': 0.0}",True,129713.02888522299,128352.89766837028,0.990935133131502,173,0,0,1.5736607819958492,0.8272799479289505,0.13546013798348097,202,0.0002834095580866408,23.966728395436142,194.89031627676624,0.008802208427303677,23,0.9583333333333334,4,0.23529411764705882,2038.687670152826,46,0.01409313725490196,0,0,0,0,"{'0': 265, '8': 1, '10': 1, '13': 2, '14': 2, '18': 1, '21': 2, '24': 2, '41': 2, '44': 3, '49': 1, '50': 2, '58': 2, '59': 1, '68': 1}",0.9201388888888888,0,0,7.020833333333333,33,0,0,1.5542281192513958,0.06087638717468104,1.1519024999579415,cuda
masked_bandit,full_day,104,104,288,True,False,316.8568698648721,"{'delivery': 570.20073603369, 'protected_disconnect': 0.0, 'unprotected_disconnect': 0.0, 'sla_severity': -8.115079024017835, 'max_util': -239.60128220735487, 'overload': -0.5734776527642467, 'potential': -0.04030449999396815, 'move_fixed': -1.68, 'move_volume': -0.35372278468694995, 'move_divergence': -1.7799999999999996, 'reversal': -1.2, 'invalid': 0.0}",True,128652.52681452257,127136.92620664701,0.9899318333918229,142,0,0,1.5658376528384113,0.8661378582678226,0.13323701193149853,203,0.00033187364164597604,23.33928569975657,218.29844775883151,0.009781670056603707,21,0.875,4,0.23529411764705882,1694.0098450118091,42,0.012867647058823527,0,0,0,0,"{'0': 267, '8': 1, '10': 1, '13': 3, '14': 3, '18': 1, '21': 2, '24': 2, '26': 1, '41': 1, '44': 1, '49': 1, '50': 2, '58': 1, '68': 1}",0.9270833333333334,0,0,6.75,31,0,0,1.301866313749795,0.062218057185721896,1.0411112000001594,cuda
masked_bandit,full_day,105,105,288,True,False,358.5707624150908,"{'delivery': 571.7912456390127, 'protected_disconnect': 0.0, 'unprotected_disconnect': 0.0, 'sla_severity': -7.891014207959708, 'max_util': -201.3896186182168, 'overload': -0.4224365158656188, 'potential': -0.01786536950757869, 'move_fixed': -1.28, 'move_volume': -0.2395485123721765, 'move_divergence': -1.38, 'reversal': -0.6, 'invalid': 0.0}",True,128245.04234233435,127087.20712849316,0.9926931347899526,148,0,0,1.5488926798446394,0.8108204484350925,0.12999680454260565,180,0.000244465576311122,21.85019102167866,158.68423712703668,0.007104743477785286,16,0.6666666666666666,2,0.11764705882352941,1314.7208736931386,32,0.00980392156862745,0,0,0,0,"{'0': 272, '8': 1, '10': 1, '13': 2, '14': 3, '18': 1, '41': 1, '44': 2, '50': 1, '57': 1, '58': 2, '68': 1}",0.9444444444444444,0,0,5.770833333333333,35,0,0,1.3260861111727233,0.061833331629815,1.0326533999759704,cuda
masked_bandit,evening_peak,101,101,84,True,False,43.06494493501105,"{'delivery': 165.217013859707, 'protected_disconnect': 0.0, 'unprotected_disconnect': 0.0, 'sla_severity': -11.703362673748705, 'max_util': -108.8602432393429, 'overload': -0.3488310278486366, 'potential': 0.01642609100786707, 'move_fixed': -0.56, 'move_volume': -0.14462950333499489, 'move_divergence': -0.5514285714285714, 'reversal': 0.0, 'invalid': 0.0}",True,51881.82461700071,50907.302720673004,0.9834346063077798,136,0,0,1.5157859344894573,1.0055221416925209,0.17810164917166477,136,0.0006921250552552315,32.10227074974539,224.4812022675054,0.016360418029972436,7,1.0,0,0.0,876.0038476969904,14,0.014705882352941176,0,0,0,0,"{'0': 77, '8': 1, '10': 1, '14': 1, '18': 1, '50': 1, '58': 1, '68': 1}",0.9166666666666666,0,0,13.80952380952381,36,0,0,1.2389249999874405,0.0637130925454022,0.4001969000091776,cuda
masked_bandit,evening_peak,102,102,84,True,False,62.886308131015475,"{'delivery': 166.69810367985212, 'protected_disconnect': 0.0, 'unprotected_disconnect': 0.0, 'sla_severity': -6.484442924370492, 'max_util': -96.08976209776517, 'overload': -0.15104822143748164, 'potential': -0.015378111219892094, 'move_fixed': -0.48000000000000004, 'move_volume': -0.1254499083293084, 'move_divergence': -0.4657142857142857, 'reversal': 0.0, 'invalid': 0.0}",True,49555.60337852391,49132.121539607666,0.9922506171419769,77,0,0,1.4617627738793832,0.9539447472245352,0.16946415375367968,90,0.00029969885205849536,25.251403064331114,160.35649405060383,0.007616169239047811,6,0.8571428571428571,0,0.0,815.706941711375,12,0.01260504201680672,0,0,0,0,"{'0': 78, '8': 1, '14': 1, '18': 1, '50': 1, '58': 1, '68': 1}",0.9285714285714286,0,0,7.404761904761905,32,0,0,1.6831654717125708,0.06285833660513163,0.33874200005084276,cuda
masked_bandit,evening_peak,103,103,84,True,False,10.773331427826331,"{'delivery': 163.37709372915393, 'protected_disconnect': 0.0, 'unprotected_disconnect': 0.0, 'sla_severity': -21.19689022856852, 'max_util': -129.5351984220893, 'overload': -0.593276656249942, 'potential': -0.0167192686791878, 'move_fixed': -0.56, 'move_volume': -0.13310629716922484, 'move_divergence': -0.5685714285714285, 'reversal': 0.0, 'invalid': 0.0}",True,52731.81382448724,51146.325018266514,0.9724827007687734,183,0,0,1.4981028113337194,1.0821437049031415,0.18132787367327566,148,0.0011771362227181387,36.14022713608047,229.58189334410477,0.02713443325922896,7,1.0,0,0.0,843.9430903667943,14,0.014705882352941176,0,0,0,0,"{'0': 77, '8': 1, '14': 1, '18': 1, '42': 1, '50': 1, '58': 1, '68': 1}",0.9166666666666666,0,0,14.654761904761905,38,0,0,1.5773250072795366,0.06346428805651765,0.4656288999831304,cuda
masked_bandit,evening_peak,104,104,84,True,False,27.12164335582154,"{'delivery': 164.63380673443615, 'protected_disconnect': 0.0, 'unprotected_disconnect': 0.0, 'sla_severity': -15.764464159759767, 'max_util': -120.05182822375119, 'overload': -0.4370505601622586, 'potential': -0.01873155601392873, 'move_fixed': -0.56, 'move_volume': -0.11151745035604056, 'move_divergence': -0.5685714285714285, 'reversal': 0.0, 'invalid': 0.0}",True,52723.810206831295,51545.37548521637,0.9799631353240247,160,0,0,1.5899191559236392,1.0457008746737586,0.18086608912660168,142,0.0008671638098457511,32.77986892240363,224.388763085382,0.01965384018372716,7,1.0,0,0.0,740.5031529571786,14,0.014705882352941176,0,0,0,0,"{'0': 77, '8': 1, '14': 1, '18': 1, '42': 1, '50': 1, '58': 1, '68': 1}",0.9166666666666666,0,0,13.428571428571429,33,0,0,1.544020231536013,0.06030357603560246,0.408347399905324,cuda
masked_bandit,evening_peak,105,105,84,True,False,48.215915169579915,"{'delivery': 165.81490391305908, 'protected_disconnect': 0.0, 'unprotected_disconnect': 0.0, 'sla_severity': -8.270076459680627, 'max_util': -107.86019213933632, 'overload': -0.26871362102371027, 'potential': 0.036594704269144546, 'move_fixed': -0.56, 'move_volume': -0.12517265627906332, 'move_divergence': -0.5514285714285714, 'reversal': 0.0, 'invalid': 0.0}",True,50169.08640736607,49464.632125133954,0.9869934756729707,94,0,0,1.6248640363365083,1.0043351972581394,0.1711655862009354,86,0.0005331619464756155,26.460811985462215,168.0644544781985,0.012866026141400018,7,1.0,0,0.0,783.2363320381371,14,0.014705882352941175,0,0,0,0,"{'0': 77, '8': 1, '10': 1, '14': 1, '18': 1, '50': 1, '58': 1, '68': 1}",0.9166666666666666,0,0,5.940476190476191,31,0,0,1.2610095228800284,0.06789048174617901,0.3042246999684721,cuda
masked_bandit,flash_crowd,101,101,60,True,False,-30.646922693978297,"{'delivery': 112.94941651273278, 'protected_disconnect': 0.0, 'unprotected_disconnect': 0.0, 'sla_severity': -24.631679861319707, 'max_util': -114.91643564854614, 'overload': -1.097394642653046, 'potential': -0.009294363838063986, 'move_fixed': -1.04, 'move_volume': -0.17582040463983237, 'move_divergence': -1.1257142857142857, 'reversal': -0.6, 'invalid': 0.0}",True,39328.82899331873,36602.1145658955,0.9412451376061065,193,0,0,2.388915896695355,1.263683160528227,0.1874761429063102,145,0.0030483184518140167,44.59389415691755,247.34207884993552,0.05800673076705221,13,2.6,2,0.11764705882352941,1371.9861859772845,26,0.038235294117647055,0,0,0,0,"{'0': 47, '8': 1, '13': 1, '14': 2, '18': 1, '41': 1, '42': 2, '50': 1, '56': 1, '58': 1, '63': 1, '68': 1}",0.7833333333333333,0,0,17.65,40,0,0,1.4203466727243115,0.07525500647413234,0.4231344999279827,cuda
masked_bandit,flash_crowd,102,102,60,True,False,-18.99565827074406,"{'delivery': 113.695727111808, 'protected_disconnect': 0.0, 'unprotected_disconnect': 0.0, 'sla_severity': -22.84631504174241, 'max_util': -106.12924796742348, 'overload': -0.9749917838480662, 'potential': 0.04653383709886977, 'move_fixed': -0.9600000000000001, 'move_volume': -0.17879299806551385, 'move_divergence': -1.0485714285714285, 'reversal': -0.6, 'invalid': 0.0}",True,38819.954621211735,36372.88005000331,0.9474643925984,176,0,0,2.2918088136337285,1.201509045101837,0.1884047739589262,152,0.0027083105106890724,43.382274508922514,250.53053556359143,0.051398797321421406,12,2.4,2,0.11764705882352941,1305.3588143321535,24,0.035294117647058816,0,0,0,0,"{'0': 48, '8': 1, '10': 1, '13': 1, '14': 2, '18': 1, '41': 1, '42': 1, '50': 1, '58': 1, '63': 1, '68': 1}",0.8,0,0,16.6,38,0,0,1.398498328247418,0.0730116618797183,0.36059470009058714,cuda
masked_bandit,flash_crowd,103,103,60,True,False,-40.549693986995685,"{'delivery': 111.93511998294694, 'protected_disconnect': 0.0, 'unprotected_disconnect': 0.0, 'sla_severity': -26.556353273265692, 'max_util': -122.3016874194276, 'overload': -1.3395657753838621, 'potential': 0.04428224156868549, 'move_fixed': -0.8800000000000001, 'move_volume': -0.20577545771986924, 'move_divergence': -0.9457142857142855, 'reversal': -0.3, 'invalid': 0.0}",True,40401.39009538725,37087.24795636636,0.9327926665245578,203,0,0,2.4744105784865225,1.3245862256240126,0.195575705683966,159,0.0037210160427329506,46.48274079671204,247.03578209049905,0.06616657005536983,11,2.2,1,0.058823529411764705,1454.5735631056466,22,0.03235294117647059,0,0,0,0,"{'0': 49, '8': 1, '10': 1, '13': 1, '14': 2, '18': 1, '42': 1, '50': 1, '58': 1, '63': 1, '68': 1}",0.8166666666666667,0,0,18.55,38,0,0,1.4799716668979574,0.06144833556997279,0.3765048999339342,cuda
masked_bandit,flash_crowd,104,104,60,True,False,-32.384137860025426,"{'delivery': 113.91215453949629, 'protected_disconnect': 0.0, 'unprotected_disconnect': 0.0, 'sla_severity': -25.421075174669333, 'max_util': -118.3696308402461, 'overload': -0.9344689475556384, 'potential': 0.007834045128713678, 'move_fixed': -0.72, 'move_volume': -0.118951482179362, 'move_divergence': -0.74, 'reversal': 0.0, 'invalid': 0.0}",True,39904.029383603716,37536.62476164261,0.9492679544958024,207,0,0,2.2966466941091563,1.2710503639833968,0.1929704845386922,171,0.00259574707654344,45.25125395773071,247.42442669577395,0.049695977886125085,9,1.8,0,0.0,860.969078383159,18,0.026470588235294114,0,0,0,0,"{'0': 51, '8': 1, '10': 1, '14': 1, '18': 1, '42': 1, '50': 1, '58': 1, '63': 1, '68': 1}",0.85,0,0,21.066666666666666,38,0,0,1.7438333306927234,0.0733083327456067,0.4236068999161944,cuda
masked_bandit,flash_crowd,105,105,60,True,False,-40.21066884237293,"{'delivery': 112.00496441301783, 'protected_disconnect': 0.0, 'unprotected_disconnect': 0.0, 'sla_severity': -28.246458009389517, 'max_util': -119.71737615452608, 'overload': -1.4196759524766787, 'potential': 0.012849983245532569, 'move_fixed': -1.12, 'move_volume': -0.20925883652972893, 'move_divergence': -1.2157142857142855, 'reversal': -0.3, 'invalid': 0.0}",True,40497.55573466063,37017.37128852162,0.9333747034418153,205,0,0,2.3289814072035355,1.3119257941583926,0.19091813613619565,162,0.0039435443124352185,44.75198929425989,255.89926530782847,0.06532167656168368,14,2.8,1,0.058823529411764705,1479.4073719424969,26,0.038235294117647055,0,0,0,0,"{'0': 46, '8': 1, '10': 1, '13': 1, '14': 1, '18': 1, '41': 1, '42': 1, '50': 1, '56': 1, '58': 1, '62': 1, '63': 2, '68': 1}",0.7666666666666667,0,0,16.1,40,0,0,2.5321933266241103,0.0723700039088726,0.43764140002895147,cuda
masked_bandit,link_failure,101,101,60,True,False,-0.32975529652312385,"{'delivery': 116.6544888234187, 'protected_disconnect': 0.0, 'unprotected_disconnect': 0.0, 'sla_severity': -18.80806786713328, 'max_util': -94.69223644842437, 'overload': -0.3945920244145537, 'potential': -0.016261660436813583, 'move_fixed': -1.04, 'move_volume': -0.15308611953279425, 'move_divergence': -0.98, 'reversal': -0.8999999999999999, 'invalid': 0.0}",True,35194.5208685004,34150.16317318518,0.9721207401951558,153,0,0,1.5849002329435988,1.09504692773821,0.169481323261573,108,0.0010960889567070936,35.2389947498267,210.19732250353064,0.027559674654980423,13,2.6,3,0.17647058823529413,920.3487560627045,26,0.038235294117647055,0,4,0,0,"{'0': 47, '10': 1, '14': 1, '18': 1, '33': 1, '42': 3, '44': 3, '50': 1, '58': 1, '68': 1}",0.7833333333333333,0,0,15.733333333333333,34,0,0,1.8585016679329176,0.06846334047925969,0.36849140003323555,cuda
masked_bandit,link_failure,102,102,60,True,False,-7.135522780851615,"{'delivery': 116.46861757640595, 'protected_disconnect': 0.0, 'unprotected_disconnect': 0.0, 'sla_severity': -21.6544545753314, 'max_util': -97.79834196103259, 'overload': -0.40327598790173935, 'potential': 0.039646441446822576, 'move_fixed': -1.12, 'move_volume': -0.1448571315815141, 'move_divergence': -1.0228571428571427, 'reversal': -1.5, 'invalid': 0.0}",True,34963.72707453651,33915.272079892246,0.9705718131367163,167,0,0,1.6344018813051662,1.1130126269945044,0.17025587846653042,104,0.0011202110775048316,35.04164733090171,197.8021254780569,0.029144693859679063,14,2.8,5,0.29411764705882354,863.0461964348111,28,0.04117647058823529,0,4,0,0,"{'0': 46, '12': 1, '14': 1, '18': 1, '33': 1, '42': 4, '44': 3, '50': 1, '58': 1, '68': 1}",0.7666666666666667,0,0,15.016666666666667,33,0,0,1.200506657672425,0.06906665900411706,0.2760635999729857,cuda
masked_bandit,link_failure,103,103,60,True,False,-27.968647178916918,"{'delivery': 114.56324716989725, 'protected_disconnect': 0.0, 'unprotected_disconnect': 0.0, 'sla_severity': -29.09982365889292, 'max_util': -110.45090340307536, 'overload': -0.6711918764451055, 'potential': 0.03483108603962981, 'move_fixed': -0.9600000000000001, 'move_volume': -0.17337792501186433, 'move_divergence': -0.9114285714285713, 'reversal': -0.3, 'invalid': 0.0}",True,35823.8088412656,34114.89303099603,0.9546937264158104,205,0,0,1.7025222251646002,1.1943511982169188,0.17706042744939918,113,0.0018644218790141818,40.14437337715258,252.8,0.04486890848500386,12,2.4,1,0.058823529411764705,1073.3714881803844,24,0.03529411764705882,0,4,0,0,"{'0': 48, '8': 1, '12': 1, '14': 1, '18': 1, '33': 1, '42': 2, '44': 1, '50': 1, '58': 1, '62': 1, '68': 1}",0.8,0,0,15.033333333333333,38,0,0,1.2404366842626284,0.06430666932525735,0.32382519997190684,cuda
masked_bandit,link_failure,104,104,60,True,False,-23.089212229865584,"{'delivery': 115.91689085644198, 'protected_disconnect': 0.0, 'unprotected_disconnect': 0.0, 'sla_severity': -27.41987350753799, 'max_util': -106.89959407894887, 'overload': -0.47221786489401224, 'potential': -0.0011307661873872638, 'move_fixed': -1.2, 'move_volume': -0.1304297258821811, 'move_divergence': -1.0828571428571427, 'reversal': -1.7999999999999998, 'invalid': 0.0}",True,35925.56106899109,34687.93511213024,0.9659740904703499,191,0,0,1.7129078191787972,1.1575908619942283,0.17376913996792817,122,0.001311716291372256,37.82548722363865,244.3417671938604,0.0336360385847109,15,3.0,6,0.35294117647058826,794.6372446794961,30,0.04411764705882352,0,4,0,0,"{'0': 45, '12': 1, '14': 1, '18': 1, '33': 1, '42': 4, '44': 4, '50': 1, '58': 1, '68': 1}",0.75,0,0,17.55,35,0,0,1.4070650077580165,0.06375832987638812,0.3365695000393316,cuda
masked_bandit,link_failure,105,105,60,True,False,-15.756059622942894,"{'delivery': 115.45577675042222, 'protected_disconnect': 0.0, 'unprotected_disconnect': 0.0, 'sla_severity': -22.526198716361606, 'max_util': -106.05019380285952, 'overload': -0.5764624884083979, 'potential': -0.017110517121087077, 'move_fixed': -0.7999999999999999, 'move_volume': -0.16758513432877692, 'move_divergence': -0.7742857142857142, 'reversal': -0.3, 'invalid': 0.0}",True,35702.181458913954,34271.48656215148,0.9621314729201852,163,0,0,1.8836241994094984,1.1745832153938802,0.17033092511277872,86,0.0016012846900233272,33.93721359982916,163.20603044688667,0.037552754077883735,10,2.0,1,0.058823529411764705,1114.7890809166774,18,0.026470588235294117,0,4,0,0,"{'0': 50, '8': 1, '14': 1, '18': 1, '33': 1, '42': 2, '44': 1, '50': 1, '58': 1, '68': 1}",0.8333333333333334,0,0,13.666666666666666,31,0,0,1.4085266661519806,0.06936166901141405,0.3169771999819204,cuda
masked_bandit,deceptive_local_optimum,101,101,60,True,False,94.88765255288047,"{'delivery': 119.99359027274215, 'protected_disconnect': 0.0, 'unprotected_disconnect': 0.0, 'sla_severity': -0.033349554093368816, 'max_util': -23.97967131052834, 'overload': 0.0, 'potential': -0.010445483217630006, 'move_fixed': -0.48000000000000004, 'move_volume': -0.1138999434509057, 'move_divergence': -0.4885714285714285, 'reversal': 0.0, 'invalid': 0.0}",True,25725.33935464404,25723.83576771234,0.9999465856061847,2,0,0,0.9977168594911581,0.7489442122121368,0.12230367297947484,8,0.0,16.6546625094671,84.4868015570213,5.247327098616232e-05,6,1.2,0,0.0,533.6843240474767,10,0.014705882352941175,0,0,0,0,"{'0': 54, '8': 1, '14': 1, '18': 1, '50': 1, '59': 1, '68': 1}",0.9,0,0,1.0,1,0,0,1.2872100012221683,0.06601333152502775,0.17749490006826818,cuda
masked_bandit,deceptive_local_optimum,102,102,60,True,False,99.32797610276086,"{'delivery': 119.9979346559237, 'protected_disconnect': 0.0, 'unprotected_disconnect': 0.0, 'sla_severity': 0.0, 'max_util': -19.73703273518428, 'overload': 0.0, 'potential': -0.010600828102714696, 'move_fixed': -0.4, 'move_volume': -0.09803927559012232, 'move_divergence': -0.42428571428571427, 'reversal': 0.0, 'invalid': 0.0}",True,25520.610653040978,25520.19280022857,0.9999827887993642,0,0,0,0.9574254589648227,0.707867422541589,0.12407413396211239,7,0.0,16.408516545177974,58.61220957387617,1.6530904848678826e-05,5,1.0,0,0.0,443.81176134045245,10,0.014705882352941175,0,0,0,0,"{'0': 55, '8': 1, '14': 1, '18': 1, '24': 1, '68': 1}",0.9166666666666666,0,0,1.0,1,0,0,1.1500666674692184,0.06391332911637922,0.16742620000150055,cuda
masked_bandit,deceptive_local_optimum,103,103,60,True,False,96.26225196159437,"{'delivery': 119.97873855561558, 'protected_disconnect': 0.0, 'unprotected_disconnect': 0.0, 'sla_severity': -0.29123187173507814, 'max_util': -21.6990940566166, 'overload': -0.0009185071860029682, 'potential': -0.010312318647740931, 'move_fixed': -0.56, 'move_volume': -0.2249298398357774, 'move_divergence': -0.6299999999999999, 'reversal': -0.3, 'invalid': 0.0}",True,26020.410315509478,26015.739700487597,0.9998228212967964,9,0,0,1.040867335398111,0.7181851254843761,0.12582657051522492,9,2.551408850008245e-06,16.631714699689798,80.1204862381024,0.00017251661166022393,7,1.4,1,0.058823529411764705,1078.4929936302676,14,0.020588235294117647,0,0,0,0,"{'0': 53, '8': 1, '13': 1, '14': 2, '18': 1, '24': 1, '68': 1}",0.8833333333333333,0,0,1.0,1,0,0,1.2938949997381617,0.05944335522751013,0.1723014999879524,cuda
masked_bandit,deceptive_local_optimum,104,104,60,True,False,103.26085658999642,"{'delivery': 119.99043315272698, 'protected_disconnect': 0.0, 'unprotected_disconnect': 0.0, 'sla_severity': -0.10532713079557035, 'max_util': -15.867935655362828, 'overload': -0.0004348523372353035, 'potential': -0.010897316225365966, 'move_fixed': -0.32, 'move_volume': -0.09069589372384408, 'move_divergence': -0.33428571428571424, 'reversal': 0.0, 'invalid': 0.0}",True,26045.279641573266,26043.050390659464,0.9999202762727248,3,0,0,1.0326139252926478,0.6980119253593385,0.12445729404426135,1,1.2079231589869542e-06,16.094839646404456,76.11079497655172,7.748133229891035e-05,4,0.8,0,0.0,438.3218209032348,8,0.01176470588235294,0,0,0,0,"{'0': 56, '8': 1, '14': 1, '18': 1, '68': 1}",0.9333333333333333,0,0,1.0,1,0,0,0.9997966699302197,0.06495833319301407,0.15194629994221032,cuda
masked_bandit,deceptive_local_optimum,105,105,60,True,False,93.4943951550978,"{'delivery': 119.92847296423696, 'protected_disconnect': 0.0, 'unprotected_disconnect': 0.0, 'sla_severity': -0.44931963954197246, 'max_util': -25.02223806396126, 'overload': -0.005729645098305052, 'potential': -0.010522524655339476, 'move_fixed': -0.4, 'move_volume': -0.12198222159654809, 'move_divergence': -0.42428571428571427, 'reversal': 0.0, 'invalid': 0.0}",True,26192.68895057379,26175.12024996475,0.9994039413686413,5,0,0,1.1782809246253918,0.7303824145757324,0.12553094576622606,8,1.5915680828625145e-05,17.16103722114357,138.35156306018547,0.000597418637127026,5,1.0,0,0.0,572.3500909185422,10,0.014705882352941176,0,0,0,0,"{'0': 55, '8': 1, '14': 1, '18': 1, '24': 1, '68': 1}",0.9166666666666666,0,0,1.4333333333333333,27,0,0,0.7427583273965865,0.06442333882053693,0.14292899996507913,cuda
masked_bandit,ood_double_failure,101,101,60,True,False,-184.1274334497171,"{'delivery': 109.13785206508844, 'protected_disconnect': -178.57142857142858, 'unprotected_disconnect': -58.823529411764696, 'sla_severity': -6.754338968042295, 'max_util': -44.49319276239003, 'overload': -0.014030886203203615, 'potential': 0.005464604063972974, 'move_fixed': -1.84, 'move_volume': -0.3099438047549927, 'move_divergence': -1.864285714285714, 'reversal': -0.6, 'invalid': 0.0}",True,27339.738193055007,24969.780966186623,0.9094821005424036,165,25,75,1.121702070517392,0.8385975166890465,0.12472617111387627,32,3.897468389778782e-05,19.57760358424811,132.16290612349496,0.09041762457083638,23,4.6,2,0.11764705882352941,1514.216614688732,46,0.06764705882352941,0,7,4,4,"{'0': 37, '14': 1, '15': 2, '18': 2, '21': 1, '23': 1, '29': 1, '30': 1, '41': 1, '42': 3, '44': 2, '47': 1, '50': 1, '55': 1, '62': 1, '63': 1, '67': 1, '68': 2}",0.6166666666666667,0,0,3.45,27,0,0,0.7258033360509822,0.057126667040089764,0.1535387000767514,cuda
masked_bandit,ood_double_failure,102,102,60,True,False,-187.84381455967596,"{'delivery': 107.11450288663578, 'protected_disconnect': -178.57142857142858, 'unprotected_disconnect': -58.823529411764696, 'sla_severity': -6.508000848828361, 'max_util': -48.09960907386814, 'overload': -0.018540186934431477, 'potential': 0.014106311888786183, 'move_fixed': -1.2, 'move_volume': -0.2884585225191668, 'move_divergence': -1.1628571428571428, 'reversal': -0.3, 'invalid': 0.0}",True,27016.54975637489,24255.82506159651,0.8926208573886315,165,25,75,1.1450445780455858,0.8559956683013561,0.1227652469091463,30,5.150051926230967e-05,18.825152471420758,133.83803012929562,0.10738613668961386,15,3.0,1,0.058823529411764705,1449.3439778862148,30,0.044117647058823525,0,8,4,4,"{'0': 45, '14': 2, '15': 1, '18': 2, '21': 1, '23': 2, '42': 1, '44': 1, '45': 1, '47': 1, '55': 1, '63': 1, '68': 1}",0.75,0,0,3.816666666666667,27,0,0,0.7718116588269671,0.05921667519335946,0.15295120002701879,cuda
masked_bandit,ood_double_failure,103,103,60,True,False,-192.53232663793688,"{'delivery': 107.80878147004063, 'protected_disconnect': -178.57142857142858, 'unprotected_disconnect': -58.823529411764696, 'sla_severity': -6.927260961071637, 'max_util': -52.96762189351798, 'overload': -0.021825625373132485, 'potential': 0.005927278720828595, 'move_fixed': -1.28, 'move_volume': -0.23822606639942906, 'move_divergence': -1.217142857142857, 'reversal': -0.3, 'invalid': 0.0}",True,27450.495595281656,24676.967800184837,0.8984065122503385,167,25,75,1.2112515650663427,0.8712367703201195,0.126608212332554,34,6.062673714759023e-05,19.361790322254063,134.1857768215661,0.10158988961481911,16,3.2,1,0.058823529411764705,1197.3698499425927,32,0.04705882352941176,0,7,4,4,"{'0': 44, '14': 1, '15': 2, '18': 2, '23': 1, '42': 2, '44': 3, '47': 1, '55': 1, '67': 1, '68': 2}",0.7333333333333333,0,0,3.183333333333333,26,0,0,0.7331699889618903,0.06165498440774778,0.14744149998296052,cuda
masked_bandit,ood_double_failure,104,104,60,True,False,-170.01313642988643,"{'delivery': 107.54896634787407, 'protected_disconnect': -178.57142857142858, 'unprotected_disconnect': -58.823529411764696, 'sla_severity': -0.8128039340121949, 'max_util': -37.36502369615326, 'overload': -0.002456259888585916, 'potential': 0.01966677150796007, 'move_fixed': -0.88, 'move_volume': -0.2293848188782738, 'move_divergence': -0.897142857142857, 'reversal': 0.0, 'invalid': 0.0}",True,27791.706371086435,25005.177009759398,0.8962413862322839,111,25,75,1.1463806596493795,0.8097900288706686,0.1281328672944211,16,6.822944134960878e-06,16.471137603945603,85.97167492773698,0.10381697402777545,11,2.2,0,0.0,1210.056334521686,22,0.032352941176470584,0,8,4,4,"{'0': 49, '12': 1, '14': 1, '15': 2, '18': 2, '23': 1, '30': 1, '45': 1, '47': 1, '68': 1}",0.8166666666666667,0,0,1.2166666666666666,14,0,0,0.8379883249290287,0.055381665394331016,0.14078699995297939,cuda
masked_bandit,ood_double_failure,105,105,60,True,False,-202.68753137621894,"{'delivery': 106.99975999522636, 'protected_disconnect': -178.57142857142858, 'unprotected_disconnect': -58.823529411764696, 'sla_severity': -11.719386428797684, 'max_util': -57.25073327724328, 'overload': -0.021997056201246815, 'potential': 0.006561656126249243, 'move_fixed': -1.36, 'move_volume': -0.25963542499320114, 'move_divergence': -1.387142857142857, 'reversal': -0.3, 'invalid': 0.0}",True,27493.320278175557,24418.03279802786,0.8916646666268863,191,25,75,1.1073462893983768,0.8925261461899018,0.12179595548375668,31,6.110293389235226e-05,20.08722886408821,140.48438026757623,0.10827011074020482,17,3.4,1,0.058823529411764705,1377.057472523666,32,0.04705882352941176,0,8,4,4,"{'0': 43, '14': 2, '15': 2, '18': 2, '21': 1, '23': 1, '38': 1, '42': 2, '44': 1, '47': 1, '67': 2, '68': 2}",0.7166666666666667,0,0,3.35,29,0,0,0.7218950020615011,0.07261666857327025,0.16206540004350245,cuda
masked_bandit,overload_stress,101,101,48,True,False,-67.25139954448193,"{'delivery': 86.91911164057649, 'protected_disconnect': 0.0, 'unprotected_disconnect': 0.0, 'sla_severity': -39.205311450998884, 'max_util': -111.96092099093357, 'overload': -1.5915554394947786, 'potential': 0.023684011655367987, 'move_fixed': -0.64, 'move_volume': -0.14212160100082713, 'move_divergence': -0.6542857142857141, 'reversal': 0.0, 'invalid': 0.0}",True,40681.66414268056,36635.11152786203,0.9054074129226718,281,0,0,1.8081771392871375,1.3735411779936892,0.23857716878712865,236,0.005526234164912426,66.49037858896249,230.56575509140725,0.09375070681638205,8,2.0,0,0.0,1234.280116358269,16,0.02941176470588235,0,0,0,0,"{'0': 40, '8': 1, '14': 1, '18': 1, '42': 1, '50': 1, '58': 1, '63': 1, '68': 1}",0.8333333333333334,0,0,30.833333333333332,40,0,0,1.0517083307301316,0.061681254010181874,0.4295214999001473,cuda
masked_bandit,overload_stress,102,102,48,True,False,-64.01190623790129,"{'delivery': 86.71056086691428, 'protected_disconnect': 0.0, 'unprotected_disconnect': 0.0, 'sla_severity': -37.639256640510936, 'max_util': -110.14088344542412, 'overload': -1.686336783079521, 'potential': 0.02574585946823313, 'move_fixed': -0.56, 'move_volume': -0.13602180955493004, 'move_divergence': -0.5857142857142856, 'reversal': 0.0, 'invalid': 0.0}",True,40642.53764191775,36434.61204260963,0.903235009030357,279,0,0,1.792156268628934,1.3668282693635738,0.23834578453530506,230,0.005855336052359448,63.030613520086945,228.89290563516994,0.09577446040370714,7,1.75,0,0.0,1146.5784688103454,14,0.02573529411764706,0,0,0,0,"{'0': 41, '8': 1, '14': 1, '18': 1, '42': 1, '50': 1, '58': 1, '63': 1}",0.8541666666666666,0,0,31.458333333333332,40,0,0,1.9753875021706335,0.0630999929853715,0.474374599987641,cuda
masked_bandit,overload_stress,103,103,48,True,False,-85.10678640397259,"{'delivery': 84.66672337869656, 'protected_disconnect': 0.0, 'unprotected_disconnect': 0.0, 'sla_severity': -45.98124401048493, 'max_util': -120.45686619982102, 'overload': -2.0831058860254403, 'potential': 0.0082755172238595, 'move_fixed': -0.56, 'move_volume': -0.11485491784732768, 'move_divergence': -0.5857142857142856, 'reversal': 0.0, 'invalid': 0.0}",True,42343.42312225444,37179.335988893756,0.8819450351947559,301,0,0,1.936914205447752,1.4655848220894734,0.24797455891235431,225,0.0072330065486994445,68.28730474864356,256.37642899788693,0.11724410664666324,7,1.75,0,0.0,1047.7544842948632,14,0.025735294117647054,0,0,0,0,"{'0': 41, '8': 1, '14': 1, '18': 1, '42': 1, '50': 1, '58': 1, '63': 1}",0.8541666666666666,0,0,33.291666666666664,40,0,0,1.8728625048728038,0.06554374946669365,0.5083237999351695,cuda
masked_bandit,overload_stress,104,104,48,True,False,-75.87274468096217,"{'delivery': 86.2236851001648, 'protected_disconnect': 0.0, 'unprotected_disconnect': 0.0, 'sla_severity': -45.019790351315066, 'max_util': -113.27720690984464, 'overload': -1.7315871430351772, 'potential': 0.005934154191911997, 'move_fixed': -0.8, 'move_volume': -0.1594938168383081, 'move_divergence': -0.8142857142857143, 'reversal': -0.3, 'invalid': 0.0}",True,41429.31860928934,37041.415698752666,0.89816338646005,315,0,0,1.6566780234219334,1.387221399632195,0.24247912304716138,261,0.006012455357761032,68.87960726797705,226.44316868980286,0.10108188236334831,10,2.5,1,0.058823529411764705,1396.834896026421,20,0.03676470588235294,0,0,0,0,"{'0': 38, '8': 1, '14': 1, '18': 1, '42': 1, '50': 1, '57': 1, '58': 2, '63': 1, '68': 1}",0.7916666666666666,0,0,31.875,40,0,0,2.5321145900913202,0.06288957471648852,0.5224696000805125,cuda
masked_bandit,overload_stress,105,105,48,True,False,-77.91741736950397,"{'delivery': 85.78822334748634, 'protected_disconnect': 0.0, 'unprotected_disconnect': 0.0, 'sla_severity': -43.08296905749642, 'max_util': -117.45655754343784, 'overload': -1.9480212239976724, 'potential': 0.055041057713030375, 'move_fixed': -0.5599999999999999, 'move_volume': -0.1274196640571072, 'move_divergence': -0.5857142857142855, 'reversal': 0.0, 'invalid': 0.0}",True,43103.24893855558,38223.46436319641,0.893627326536316,318,0,0,1.8929362398418756,1.444075266914507,0.25012136011998254,252,0.006763962583325251,67.15277985849598,226.99282580507662,0.10541594193333197,7,1.75,0,0.0,1170.839691570569,14,0.02573529411764706,0,0,0,0,"{'0': 41, '8': 1, '14': 1, '18': 1, '42': 1, '50': 1, '58': 1, '63': 1}",0.8541666666666666,0,0,31.5625,37,0,0,1.7924500013274762,0.06559374742209911,0.47900499997194856,cuda
static,full_day,101,101,288,True,False,-46.293218892386435,"{'delivery': 548.3386665745537, 'protected_disconnect': 0.0, 'unprotected_disconnect': 0.0, 'sla_severity': -114.65038855268523, 'max_util': -476.90873098470115, 'overload': -3.0301606017927822, 'potential': -0.042605327761053566, 'move_fixed': 0.0, 'move_volume': 0.0, 'move_divergence': 0.0, 'reversal': 0.0, 'invalid': 0.0}",True,131796.47709213276,124375.54867206077,0.9519768516919336,835,0,0,1.901697584970651,1.1409631067691417,0.12447915956535621,338,0.0017535651630745267,33.434347662575455,193.9825356784243,0.04752401794205544,0,0.0,0,0.0,0.0,0,0.0,0,0,0,0,{'0': 288},1.0,0,0,11.118055555555555,32,0,0,0.004439238384495386,0.06369479564859325,0.9018467999994755,cpu
static,full_day,102,102,288,True,False,21.891110554986895,"{'delivery': 554.0679437217407, 'protected_disconnect': 0.0, 'unprotected_disconnect': 0.0, 'sla_severity': -99.50771104530683, 'max_util': -430.21074082954925, 'overload': -2.476883612825194, 'potential': 0.018502320927519134, 'move_fixed': 0.0, 'move_volume': 0.0, 'move_divergence': 0.0, 'reversal': 0.0, 'invalid': 0.0}",True,127980.23783177958,121919.19852511626,0.9619235134057997,706,0,0,2.1004074126314216,1.0930772190679192,0.12157718207891399,298,0.00143338172038495,29.986688808900883,194.02154215939933,0.037602059889966524,0,0.0,0,0.0,0.0,0,0.0,0,0,0,0,{'0': 288},1.0,0,0,9.899305555555555,33,0,0,0.004171528821138458,0.06216909484161685,0.8041083998978138,cpu
static,full_day,103,103,288,True,False,4.813195261469026,"{'delivery': 554.9471657017095, 'protected_disconnect': 0.0, 'unprotected_disconnect': 0.0, 'sla_severity': -105.50412178149661, 'max_util': -442.3793694035165, 'overload': -2.2070875792194595, 'potential': -0.043391676008009035, 'move_fixed': 0.0, 'move_volume': 0.0, 'move_divergence': 0.0, 'reversal': 0.0, 'invalid': 0.0}",True,129713.02888522299,124218.29406871152,0.9634499404543568,759,0,0,1.819439181205724,1.0965907549455838,0.12369857502006819,331,0.0012772497564927426,31.336079448418545,193.9654308917592,0.03596542982323406,0,0.0,0,0.0,0.0,0,0.0,0,0,0,0,{'0': 288},1.0,0,0,10.465277777777779,33,0,0,0.004100352574217443,0.06326839987499018,0.829621099983342,cpu
static,full_day,104,104,288,True,False,4.857670251221741,"{'delivery': 552.8524173292093, 'protected_disconnect': 0.0, 'unprotected_disconnect': 0.0, 'sla_severity': -104.60496499650242, 'max_util': -440.83506949930376, 'overload': -2.514575239843275, 'potential': -0.040137342338101234, 'move_fixed': 0.0, 'move_volume': 0.0, 'move_divergence': 0.0, 'reversal': 0.0, 'invalid': 0.0}",True,128652.52681452257,122495.96079570745,0.9598132245298773,760,0,0,1.909438781551957,1.1021988762224568,0.12133060385366466,296,0.0014551940045389323,30.53944900466398,153.91744996702658,0.03960073250225441,0,0.0,0,0.0,0.0,0,0.0,0,0,0,0,{'0': 288},1.0,0,0,10.524305555555555,32,0,0,0.004714926843816001,0.06853229206171818,0.8948089999612421,cpu
static,full_day,105,105,288,True,False,39.264813462368586,"{'delivery': 555.2356271236378, 'protected_disconnect': 0.0, 'unprotected_disconnect': 0.0, 'sla_severity': -101.04949314851663, 'max_util': -412.5967639493979, 'overload': -2.3261416809979485, 'potential': 0.0015851176432056004, 'move_fixed': 0.0, 'move_volume': 0.0, 'move_divergence': 0.0, 'reversal': 0.0, 'invalid': 0.0}",True,128245.04234233435,122531.08721368652,0.9639507415340933,700,0,0,2.059545537798127,1.0722129429577443,0.1209185649225557,271,0.001346146806133072,29.257495202753276,193.47943643826522,0.0354637196754806,0,0.0,0,0.0,0.0,0,0.0,0,0,0,0,{'0': 288},1.0,0,0,8.072916666666666,33,0,0,0.004293053886309887,0.06556632150831218,0.7504560999805108,cpu
static,evening_peak,101,101,84,True,False,-118.01877882501769,"{'delivery': 152.3531754136868, 'protected_disconnect': 0.0, 'unprotected_disconnect': 0.0, 'sla_severity': -64.69549747055473, 'max_util': -203.50468868695387, 'overload': -2.159600177461598, 'potential': -0.012167903734273244, 'move_fixed': 0.0, 'move_volume': 0.0, 'move_divergence': 0.0, 'reversal': 0.0, 'invalid': 0.0}",True,51881.82461700071,46731.45730054708,0.9068641393671835,361,0,0,2.3177927728737515,1.4704581876956586,0.15965306407739566,142,0.004284920987026979,40.94949691577061,195.12756965626772,0.09256197868395905,0,0.0,0,0.0,0.0,0,0.0,0,0,0,0,{'0': 84},1.0,0,0,20.44047619047619,33,0,0,0.00424880168533751,0.0626928563828447,0.4142445999896154,cpu
static,evening_peak,102,102,84,True,False,-92.97810164100042,"{'delivery': 156.8706458933951, 'protected_disconnect': 0.0, 'unprotected_disconnect': 0.0, 'sla_severity': -56.7886655547941, 'max_util': -191.60684520411775, 'overload': -1.4232808606458656, 'potential': -0.029955914837834018, 'move_fixed': 0.0, 'move_volume': 0.0, 'move_divergence': 0.0, 'reversal': 0.0, 'invalid': 0.0}",True,49555.60337852391,46117.80629020488,0.9337538446035423,340,0,0,2.062599552400391,1.375757034363541,0.15488682109706758,122,0.0028239699615989385,36.410543091690776,143.06864352480244,0.06562830050051076,0,0.0,0,0.0,0.0,0,0.0,0,0,0,0,{'0': 84},1.0,0,0,16.30952380952381,32,0,0,0.008609531159024863,0.062392855484393384,0.3039607999380678,cpu
static,evening_peak,103,103,84,True,False,-133.79265305352456,"{'delivery': 150.01581746029206, 'protected_disconnect': 0.0, 'unprotected_disconnect': 0.0, 'sla_severity': -68.25581382197323, 'max_util': -213.02047935027386, 'overload': -2.5026002471301396, 'potential': -0.029577094439314403, 'move_fixed': 0.0, 'move_volume': 0.0, 'move_divergence': 0.0, 'reversal': 0.0, 'invalid': 0.0}",True,52731.81382448724,46797.53822374891,0.8929512944065003,388,0,0,2.0790420955575883,1.5087964793091075,0.1612984322818615,151,0.004965476680813769,42.350358673002766,164.19790879078283,0.10640025626462812,0,0.0,0,0.0,0.0,0,0.0,0,0,0,0,{'0': 84},1.0,0,0,20.452380952380953,35,0,0,0.004765472286159084,0.06773094702068538,0.4347722999518737,cpu
static,evening_peak,104,104,84,True,False,-120.8862033142393,"{'delivery': 152.2528433365702, 'protected_disconnect': 0.0, 'unprotected_disconnect': 0.0, 'sla_severity': -64.74898600458737, 'max_util': -206.1960887264467, 'overload': -2.1768413042008348, 'potential': -0.017130615574573273, 'move_fixed': 0.0, 'move_volume': 0.0, 'move_divergence': 0.0, 'reversal': 0.0, 'invalid': 0.0}",True,52723.810206831295,47522.2082785169,0.9062669246224417,371,0,0,2.238178307016467,1.470032318568993,0.1618020510427912,148,0.004319129571827053,41.81115068703685,194.8890216046516,0.09309934188896653,0,0.0,0,0.0,0.0,0,0.0,0,0,0,0,{'0': 84},1.0,0,0,21.797619047619047,33,0,0,0.0047321511720795,0.06497500275838233,0.44777670002076775,cpu
static,evening_peak,105,105,84,True,False,-120.61433263821137,"{'delivery': 153.3096343919644, 'protected_disconnect': 0.0, 'unprotected_disconnect': 0.0, 'sla_severity': -63.4759898373413, 'max_util': -208.5471809299256, 'overload': -1.92900125031459, 'potential': 0.028204987405679473, 'move_fixed': 0.0, 'move_volume': 0.0, 'move_divergence': 0.0, 'reversal': 0.0, 'invalid': 0.0}",True,50169.08640736607,45582.973489743104,0.9125573475712168,344,0,0,2.1673647370963818,1.4752853376594308,0.15333543630581684,110,0.0038273834331638687,37.865941368090205,149.94390621559316,0.08681622120212025,0,0.0,0,0.0,0.0,0,0.0,0,0,0,0,{'0': 84},1.0,0,0,18.107142857142858,35,0,0,0.004524994264578535,0.06391546949522481,0.33379549998790026,cpu
static,flash_crowd,101,101,60,True,False,-103.54540417236302,"{'delivery': 105.08015488123246, 'protected_disconnect': 0.0, 'unprotected_disconnect': 0.0, 'sla_severity': -52.65840385964228, 'max_util': -153.65363996838968, 'overload': -2.2867323827620494, 'potential': -0.02678284280150206, 'move_fixed': 0.0, 'move_volume': 0.0, 'move_divergence': 0.0, 'reversal': 0.0, 'invalid': 0.0}",True,39328.82899331873,33915.258749605244,0.8756679573436038,299,0,0,3.1287878997940166,1.565102819588008,0.1677376646885394,141,0.006352034396561247,47.72178260567187,194.48493783092061,0.12327729041368275,0,0.0,0,0.0,0.0,0,0.0,0,0,0,0,{'0': 60},1.0,0,0,23.3,35,0,0,0.004848327565317352,0.06343166072232027,0.3474828000180423,cpu
static,flash_crowd,102,102,60,True,False,-112.25121333646987,"{'delivery': 105.13147012988564, 'protected_disconnect': 0.0, 'unprotected_disconnect': 0.0, 'sla_severity': -55.72532090616827, 'max_util': -159.4523738660872, 'overload': -2.2367031260276002, 'potential': 0.03171443192758229, 'move_fixed': 0.0, 'move_volume': 0.0, 'move_divergence': 0.0, 'reversal': 0.0, 'invalid': 0.0}",True,38819.954621211735,33511.123492384926,0.8760955844157137,308,0,0,2.5532337424998635,1.5881531863073592,0.16707360168146307,131,0.006213064238965554,48.2626146155173,194.28247296563913,0.12233637458927182,0,0.0,0,0.0,0.0,0,0.0,0,0,0,0,{'0': 60},1.0,0,0,24.533333333333335,36,0,0,0.004620006075128913,0.06367333504992227,0.3346005999483168,cpu
static,flash_crowd,103,103,60,True,False,-132.40570719683402,"{'delivery': 102.34520433362378, 'protected_disconnect': 0.0, 'unprotected_disconnect': 0.0, 'sla_severity': -62.98719212171404, 'max_util': -169.0288122221521, 'overload': -2.748789877196118, 'potential': 0.01388269060445856, 'move_fixed': 0.0, 'move_volume': 0.0, 'move_divergence': 0.0, 'reversal': 0.0, 'invalid': 0.0}",True,40401.39009538725,33891.670434531385,0.8528767027801982,340,0,0,2.6050030509623103,1.6786008544929512,0.17206516773716407,136,0.007635527436655883,51.77234098462395,195.39813831178674,0.1458437474219242,0,0.0,0,0.0,0.0,0,0.0,0,0,0,0,{'0': 60},1.0,0,0,24.95,35,0,0,0.004583327487731974,0.0627316670337071,0.3738173000747338,cpu
static,flash_crowd,104,104,60,True,False,-124.4348539017942,"{'delivery': 103.71047684759907, 'protected_disconnect': 0.0, 'unprotected_disconnect': 0.0, 'sla_severity': -61.03176149783653, 'max_util': -164.69149173064002, 'overload': -2.403137260920556, 'potential': -0.018940259996210844, 'move_fixed': 0.0, 'move_volume': 0.0, 'move_divergence': 0.0, 'reversal': 0.0, 'invalid': 0.0}",True,39904.029383603716,34205.580471881854,0.8642539737299922,329,0,0,2.1173173161503587,1.6127993210893845,0.17009750632477483,138,0.006675381280334878,48.85851885638006,195.692727523663,0.13457461866418857,0,0.0,0,0.0,0.0,0,0.0,0,0,0,0,{'0': 60},1.0,0,0,27.366666666666667,35,0,0,0.004403335818399985,0.05990832772416373,0.3969462999375537,cpu
static,flash_crowd,105,105,60,True,False,-134.87956569332277,"{'delivery': 102.33407376642823, 'protected_disconnect': 0.0, 'unprotected_disconnect': 0.0, 'sla_severity': -60.838744333729466, 'max_util': -173.48379329018658, 'overload': -2.8633295504949454, 'potential': -0.027772285340075743, 'move_fixed': 0.0, 'move_volume': 0.0, 'move_divergence': 0.0, 'reversal': 0.0, 'invalid': 0.0}",True,40497.55573466063,33768.045836233476,0.8527839480535686,331,0,0,2.8546797207548473,1.7285419723842737,0.16837790479803033,132,0.00795369319581929,48.125123563441846,166.5389780999626,0.1457012960100158,0,0.0,0,0.0,0.0,0,0.0,0,0,0,0,{'0': 60},1.0,0,0,22.933333333333334,36,0,0,0.004323329388474424,0.06276000446329515,0.3202598000643775,cpu
static,link_failure,101,101,60,True,False,-49.089993906678984,"{'delivery': 112.68975955270544, 'protected_disconnect': 0.0, 'unprotected_disconnect': 0.0, 'sla_severity': -37.389799983552145, 'max_util': -122.18084235265506, 'overload': -0.9627009837869757, 'potential': -0.03941871803723127, 'move_fixed': -0.48, 'move_volume': -0.13270570706728366, 'move_divergence': -0.5942857142857142, 'reversal': 0.0, 'invalid': 0.0}",True,35194.5208685004,32846.766962420894,0.9390813296058786,240,0,0,2.139807880483975,1.2880868260963048,0.16102272309511392,110,0.0026741693994082657,38.47345708401623,222.56776209833066,0.06035862763025442,6,1.2,0,0.0,944.1434327079226,12,0.01764705882352941,0,6,0,0,"{'0': 54, '13': 1, '17': 1, '25': 1, '29': 1, '33': 1, '53': 1}",0.9,0,0,16.133333333333333,35,0,0,0.009056658018380404,0.0684216715550671,0.22331040003336966,cpu
static,link_failure,102,102,60,True,False,-64.03100005513622,"{'delivery': 112.39484402724172, 'protected_disconnect': 0.0, 'unprotected_disconnect': 0.0, 'sla_severity': -41.86361678220308, 'max_util': -132.4086667085876, 'overload': -0.9619211249365585, 'potential': 0.02262826319722224, 'move_fixed': -0.48, 'move_volume': -0.13998201556225204, 'move_divergence': -0.5942857142857142, 'reversal': 0.0, 'invalid': 0.0}",True,34963.72707453651,32605.645824794898,0.9366237002270144,259,0,0,1.9258483788718803,1.339678426643948,0.16108991520631494,107,0.002672003124823773,39.7259698192369,196.61928760114213,0.06281472621381194,6,1.2,0,0.0,946.5334001049778,12,0.01764705882352941,0,6,0,0,"{'0': 54, '13': 1, '17': 1, '25': 1, '29': 1, '33': 1, '53': 1}",0.9,0,0,14.733333333333333,33,0,0,0.0082949991337955,0.0635516713373363,0.20311070000752807,cpu
static,link_failure,103,103,60,True,False,-82.27130063995122,"{'delivery': 109.9153653406957, 'protected_disconnect': 0.0, 'unprotected_disconnect': 0.0, 'sla_severity': -46.84793041412433, 'max_util': -142.77387084681675, 'overload': -1.3170411136023583, 'potential': -0.004026948121724636, 'move_fixed': -0.48, 'move_volume': -0.16951094369602787, 'move_divergence': -0.5942857142857142, 'reversal': 0.0, 'invalid': 0.0}",True,35823.8088412656,32645.762584486707,0.9159613778391308,277,0,0,2.0810534855967755,1.421193970132642,0.16300346783158676,118,0.003658447537784329,42.78691078840912,195.85710466496585,0.08346714730688022,6,1.2,0,0.0,1078.8798169812155,12,0.01764705882352941,0,6,0,0,"{'0': 54, '13': 1, '17': 1, '25': 1, '29': 1, '33': 1, '53': 1}",0.9,0,0,17.7,36,0,0,0.0101583330736806,0.060728328147282205,0.25840190006420016,cpu
static,link_failure,104,104,60,True,False,-84.67939897541874,"{'delivery': 109.79441580229246, 'protected_disconnect': 0.0, 'unprotected_disconnect': 0.0, 'sla_severity': -48.31219502550998, 'max_util': -143.6402685561979, 'overload': -1.3195539050651983, 'potential': -0.02725674113988919, 'move_fixed': -0.48000000000000004, 'move_volume': -0.10025483551249838, 'move_divergence': -0.5942857142857142, 'reversal': 0.0, 'invalid': 0.0}",True,35925.56106899109,32754.76021881711,0.9149534650191039,272,0,0,1.9411295810683258,1.4257865211422456,0.16279391024463236,105,0.0036654275140699955,40.839311490961684,165.61682496972415,0.08447605169377011,6,1.2,0,0.0,683.1234940452136,12,0.01764705882352941,0,6,0,0,"{'0': 54, '13': 1, '17': 1, '25': 1, '29': 1, '33': 1, '53': 1}",0.9,0,0,17.233333333333334,34,0,0,0.008681666804477572,0.06222166897108158,0.2521044999593869,cpu
static,link_failure,105,105,60,True,False,-87.89866609934826,"{'delivery': 109.25261724393721, 'protected_disconnect': 0.0, 'unprotected_disconnect': 0.0, 'sla_severity': -47.69689317433864, 'max_util': -146.8096483337251, 'overload': -1.382157386299283, 'potential': -0.03755086179971976, 'move_fixed': -0.48000000000000004, 'move_volume': -0.1507478728370573, 'move_divergence': -0.5942857142857142, 'reversal': 0.0, 'invalid': 0.0}",True,35702.181458913954,32399.383933933877,0.9104384770328101,261,0,0,2.1230180163817844,1.4603219881940466,0.16058329660042558,92,0.0038393260730535633,40.17336140453894,146.24333912981947,0.08884451270071721,6,1.2,0,0.0,993.9399759111861,12,0.01764705882352941,0,6,0,0,"{'0': 54, '13': 1, '17': 1, '25': 1, '29': 1, '33': 1, '53': 1}",0.9,0,0,12.9,34,0,0,0.009050001002227267,0.062110007274895906,0.19133220007643104,cpu
static,deceptive_local_optimum,101,101,60,True,False,23.803411380014275,"{'delivery': 117.74869516263921, 'protected_disconnect': 0.0, 'unprotected_disconnect': 0.0, 'sla_severity': -17.055601665790782, 'max_util': -76.64125136327601, 'overload': -0.19664458099049173, 'potential': -0.05178617256764057, 'move_fixed': 0.0, 'move_volume': 0.0, 'move_divergence': 0.0, 'reversal': 0.0, 'invalid': 0.0}",True,25725.33935464404,25211.203087798778,0.9812391263553267,124,0,0,1.5162946778758106,0.9887223290411484,0.11654273966248682,44,0.0005462349471958103,25.725873920804712,134.24696332586552,0.01862808373338625,0,0.0,0,0.0,0.0,0,0.0,0,0,0,0,{'0': 60},1.0,0,0,4.083333333333333,30,0,0,0.004018325125798583,0.06626666872762144,0.1129361999919638,cpu
static,deceptive_local_optimum,102,102,60,True,False,21.94743532931433,"{'delivery': 117.81290603069432, 'protected_disconnect': 0.0, 'unprotected_disconnect': 0.0, 'sla_severity': -16.30122045985476, 'max_util': -79.37178876739962, 'overload': -0.18804124836157027, 'potential': -0.0044202257640447145, 'move_fixed': 0.0, 'move_volume': 0.0, 'move_divergence': 0.0, 'reversal': 0.0, 'invalid': 0.0}",True,25520.610653040978,25028.168875764535,0.9817742169224527,131,0,0,1.4369356267158846,1.007739832381199,0.1159082196228619,45,0.0005223368010043618,25.658265084887397,100.9305532542215,0.01801384260948569,0,0.0,0,0.0,0.0,0,0.0,0,0,0,0,{'0': 60},1.0,0,0,3.8,27,0,0,0.004048335055510203,0.06636667530983686,0.10166660009417683,cpu
static,deceptive_local_optimum,103,103,60,True,False,9.420903403987602,"{'delivery': 116.64419763090724, 'protected_disconnect': 0.0, 'unprotected_disconnect': 0.0, 'sla_severity': -22.267299141022672, 'max_util': -84.6411871527822, 'overload': -0.30187509725230144, 'potential': -0.012932835862473015, 'move_fixed': 0.0, 'move_volume': 0.0, 'move_divergence': 0.0, 'reversal': 0.0, 'invalid': 0.0}",True,26020.410315509478,25250.90885602721,0.9720349802575604,137,0,0,1.479649915452468,1.0435620021200183,0.11771790851939162,49,0.0008385419368119486,28.167287970544297,103.01551612808672,0.02770009617580021,0,0.0,0,0.0,0.0,0,0.0,0,0,0,0,{'0': 60},1.0,0,0,6.4,30,0,0,0.004601672602196534,0.06317833128074805,0.124805299914442,cpu
static,deceptive_local_optimum,104,104,60,True,False,15.950820614335925,"{'delivery': 117.759021186881, 'protected_disconnect': 0.0, 'unprotected_disconnect': 0.0, 'sla_severity': -19.55720499533002, 'max_util': -82.030284957721, 'overload': -0.19013882760353354, 'potential': -0.030571791890525942, 'move_fixed': 0.0, 'move_volume': 0.0, 'move_divergence': 0.0, 'reversal': 0.0, 'invalid': 0.0}",True,26045.279641573266,25532.291527716123,0.9813251765573416,145,0,0,1.3463756752341764,1.0169585660238687,0.11814581767517572,49,0.0005281634100098153,27.379723306126472,134.14329718045212,0.018474043819382228,0,0.0,0,0.0,0.0,0,0.0,0,0,0,0,{'0': 60},1.0,0,0,4.266666666666667,31,0,0,0.003950014555205901,0.05973665975034237,0.11934420000761747,cpu
static,deceptive_local_optimum,105,105,60,True,False,1.2207352931619573,"{'delivery': 116.45797517088442, 'protected_disconnect': 0.0, 'unprotected_disconnect': 0.0, 'sla_severity': -23.92603256423545, 'max_util': -90.94855797610771, 'overload': -0.3405780786423904, 'potential': -0.02207125873692019, 'move_fixed': 0.0, 'move_volume': 0.0, 'move_divergence': 0.0, 'reversal': 0.0, 'invalid': 0.0}",True,26192.68895057379,25326.88101676881,0.9704831264240369,158,0,0,1.500212340703541,1.0714354894055196,0.11705040202719155,56,0.0009460502184510845,29.203933893459528,136.180728147469,0.029271470749701965,0,0.0,0,0.0,0.0,0,0.0,0,0,0,0,{'0': 60},1.0,0,0,6.55,31,0,0,0.004758322999502222,0.07169333014947672,0.1438404000364244,cpu
static,ood_double_failure,101,101,60,True,False,-215.36450276856974,"{'delivery': 108.38215190261411, 'protected_disconnect': -178.57142857142858, 'unprotected_disconnect': -58.823529411764696, 'sla_severity': -15.679546705816717, 'max_util': -69.3238934465725, 'overload': -0.09011615195049531, 'potential': -0.04129472002357349, 'move_fixed': -0.5599999999999999, 'move_volume': -0.09684566362732125, 'move_divergence': -0.5599999999999999, 'reversal': 0.0, 'invalid': 0.0}",True,27339.738193055007,24769.478874236203,0.903184599188451,231,25,75,1.5869112179335256,0.9527865258030884,0.11834061623256706,46,0.0002503226443069314,22.676531512947427,136.52584660631607,0.0966330577829477,7,1.4,0,0.0,475.6202473078231,14,0.020588235294117647,0,7,4,4,"{'0': 53, '1': 1, '5': 1, '9': 1, '17': 1, '25': 1, '61': 1, '65': 1}",0.8833333333333333,0,0,3.0,29,0,0,0.010081663882980743,0.05635499255731702,0.10184839996509254,cpu
static,ood_double_failure,102,102,60,True,False,-213.24120933944462,"{'delivery': 106.59885100967708, 'protected_disconnect': -178.57142857142858, 'unprotected_disconnect': -58.823529411764696, 'sla_severity': -13.262767465822376, 'max_util': -67.8922618560629, 'overload': -0.06849256301592635, 'potential': 0.014786131440340515, 'move_fixed': -0.5599999999999999, 'move_volume': -0.11636661246757579, 'move_divergence': -0.5599999999999999, 'reversal': 0.0, 'invalid': 0.0}",True,27016.54975637489,24122.185134100084,0.8883237584139756,216,25,75,1.4191926676349766,0.9500095621129412,0.11607726021340717,40,0.00019025711948868435,21.11444640431625,136.48813811522757,0.11160947319070845,7,1.4,0,0.0,636.6240561360229,14,0.020588235294117647,0,7,4,4,"{'0': 53, '1': 1, '5': 1, '9': 1, '17': 1, '25': 1, '61': 1, '65': 1}",0.8833333333333333,0,0,3.0833333333333335,28,0,0,0.009774992940947413,0.05723666399717331,0.10171309998258948,cpu
static,ood_double_failure,103,103,60,True,False,-227.38401863325225,"{'delivery': 106.43596815773097, 'protected_disconnect': -178.57142857142858, 'unprotected_disconnect': -58.823529411764696, 'sla_severity': -16.640331642174505, 'max_util': -78.4327230574819, 'overload': -0.15894944250931398, 'potential': 0.004473308238575311, 'move_fixed': -0.5599999999999999, 'move_volume': -0.07749797386279136, 'move_divergence': -0.5599999999999999, 'reversal': 0.0, 'invalid': 0.0}",True,27450.495595281656,24331.77351397577,0.8869664013144247,225,25,75,1.437039276843283,0.9988712804080967,0.11776191700570858,46,0.0004415262291925387,23.560005036784535,134.1857768215661,0.11295925270444719,7,1.4,0,0.0,424.59300497705595,14,0.020588235294117647,0,7,4,4,"{'0': 53, '1': 1, '5': 1, '9': 1, '17': 1, '25': 1, '61': 1, '65': 1}",0.8833333333333333,0,0,6.6,30,0,0,0.011169993861888846,0.06189499981701374,0.11917459999676794,cpu
static,ood_double_failure,104,104,60,True,False,-218.89876360542766,"{'delivery': 106.35851791729267, 'protected_disconnect': -178.57142857142858, 'unprotected_disconnect': -58.823529411764696, 'sla_severity': -11.634841445375542, 'max_util': -74.87989698396203, 'overload': -0.11457815999478076, 'potential': -0.03155537206470784, 'move_fixed': -0.5599999999999999, 'move_volume': -0.0814515781300068, 'move_divergence': -0.5599999999999999, 'reversal': 0.0, 'invalid': 0.0}",True,27791.706371086435,24706.847648287287,0.8863209826441056,196,25,75,1.3374849667194648,0.9798255808496811,0.11872822148979484,48,0.00031827266665216883,22.407720051856757,100.6345652613876,0.11363799562176978,7,1.4,0,0.0,466.2356491974718,14,0.020588235294117647,0,7,4,4,"{'0': 53, '1': 1, '5': 1, '9': 1, '17': 1, '25': 1, '61': 1, '65': 1}",0.8833333333333333,0,0,3.5,25,0,0,0.010109997432058057,0.07088332592199247,0.09884200000669807,cpu
static,ood_double_failure,105,105,60,True,False,-236.7777462164552,"{'delivery': 105.84187381368454, 'protected_disconnect': -178.57142857142858, 'unprotected_disconnect': -58.823529411764696, 'sla_severity': -21.1133107242664, 'max_util': -82.74899084124708, 'overload': -0.13032122355707074, 'potential': -0.023205284019623074, 'move_fixed': -0.5599999999999999, 'move_volume': -0.08883397385630418, 'move_divergence': -0.5599999999999999, 'reversal': 0.0, 'invalid': 0.0}",True,27493.320278175557,24133.66927405896,0.8820156151140378,270,25,75,1.4356350293931206,1.0148567877482924,0.11582788976460458,50,0.00036200339876964096,24.69886294677079,140.48438026757623,0.11776417007542221,7,1.4,0,0.0,476.6836426192538,14,0.020588235294117647,0,7,4,4,"{'0': 53, '1': 1, '5': 1, '9': 1, '17': 1, '25': 1, '61': 1, '65': 1}",0.8833333333333333,0,0,3.716666666666667,29,0,0,0.010156664454067746,0.05598166608251631,0.10598310001660138,cpu
static,overload_stress,101,101,48,True,False,-138.22343527098576,"{'delivery': 78.41495480462633, 'protected_disconnect': 0.0, 'unprotected_disconnect': 0.0, 'sla_severity': -56.15806524758323, 'max_util': -157.22726266469968, 'overload': -3.246451734124499, 'potential': -0.006610429204697545, 'move_fixed': 0.0, 'move_volume': 0.0, 'move_divergence': 0.0, 'reversal': 0.0, 'invalid': 0.0}",True,40681.66414268056,33031.4266819513,0.8168224458815243,332,0,0,3.0387753682821352,2.0078512324212974,0.2059790868839139,162,0.011272401854598955,61.03470092401103,195.57922403510213,0.18239537472319237,0,0.0,0,0.0,0.0,0,0.0,0,0,0,0,{'0': 48},1.0,0,0,32.270833333333336,37,0,0,0.004364594739551346,0.05947918301293006,0.3779666000045836,cpu
static,overload_stress,102,102,48,True,False,-141.11641169744962,"{'delivery': 78.22872157046083, 'protected_disconnect': 0.0, 'unprotected_disconnect': 0.0, 'sla_severity': -54.82501004136941, 'max_util': -161.21766692008129, 'overload': -3.3024173741392455, 'potential': -3.8932320519394215e-05, 'move_fixed': 0.0, 'move_volume': 0.0, 'move_divergence': 0.0, 'reversal': 0.0, 'invalid': 0.0}",True,40642.53764191775,32876.912530281035,0.814882516358967,321,0,0,2.961285165416442,2.052869847708889,0.20644692898853653,161,0.011466726993539048,61.244959709682995,195.9468783061969,0.18403369352530827,0,0.0,0,0.0,0.0,0,0.0,0,0,0,0,{'0': 48},1.0,0,0,32.645833333333336,38,0,0,0.004645837179850787,0.062387504537279405,0.38259310007561,cpu
static,overload_stress,103,103,48,True,False,-148.69687938932032,"{'delivery': 76.78414322255304, 'protected_disconnect': 0.0, 'unprotected_disconnect': 0.0, 'sla_severity': -54.587497106224404, 'max_util': -167.1999146296204, 'overload': -3.6873078699700526, 'potential': -0.006303006058530389, 'move_fixed': 0.0, 'move_volume': 0.0, 'move_divergence': 0.0, 'reversal': 0.0, 'invalid': 0.0}",True,42343.42312225444,33738.15102457235,0.7998348252349275,311,0,0,2.9400665562426003,2.1588150653156357,0.21391587377966537,161,0.012803152326284905,59.32312801323503,195.62989400557422,0.19955587737643543,0,0.0,0,0.0,0.0,0,0.0,0,0,0,0,{'0': 48},1.0,0,0,32.791666666666664,38,0,0,0.004633339509988825,0.05948334001004696,0.3984027999686077,cpu
static,overload_stress,104,104,48,True,False,-145.1928222909412,"{'delivery': 77.78169235581848, 'protected_disconnect': 0.0, 'unprotected_disconnect': 0.0, 'sla_severity': -58.37964762652612, 'max_util': -161.162582140724, 'overload': -3.4188490531096494, 'potential': -0.013435826399898123, 'move_fixed': 0.0, 'move_volume': 0.0, 'move_divergence': 0.0, 'reversal': 0.0, 'invalid': 0.0}",True,41429.31860928934,33401.89215312063,0.8102259620397758,344,0,0,2.8082632989133445,2.0477740829282296,0.20911603569714546,156,0.011871003656630727,59.97557123516799,195.692727523663,0.1889788913860946,0,0.0,0,0.0,0.0,0,0.0,0,0,0,0,{'0': 48},1.0,0,0,32.666666666666664,37,0,0,0.004491666913963854,0.058854180679190904,0.3866792001063004,cpu
static,overload_stress,105,105,48,True,False,-158.04720020634716,"{'delivery': 76.80048760581369, 'protected_disconnect': 0.0, 'unprotected_disconnect': 0.0, 'sla_severity': -59.936251134566945, 'max_util': -171.14105598588657, 'overload': -3.788987990206592, 'potential': 0.01860729849925026, 'move_fixed': 0.0, 'move_volume': 0.0, 'move_divergence': 0.0, 'reversal': 0.0, 'invalid': 0.0}",True,43103.24893855558,34242.60248387995,0.8000050792272259,330,0,0,3.080131970097002,2.224998583573496,0.2137355896918227,161,0.013156208299328445,59.45834338890048,193.97047762663504,0.1991230261910364,0,0.0,0,0.0,0.0,0,0.0,0,0,0,0,{'0': 48},1.0,0,0,32.770833333333336,36,0,0,0.004643744129377107,0.0634437480281728,0.388853200012818,cpu
greedy,full_day,101,101,288,True,False,226.96207342619215,"{'delivery': 561.3132274279508, 'protected_disconnect': 0.0, 'unprotected_disconnect': 0.0, 'sla_severity': -28.798178990962462, 'max_util': -275.6841398651065, 'overload': -1.572577348778559, 'potential': -0.04240167141179707, 'move_fixed': -5.840000000000001, 'move_volume': -4.14242755407078, 'move_divergence': -6.2714285714285705, 'reversal': -12.0, 'invalid': 0.0}",True,131796.47709213276,127891.51328037895,0.9745021309513034,294,0,0,1.946658867906342,0.9232294819028637,0.1338133305908764,255,0.0009100563360987032,28.05556253673638,213.47531047118287,0.025178600209313735,73,3.0416666666666665,40,2.3529411764705883,23344.48466550686,144,0.04411764705882352,0,0,0,0,"{'0': 215, '13': 1, '14': 1, '18': 9, '20': 8, '21': 2, '23': 3, '30': 1, '37': 12, '38': 12, '49': 3, '50': 4, '57': 8, '58': 9}",0.7465277777777778,0,0,9.447916666666666,36,0,0,0.029378471986597612,0.060428817555980965,0.8536257999949157,cpu
greedy,full_day,102,102,288,True,False,283.7664918816894,"{'delivery': 567.534002062227, 'protected_disconnect': 0.0, 'unprotected_disconnect': 0.0, 'sla_severity': -23.891207547467715, 'max_util': -234.02441503110217, 'overload': -0.8865578117967013, 'potential': 0.005733514323259636, 'move_fixed': -5.6, 'move_volume': -3.508206161637247, 'move_divergence': -5.962857142857142, 'reversal': -9.899999999999999, 'invalid': 0.0}",True,127980.23783177958,125710.57342456956,0.9853020869135887,240,0,0,2.1599358894708027,0.8632157706555782,0.13078247474257754,188,0.0005130542892342022,24.17652775766048,207.77302193926636,0.014376204110384613,70,2.9166666666666665,33,1.9411764705882353,19818.920196922125,139,0.042687908496732034,0,0,0,0,"{'0': 218, '8': 1, '13': 6, '14': 5, '15': 1, '17': 1, '18': 8, '20': 6, '21': 2, '23': 2, '26': 1, '37': 8, '38': 9, '49': 5, '50': 6, '57': 4, '58': 5}",0.7569444444444444,0,0,7.048611111111111,34,0,0,0.02677569500519894,0.06023784751758083,0.6780774000799283,cpu
greedy,full_day,103,103,288,True,False,271.2885726104201,"{'delivery': 566.1008099665479, 'protected_disconnect': 0.0, 'unprotected_disconnect': 0.0, 'sla_severity': -26.874164366820537, 'max_util': -241.32034414182078, 'overload': -0.9968987945447094, 'potential': -0.03171429189404468, 'move_fixed': -5.840000000000001, 'move_volume': -4.170544332476365, 'move_divergence': -6.578571428571428, 'reversal': -9.0, 'invalid': 0.0}",True,129713.02888522299,127153.19334804307,0.9828139061919234,283,0,0,1.92941048715432,0.8637538245047995,0.134852255417839,239,0.000576909024620781,26.065621901936108,198.00877207143932,0.016836092102240924,73,3.0416666666666665,30,1.7647058823529411,22877.51537048634,143,0.04391339869281046,0,0,0,0,"{'0': 215, '6': 1, '8': 2, '13': 1, '14': 2, '16': 1, '18': 9, '19': 3, '20': 11, '21': 3, '23': 3, '30': 1, '37': 9, '38': 9, '49': 3, '50': 4, '51': 1, '52': 1, '57': 4, '58': 5}",0.7465277777777778,0,0,8.38888888888889,36,0,0,0.02426631706637434,0.06158124758965439,0.7764671999029815,cpu
greedy,full_day,104,104,288,True,False,266.13136170170804,"{'delivery': 566.3273832885277, 'protected_disconnect': 0.0, 'unprotected_disconnect': 0.0, 'sla_severity': -26.414370465182785, 'max_util': -247.18271011091747, 'overload': -0.9776906242859793, 'potential': -0.03727687910971404, 'move_fixed': -5.92, 'move_volume': -4.241830650180795, 'move_divergence': -6.722142857142856, 'reversal': -8.7, 'invalid': 0.0}",True,128652.52681452257,126163.35627538158,0.983207262653694,287,0,0,1.797903617410075,0.8688044750438897,0.13587460585660152,234,0.0005657931853506825,25.368787571324695,191.40908088913346,0.01640806989621403,74,3.0833333333333335,29,1.7058823529411764,23541.354095324416,145,0.044526143790849675,0,0,0,0,"{'0': 214, '8': 1, '13': 3, '14': 4, '16': 1, '17': 2, '18': 9, '19': 1, '20': 7, '21': 3, '23': 3, '27': 1, '37': 11, '38': 12, '45': 3, '48': 3, '49': 2, '50': 3, '52': 1, '57': 2, '58': 2}",0.7430555555555556,0,0,8.32638888888889,36,0,0,0.02662222484812244,0.06451979263349333,0.7470287000760436,cpu
greedy,full_day,105,105,288,True,False,292.4015413596713,"{'delivery': 568.1784202342806, 'protected_disconnect': 0.0, 'unprotected_disconnect': 0.0, 'sla_severity': -22.414224333188088, 'max_util': -230.36964481459214, 'overload': -0.8538421728619389, 'potential': -0.01332817823682594, 'move_fixed': -5.280000000000001, 'move_volume': -3.475839375730275, 'move_divergence': -6.169999999999999, 'reversal': -7.2, 'invalid': 0.0}",True,128245.04234233435,126083.98444056646,0.9864208684622926,230,0,0,1.932142419440367,0.8422663469034064,0.13238590546010823,206,0.000494121627813622,23.92189518438245,205.7896145134149,0.013270970883739954,66,2.75,24,1.411764705882353,19426.19944962096,130,0.039828431372549024,0,0,0,0,"{'0': 222, '6': 1, '8': 2, '13': 4, '14': 5, '18': 9, '20': 8, '21': 1, '23': 2, '29': 1, '30': 1, '37': 8, '38': 8, '45': 1, '48': 2, '49': 2, '50': 2, '57': 4, '58': 5}",0.7708333333333334,0,0,6.788194444444445,36,0,0,0.025901732442434877,0.06153089755874438,0.6886398999486119,cpu
greedy,evening_peak,101,101,84,True,False,1.3715238027493224,"{'delivery': 162.85682694951467, 'protected_disconnect': 0.0, 'unprotected_disconnect': 0.0, 'sla_severity': -24.24044364698236, 'max_util': -124.27411834168322, 'overload': -0.674333932042246, 'potential': 0.017227632698590255, 'move_fixed': -3.0400000000000005, 'move_volume': -1.469349144470385, 'move_divergence': -3.604285714285714, 'reversal': -4.199999999999999, 'invalid': 0.0}",True,51881.82461700071,50115.143797970406,0.9693858746994921,196,0,0,1.6927458991953168,1.0804831046389043,0.17786431405100686,173,0.0013379641508774725,36.64362421648499,239.74784260238965,0.030378198282026966,38,5.428571428571429,14,0.8235294117647058,10701.959764415009,74,0.07773109243697479,0,0,0,0,"{'0': 46, '5': 1, '6': 1, '8': 2, '13': 4, '14': 4, '15': 1, '18': 5, '20': 4, '21': 2, '23': 2, '37': 3, '38': 4, '45': 2, '48': 2, '50': 1}",0.5476190476190477,0,0,16.738095238095237,35,0,0,0.051523805485062656,0.06214166863910144,0.35802879999391735,cpu
greedy,evening_peak,102,102,84,True,False,42.071497478793866,"{'delivery': 165.73459961390736, 'protected_disconnect': 0.0, 'unprotected_disconnect': 0.0, 'sla_severity': -13.054652061218436, 'max_util': -101.2436873920879, 'overload': -0.2777050745719191, 'potential': -0.020182633268715767, 'move_fixed': -2.5600000000000005, 'move_volume': -1.1368749739665058, 'move_divergence': -2.6699999999999995, 'reversal': -2.7, 'invalid': 0.0}",True,49555.60337852391,48822.59456390899,0.9865154738923058,100,0,0,1.7653897635065634,0.9822696302423486,0.17215226268971648,98,0.000551002132087141,27.027891253759474,192.27327023698035,0.013308224847660652,32,4.571428571428571,9,0.5294117647058824,8152.1715455767135,61,0.06442577030812326,0,0,0,0,"{'0': 52, '5': 1, '8': 1, '13': 4, '14': 4, '15': 3, '16': 1, '17': 1, '18': 2, '20': 1, '21': 2, '23': 3, '37': 2, '38': 2, '45': 1, '47': 1, '50': 1, '51': 1, '58': 1}",0.6190476190476191,0,0,9.297619047619047,35,0,0,0.03907262691340986,0.05899999745278841,0.22724769997876137,cpu
greedy,evening_peak,103,103,84,True,False,-6.776452625281624,"{'delivery': 161.66947320027978, 'protected_disconnect': 0.0, 'unprotected_disconnect': 0.0, 'sla_severity': -24.264993535331925, 'max_util': -132.34401692223383, 'overload': -0.8475254351440206, 'potential': -0.014897603568483525, 'move_fixed': -3.0400000000000005, 'move_volume': -1.415206614997435, 'move_divergence': -3.519285714285714, 'reversal': -2.9999999999999996, 'invalid': 0.0}",True,52731.81382448724,50564.631060283966,0.9623182928588082,214,0,0,2.002829543317161,1.1172557025871175,0.18410669667452015,157,0.0016815980856032158,37.78333788464528,244.40644796296857,0.037254175195236605,38,5.428571428571429,10,0.5882352941176471,10319.283880672267,74,0.0777310924369748,0,0,0,0,"{'0': 46, '6': 1, '8': 1, '13': 4, '14': 5, '17': 1, '18': 3, '19': 1, '20': 3, '22': 1, '23': 2, '27': 1, '31': 1, '37': 3, '38': 3, '45': 1, '46': 1, '50': 1, '57': 2, '58': 3}",0.5476190476190477,0,0,14.154761904761905,36,0,0,0.05188928445845488,0.06556071041684065,0.31982679991051555,cpu
greedy,evening_peak,104,104,84,True,False,0.6521983652154018,"{'delivery': 162.90493498591573, 'protected_disconnect': 0.0, 'unprotected_disconnect': 0.0, 'sla_severity': -18.681282495717035, 'max_util': -130.9609630359702, 'overload': -0.6947645705149962, 'potential': -0.009412832197590579, 'move_fixed': -3.0400000000000005, 'move_volume': -1.45774225772913, 'move_divergence': -3.508571428571429, 'reversal': -3.899999999999999, 'invalid': 0.0}",True,52723.810206831295,50943.55299852362,0.9696722320590222,188,0,0,1.894611114884737,1.1009874472770917,0.1846669358163758,163,0.0013785011319741988,35.66483591233689,204.12541308326564,0.02991420340574758,38,5.428571428571429,13,0.7647058823529411,10720.794824562727,73,0.07703081232492998,0,0,0,0,"{'0': 46, '8': 1, '13': 2, '14': 3, '17': 2, '18': 6, '20': 3, '23': 1, '26': 1, '29': 1, '30': 1, '33': 1, '35': 1, '37': 3, '38': 3, '45': 2, '47': 1, '48': 1, '49': 1, '50': 1, '57': 1, '58': 2}",0.5476190476190477,0,0,16.19047619047619,34,0,0,0.052305951526033734,0.05904404402133964,0.30271949991583824,cpu
greedy,evening_peak,105,105,84,True,False,23.124709834379782,"{'delivery': 164.68306906773057, 'protected_disconnect': 0.0, 'unprotected_disconnect': 0.0, 'sla_severity': -17.238212903665676, 'max_util': -113.04872659315303, 'overload': -0.43174782860089644, 'potential': 0.04294446079405822, 'move_fixed': -2.96, 'move_volume': -1.3733306544395023, 'move_divergence': -3.549285714285714, 'reversal': -3.0, 'invalid': 0.0}",True,50169.08640736607,49074.449096789,0.9802563634983963,141,0,0,1.6130068744804023,1.0304811765630575,0.17517377904102452,102,0.0008566425170652708,28.4537409714566,167.596373766012,0.01954881943003727,37,5.285714285714286,10,0.5882352941176471,9454.117578542642,73,0.07703081232492998,0,0,0,0,"{'0': 47, '6': 2, '8': 2, '13': 2, '14': 5, '16': 2, '18': 2, '19': 2, '20': 4, '21': 1, '22': 1, '23': 2, '30': 2, '31': 1, '37': 1, '38': 1, '45': 3, '47': 1, '48': 2, '50': 1}",0.5595238095238095,0,0,8.892857142857142,35,0,0,0.04367023939266801,0.06175475261573281,0.21685530000831932,cpu
greedy,flash_crowd,101,101,60,True,False,-34.584600885091895,"{'delivery': 112.47068259225539, 'protected_disconnect': 0.0, 'unprotected_disconnect': 0.0, 'sla_severity': -27.58089643021817, 'max_util': -108.91963590225957, 'overload': -1.1640990397244475, 'potential': -0.00908835486798365, 'move_fixed': -2.4000000000000004, 'move_volume': -1.1558494645628017, 'move_divergence': -2.8257142857142856, 'reversal': -2.9999999999999996, 'invalid': 0.0}",True,39328.82899331873,36431.012685067646,0.9372556882687949,212,0,0,2.391463020126308,1.224719827222132,0.1888929622941346,147,0.003233608443679021,46.141591218855915,266.4481458458731,0.06196249821288511,30,6.0,10,0.5882352941176471,9132.895313306088,59,0.08725490196078431,0,0,0,0,"{'0': 30, '6': 2, '8': 3, '13': 2, '14': 3, '17': 1, '18': 5, '20': 3, '23': 1, '37': 2, '38': 2, '45': 1, '46': 1, '49': 1, '50': 1, '58': 1, '62': 1}",0.5,0,0,20.033333333333335,40,0,0,0.058235006872564554,0.06158833081523577,0.2933875999879092,cpu
greedy,flash_crowd,102,102,60,True,False,-32.93536670851441,"{'delivery': 112.8155016968331, 'protected_disconnect': 0.0, 'unprotected_disconnect': 0.0, 'sla_severity': -28.138899972597105, 'max_util': -108.67531324940514, 'overload': -1.1230617093734727, 'potential': 0.037207650526971156, 'move_fixed': -2.0, 'move_volume': -1.086515410213044, 'move_divergence': -2.3642857142857143, 'reversal': -2.4, 'invalid': 0.0}",True,38819.954621211735,36038.89805081134,0.9401291808069424,206,0,0,2.298956553938712,1.2141508003402255,0.18503134700790605,150,0.003119615859370757,43.824886327370514,262.1357823119775,0.0584961378917515,25,5.0,8,0.47058823529411764,8388.816532084847,50,0.07352941176470586,0,0,0,0,"{'0': 35, '5': 1, '6': 1, '8': 3, '13': 2, '14': 3, '17': 2, '18': 4, '20': 3, '23': 1, '37': 1, '38': 1, '45': 1, '46': 1, '58': 1}",0.5833333333333334,0,0,18.683333333333334,40,0,0,0.05864166693451504,0.06036500174862643,0.2690351000055671,cpu
greedy,flash_crowd,103,103,60,True,False,-70.4086555077175,"{'delivery': 109.512239980068, 'protected_disconnect': 0.0, 'unprotected_disconnect': 0.0, 'sla_severity': -35.4136985787211, 'max_util': -129.69547935578123, 'overload': -1.701622737306886, 'potential': 0.027476779050239063, 'move_fixed': -3.12, 'move_volume': -1.6154287378836785, 'move_divergence': -3.602142857142857, 'reversal': -4.799999999999999, 'invalid': 0.0}",True,40401.39009538725,36238.60054349376,0.9126019998339,260,0,0,2.8513528900649017,1.3916909269375966,0.19556511265169244,180,0.00472672982585246,50.56320789691274,313.0,0.08614551222323494,39,7.8,16,0.9411764705882353,12719.955060510696,77,0.11372549019607846,0,0,0,0,"{'0': 21, '5': 1, '8': 2, '13': 3, '14': 3, '15': 1, '18': 5, '20': 6, '21': 1, '23': 2, '30': 1, '37': 3, '38': 3, '45': 2, '46': 1, '48': 1, '49': 1, '50': 1, '62': 1, '63': 1}",0.35,0,0,22.083333333333332,40,0,0,0.06173166912049055,0.06334500891777377,0.33164869993925095,cpu
greedy,flash_crowd,104,104,60,True,False,-41.28097436924287,"{'delivery': 113.4703128234018, 'protected_disconnect': 0.0, 'unprotected_disconnect': 0.0, 'sla_severity': -27.45681081785767, 'max_util': -114.9765527992263, 'overload': -1.015433171954442, 'potential': 0.02328895485658187, 'move_fixed': -2.8000000000000003, 'move_volume': -1.3986365013199828, 'move_divergence': -3.227142857142857, 'reversal': -3.8999999999999995, 'invalid': 0.0}",True,39904.029383603716,37345.47621064557,0.945585940195015,225,0,0,2.7709267035599074,1.2584533370613724,0.19572961555569274,180,0.0028206476998734503,47.196647307609084,255.7958071711344,0.05334699164541286,35,7.0,13,0.7647058823529411,11167.819904576125,67,0.09901960784313725,0,0,0,0,"{'0': 25, '5': 1, '6': 1, '8': 3, '13': 1, '14': 1, '17': 2, '18': 5, '20': 3, '23': 1, '26': 1, '29': 1, '30': 1, '37': 2, '38': 3, '45': 3, '46': 2, '48': 1, '50': 1, '57': 1, '58': 1}",0.4166666666666667,0,0,21.633333333333333,37,0,0,0.06120166702506443,0.06250500640211006,0.2912192000076175,cpu
greedy,flash_crowd,105,105,60,True,False,-70.9944764471635,"{'delivery': 110.36218724852489, 'protected_disconnect': 0.0, 'unprotected_disconnect': 0.0, 'sla_severity': -38.87280525156465, 'max_util': -127.72149347460856, 'overload': -1.6897917276758279, 'potential': -0.009934005019001695, 'move_fixed': -2.9600000000000004, 'move_volume': -1.5940678082489175, 'move_divergence': -3.7085714285714286, 'reversal': -4.799999999999999, 'invalid': 0.0}",True,40497.55573466063,36375.81332584496,0.9196848937377075,255,0,0,2.3289814072035355,1.3754033226327538,0.19154833084235326,167,0.004693865910210633,48.08941824799553,313.0,0.07903149520197432,37,7.4,16,0.9411764705882353,12326.597832117433,72,0.10588235294117648,0,0,0,0,"{'0': 23, '8': 1, '13': 5, '14': 6, '17': 2, '18': 6, '20': 4, '23': 1, '30': 1, '37': 2, '38': 2, '45': 3, '46': 1, '48': 2, '50': 1}",0.38333333333333336,0,0,19.7,42,0,0,0.06275333968612055,0.061841668017829456,0.2799630999797955,cpu
greedy,link_failure,101,101,60,True,False,-9.222658454788856,"{'delivery': 116.17748328189207, 'protected_disconnect': 0.0, 'unprotected_disconnect': 0.0, 'sla_severity': -18.88736552157229, 'max_util': -97.88713511109532, 'overload': -0.4711675331197685, 'potential': -0.016373989600277923, 'move_fixed': -2.08, 'move_volume': -1.0695281527218392, 'move_divergence': -1.9885714285714284, 'reversal': -3.0, 'invalid': 0.0}",True,35194.5208685004,33977.50830470198,0.9681456940157672,156,0,0,1.8039996168403896,1.1230963719700717,0.176921788854437,111,0.0013087987031104682,36.164203486293154,202.0740346831726,0.0315260252512306,26,5.2,10,0.5882352941176471,7183.117898132003,50,0.07352941176470588,0,5,0,0,"{'0': 34, '8': 1, '13': 1, '14': 2, '21': 1, '22': 1, '23': 2, '30': 2, '31': 2, '33': 1, '34': 1, '35': 2, '36': 3, '37': 2, '38': 2, '46': 1, '50': 1, '58': 1}",0.5666666666666667,0,0,15.0,34,0,0,0.054096669191494584,0.06043166698267063,0.22231759992428124,cpu
greedy,link_failure,102,102,60,True,False,3.637781605233454,"{'delivery': 117.82727839436272, 'protected_disconnect': 0.0, 'unprotected_disconnect': 0.0, 'sla_severity': -14.8721601347443, 'max_util': -90.09659997560921, 'overload': -0.24511998728712894, 'potential': 0.03329653976245442, 'move_fixed': -2.3200000000000003, 'move_volume': -1.0236751360129908, 'move_divergence': -2.365238095238095, 'reversal': -3.3, 'invalid': 0.0}",True,34963.72707453651,34293.32979853442,0.9818939866196893,138,0,0,1.5175670507616519,1.0633553774291218,0.17419836188246157,87,0.0006808888535753582,31.958655565349524,170.8557294688711,0.01779153460396461,29,5.8,11,0.6470588235294118,6969.2465731240945,58,0.08529411764705883,0,4,0,0,"{'0': 31, '13': 2, '14': 2, '18': 1, '19': 1, '20': 1, '21': 1, '22': 1, '23': 2, '29': 1, '30': 2, '31': 3, '34': 1, '35': 3, '36': 3, '37': 1, '38': 2, '49': 1, '50': 1}",0.5166666666666667,0,0,11.216666666666667,31,0,0,0.051421672105789185,0.0614433316513896,0.1658121000509709,cpu
greedy,link_failure,103,103,60,True,False,-26.997009386939585,"{'delivery': 115.27693447929569, 'protected_disconnect': 0.0, 'unprotected_disconnect': 0.0, 'sla_severity': -28.59046482603201, 'max_util': -104.1590634004897, 'overload': -0.5745781536745913, 'potential': 0.024151461193434365, 'move_fixed': -2.3200000000000003, 'move_volume': -1.142560375803836, 'move_divergence': -2.511428571428571, 'reversal': -3.0, 'invalid': 0.0}",True,35823.8088412656,34315.867482971684,0.9606411206607974,216,0,0,1.6647338603886164,1.1570708708069914,0.18129720500462235,128,0.0015960504268738647,41.39968636002719,252.90686631308992,0.03873058751008243,29,5.8,10,0.5882352941176471,7909.703776691056,58,0.08529411764705883,0,5,0,0,"{'0': 31, '8': 1, '13': 2, '14': 3, '18': 1, '20': 2, '21': 1, '23': 1, '29': 1, '30': 3, '31': 3, '33': 1, '35': 1, '36': 1, '37': 1, '38': 2, '46': 1, '50': 1, '57': 1, '59': 1, '62': 1}",0.5166666666666667,0,0,15.833333333333334,35,0,0,0.06279166361006598,0.06467000154467921,0.23260340001434088,cpu
greedy,link_failure,104,104,60,True,False,-12.034869216631087,"{'delivery': 116.49998049211294, 'protected_disconnect': 0.0, 'unprotected_disconnect': 0.0, 'sla_severity': -19.4371357639024, 'max_util': -99.40106533152719, 'overload': -0.4273900934644368, 'potential': -0.0022177190031377747, 'move_fixed': -2.16, 'move_volume': -1.118469372275423, 'move_divergence': -2.3885714285714283, 'reversal': -3.5999999999999996, 'invalid': 0.0}",True,35925.56106899109,34807.58550260758,0.9708331707676078,167,0,0,1.895657313757299,1.1203901890403414,0.17784529687326325,121,0.0011871947040678797,36.44136758963107,238.97346430308554,0.028764986436478117,27,5.4,12,0.7058823529411765,7715.643923117315,51,0.07549019607843137,0,4,0,0,"{'0': 33, '13': 1, '14': 2, '18': 2, '19': 1, '20': 2, '22': 1, '23': 2, '29': 2, '30': 3, '31': 3, '33': 1, '35': 2, '36': 2, '37': 1, '38': 1, '50': 1}",0.55,0,0,14.35,35,0,0,0.05310666165314615,0.06337000134711464,0.22099309996701777,cpu
greedy,link_failure,105,105,60,True,False,-20.23053384530202,"{'delivery': 116.51976206952884, 'protected_disconnect': 0.0, 'unprotected_disconnect': 0.0, 'sla_severity': -23.453151773726606, 'max_util': -100.96920800264982, 'overload': -0.42489152938283414, 'potential': -0.006666354138613901, 'move_fixed': -2.6400000000000006, 'move_volume': -1.1399496835044138, 'move_divergence': -3.0164285714285715, 'reversal': -5.1, 'invalid': 0.0}",True,35702.181458913954,34597.335876737096,0.9709980172460736,180,0,0,1.7061729463545907,1.1316956137543088,0.17687804400340942,96,0.0011802542482856502,34.426258338193215,191.74860967353987,0.028689958153645008,33,6.6,17,1.0,7591.269246357533,63,0.09313725490196077,0,4,0,0,"{'0': 27, '6': 1, '8': 1, '13': 4, '14': 5, '18': 3, '20': 3, '23': 1, '29': 1, '30': 2, '31': 2, '33': 1, '35': 2, '36': 3, '46': 1, '58': 1, '59': 1, '62': 1}",0.45,0,0,14.666666666666666,34,0,0,0.05993000425708791,0.0609399964256833,0.19080430001486093,cpu
greedy,deceptive_local_optimum,101,101,60,True,False,97.82129958686849,"{'delivery': 119.91404830890906, 'protected_disconnect': 0.0, 'unprotected_disconnect': 0.0, 'sla_severity': -0.7008579449613958, 'max_util': -20.159272042363412, 'overload': -0.00711038863260437, 'potential': -0.010656520550747119, 'move_fixed': -0.32, 'move_volume': -0.17199468267529022, 'move_divergence': -0.4228571428571428, 'reversal': -0.3, 'invalid': 0.0}",True,25725.33935464404,25705.24465529462,0.9992837359075755,8,0,0,1.2245762626882317,0.7290602151541195,0.120271053644394,5,1.975107953501214e-05,16.23700050029744,80.52404400106681,0.0006962278461400806,4,0.8,1,0.058823529411764705,888.0685570369394,8,0.01176470588235294,0,0,0,0,"{'0': 56, '14': 1, '18': 1, '20': 2}",0.9333333333333333,0,0,1.0,1,0,0,0.008606664293135205,0.0597116615002354,0.08832609991077334,cpu
greedy,deceptive_local_optimum,102,102,60,True,False,93.80594469128849,"{'delivery': 119.9761429770796, 'protected_disconnect': 0.0, 'unprotected_disconnect': 0.0, 'sla_severity': -0.45196578968595896, 'max_util': -24.05505295951584, 'overload': -0.0010840424483555158, 'potential': -0.010215167328473908, 'move_fixed': -0.48000000000000004, 'move_volume': -0.2204517553839135, 'move_divergence': -0.6514285714285714, 'reversal': -0.3, 'invalid': 0.0}",True,25520.610653040978,25515.633958824666,0.9998011914756634,6,0,0,1.059013394775993,0.750030333699709,0.1193973573855308,9,3.011229023209766e-06,16.373017748125182,77.26426410198256,0.0001870988189342,6,1.2,1,0.058823529411764705,1125.607654782018,12,0.01764705882352941,0,0,0,0,"{'0': 54, '13': 1, '14': 2, '18': 2, '20': 1}",0.9,0,0,1.25,16,0,0,0.014806661056354642,0.06744166021235287,0.1004211000399664,cpu
greedy,deceptive_local_optimum,103,103,60,True,False,90.54134821217518,"{'delivery': 119.89475619714575, 'protected_disconnect': 0.0, 'unprotected_disconnect': 0.0, 'sla_severity': -1.4302250174240494, 'max_util': -26.13546169621053, 'overload': -0.005661508039789231, 'potential': -0.009888492379861634, 'move_fixed': -0.64, 'move_volume': -0.3350284137734938, 'move_divergence': -0.7971428571428572, 'reversal': 0.0, 'invalid': 0.0}",True,26020.410315509478,25997.01534647016,0.9991229683095479,19,0,0,1.0784254513950762,0.7688461386485226,0.12669622526942675,15,1.572641122163675e-05,17.748782336898945,92.29492783101095,0.0008607705821437255,8,1.6,0,0.0,1717.0454067196015,16,0.02352941176470588,0,0,0,0,"{'0': 52, '8': 1, '14': 2, '16': 1, '18': 1, '19': 1, '20': 2}",0.8666666666666667,0,0,2.1166666666666667,25,0,0,0.03125167568214238,0.08833833271637559,0.13652279996313155,cpu
greedy,deceptive_local_optimum,104,104,60,True,False,94.692664107802,"{'delivery': 119.81380545769446, 'protected_disconnect': 0.0, 'unprotected_disconnect': 0.0, 'sla_severity': -1.323328304049645, 'max_util': -21.57760743493603, 'overload': -0.014391813652366355, 'potential': -0.010289072709300563, 'move_fixed': -0.56, 'move_volume': -0.26409615311653795, 'move_divergence': -0.7714285714285714, 'reversal': -0.6, 'invalid': 0.0}",True,26045.279641573266,26004.097117860085,0.9984483788141205,13,0,0,1.3463756752341764,0.7293501263536727,0.12298334711618676,6,3.99772601454621e-05,16.964559392786207,138.12562375469048,0.0014972180160404418,7,1.4,2,0.11764705882352941,1285.4941419857942,14,0.020588235294117647,0,0,0,0,"{'0': 53, '13': 1, '14': 2, '18': 2, '20': 1, '27': 1}",0.8833333333333333,0,0,1.45,28,0,0,0.012271674737955133,0.0608583310774217,0.09213730006013066,cpu
greedy,deceptive_local_optimum,105,105,60,True,False,74.07324913282889,"{'delivery': 119.68140373072342, 'protected_disconnect': 0.0, 'unprotected_disconnect': 0.0, 'sla_severity': -2.6306434439586255, 'max_util': -39.25072868885176, 'overload': -0.02727339835421854, 'potential': -0.00932869018490631, 'move_fixed': -0.8800000000000001, 'move_volume': -0.41875180511644106, 'move_divergence': -1.1914285714285713, 'reversal': -1.2, 'invalid': 0.0}",True,26192.68895057379,26114.024687126388,0.9973450310893618,26,0,0,1.304442279565577,0.801103330106362,0.12284012079930169,18,7.575943987282929e-05,18.360525927248712,138.44189734209414,0.0026363471668365136,11,2.2,4,0.23529411764705882,2255.175389432069,22,0.032352941176470584,0,0,0,0,"{'0': 49, '8': 1, '13': 1, '14': 2, '18': 4, '20': 3}",0.8166666666666667,0,0,1.4166666666666667,26,0,0,0.022291671484708786,0.06387000903487206,0.09689269994851202,cpu
greedy,ood_double_failure,101,101,60,True,False,-170.57776839426114,"{'delivery': 109.16753412162991, 'protected_disconnect': -178.57142857142858, 'unprotected_disconnect': -58.823529411764696, 'sla_severity': -3.215543039550324, 'max_util': -37.57101770047172, 'overload': -0.018482063756954163, 'potential': 0.004715568026254002, 'move_fixed': -0.64, 'move_volume': -0.20430301123072747, 'move_divergence': -0.7057142857142856, 'reversal': 0.0, 'invalid': 0.0}",True,27339.738193055007,24971.77669822778,0.9097294510135826,133,25,75,1.1658856173797534,0.813432616373614,0.12208222209972984,16,5.133906599153933e-05,17.210447548444655,92.41113826274221,0.09016956139123136,8,1.6,0,0.0,1158.2350507547096,15,0.022549019607843137,0,8,4,4,"{'0': 52, '7': 1, '14': 2, '15': 2, '18': 1, '19': 1, '27': 1}",0.8666666666666667,0,0,1.7833333333333334,25,0,0,0.018586662675564487,0.07047000108286738,0.1091131999855861,cpu
greedy,ood_double_failure,102,102,60,True,False,-174.02550867162097,"{'delivery': 107.24305345055402, 'protected_disconnect': -178.57142857142858, 'unprotected_disconnect': -58.823529411764696, 'sla_severity': -2.938007737805651, 'max_util': -38.566839104946574, 'overload': -0.012693346654889408, 'potential': 0.020310036712138397, 'move_fixed': -0.9600000000000001, 'move_volume': -0.35708827200101534, 'move_divergence': -1.0592857142857142, 'reversal': 0.0, 'invalid': 0.0}",True,27016.54975637489,24284.933873230817,0.8936921120879501,122,25,75,1.1574986225459882,0.816079461559125,0.12373699467914606,12,3.525929626358169e-05,16.84018804070339,94.62603196875179,0.10633433994910328,12,2.4,0,0.0,1995.9413776468311,24,0.035294117647058816,0,8,4,4,"{'0': 48, '8': 1, '14': 2, '15': 1, '17': 1, '18': 1, '19': 2, '23': 1, '27': 1, '32': 1, '46': 1}",0.8,0,0,1.0,1,0,0,0.020143339255203802,0.06115501164458692,0.09342369996011257,cpu
greedy,ood_double_failure,103,103,60,True,False,-170.16611703724004,"{'delivery': 108.04624385756532, 'protected_disconnect': -178.57142857142858, 'unprotected_disconnect': -58.823529411764696, 'sla_severity': -1.5447150426447367, 'max_util': -36.32714043953801, 'overload': -0.0038808177032063455, 'potential': 0.020155898296132884, 'move_fixed': -1.12, 'move_volume': -0.38539393859370485, 'move_divergence': -1.1564285714285714, 'reversal': -0.3, 'invalid': 0.0}",True,27450.495595281656,24734.31014032696,0.9003853654797109,123,25,75,1.1618445208941004,0.8077512428865511,0.1274741984777041,18,1.0780049175573182e-05,16.929547545467496,90.42661979885848,0.09964861302048349,14,2.8,1,0.058823529411764705,2012.6460178362915,28,0.04117647058823529,0,8,4,4,"{'0': 46, '7': 1, '14': 2, '15': 2, '16': 1, '17': 1, '19': 2, '27': 1, '32': 1, '45': 1, '47': 1, '52': 1}",0.7666666666666667,0,0,1.9666666666666666,23,0,0,0.02217499810891847,0.05972667131572962,0.10246299998834729,cpu
greedy,ood_double_failure,104,104,60,True,False,-170.0610715425742,"{'delivery': 107.52621231737986, 'protected_disconnect': -178.57142857142858, 'unprotected_disconnect': -58.823529411764696, 'sla_severity': -1.3375219992167078, 'max_util': -36.04754551896165, 'overload': -0.004174772033835246, 'potential': 0.019892268962814895, 'move_fixed': -1.04, 'move_volume': -0.34011871265428, 'move_divergence': -1.1428571428571428, 'reversal': -0.3, 'invalid': 0.0}",True,27791.706371086435,24999.55031102782,0.8960517693114988,123,25,75,1.1463806596493795,0.8103182928614455,0.12486351522628121,19,1.1596588982875682e-05,16.361568690019336,88.572544722081,0.10400072772861105,13,2.6,1,0.058823529411764705,1838.484345729904,26,0.038235294117647055,0,8,4,4,"{'0': 47, '13': 1, '14': 2, '15': 2, '18': 2, '19': 1, '20': 1, '27': 1, '45': 1, '47': 1, '50': 1}",0.7833333333333333,0,0,1.6666666666666667,22,0,0,0.021208322141319513,0.06828999030403793,0.10077619994990528,cpu
greedy,ood_double_failure,105,105,60,True,False,-168.7298148680297,"{'delivery': 107.29147159074401, 'protected_disconnect': -178.57142857142858, 'unprotected_disconnect': -58.823529411764696, 'sla_severity': -1.0531128121146187, 'max_util': -35.71655511299866, 'overload': -0.00413074954227851, 'potential': 0.01971528224270603, 'move_fixed': -0.8, 'move_volume': -0.2665307974532505, 'move_divergence': -0.8057142857142857, 'reversal': 0.0, 'invalid': 0.0}",True,27493.320278175557,24486.88778436928,0.8940955965895334,116,25,75,1.0779761368621756,0.801953370786831,0.1236039576484942,13,1.1474304284106972e-05,16.054051190350254,85.20737985594955,0.10586660047370028,10,2.0,0,0.0,1462.0409350119162,20,0.029411764705882353,0,8,4,4,"{'0': 50, '7': 1, '12': 1, '14': 2, '15': 2, '18': 1, '27': 1, '32': 1, '47': 1}",0.8333333333333334,0,0,1.0,1,0,0,0.018691659594575565,0.06687666561144094,0.09125799988396466,cpu
greedy,overload_stress,101,101,48,True,False,-97.71911146523829,"{'delivery': 85.28582122309766, 'protected_disconnect': 0.0, 'unprotected_disconnect': 0.0, 'sla_severity': -49.04046529771974, 'max_util': -121.77000961293096, 'overload': -1.879393989591892, 'potential': 0.01606780519028153, 'move_fixed': -2.64, 'move_volume': -1.219703021855042, 'move_divergence': -2.871428571428571, 'reversal': -3.6, 'invalid': 0.0}",True,40681.66414268056,35923.14138155487,0.8883939710739339,363,0,0,2.3325835477019368,1.4959278235247926,0.24777876454814374,245,0.006525673574971848,72.707851690508,284.34538149932297,0.11075186764041123,33,8.25,12,0.7058823529411765,11526.75352091448,63,0.11642156862745097,0,0,0,0,"{'0': 15, '8': 1, '13': 3, '14': 2, '15': 3, '17': 3, '18': 3, '19': 1, '20': 1, '21': 2, '23': 3, '34': 1, '37': 2, '38': 2, '45': 2, '48': 2, '50': 1, '58': 1}",0.3125,0,0,32.270833333333336,40,0,0,0.07939582913725947,0.06357084688109656,0.4053899000864476,cpu
greedy,overload_stress,102,102,48,True,False,-80.42430353852208,"{'delivery': 86.4024605577977, 'protected_disconnect': 0.0, 'unprotected_disconnect': 0.0, 'sla_severity': -38.923907763982335, 'max_util': -117.09748895333391, 'overload': -1.742723273142429, 'potential': 0.019615387332874892, 'move_fixed': -2.4000000000000004, 'move_volume': -1.0344023503368294, 'move_divergence': -2.6478571428571427, 'reversal': -3.0, 'invalid': 0.0}",True,40642.53764191775,36314.50150578286,0.9000256308103927,292,0,0,2.5073596266652047,1.4605035377455564,0.2428325973473058,214,0.00605112247618899,63.68166556269654,257.2990626607068,0.0989989042640292,30,7.5,10,0.5882352941176471,9661.902999912529,59,0.1090686274509804,0,0,0,0,"{'0': 18, '8': 1, '13': 2, '14': 3, '15': 2, '16': 1, '17': 3, '18': 4, '20': 1, '21': 1, '23': 1, '34': 1, '37': 2, '38': 1, '39': 1, '45': 1, '48': 1, '50': 2, '51': 1, '58': 1}",0.375,0,0,30.791666666666668,38,0,0,0.07469166788117339,0.06141249711314837,0.37927130004391074,cpu
greedy,overload_stress,103,103,48,True,False,-88.58706908691249,"{'delivery': 85.61320970455795, 'protected_disconnect': 0.0, 'unprotected_disconnect': 0.0, 'sla_severity': -40.07907346569479, 'max_util': -122.26671231194668, 'overload': -1.913341110208226, 'potential': 0.021754705091774906, 'move_fixed': -2.64, 'move_volume': -1.1171923229982281, 'move_divergence': -2.905714285714285, 'reversal': -3.3, 'invalid': 0.0}",True,42343.42312225444,37591.40487459853,0.8918042677558119,289,0,0,2.3219173623333145,1.5073887945849822,0.24785419067174738,215,0.0066435455215563405,66.22854842867743,289.77228992087174,0.10742941129295704,33,8.25,11,0.6470588235294118,10821.945981687364,64,0.11764705882352942,0,0,0,0,"{'0': 15, '5': 1, '8': 1, '13': 3, '14': 3, '15': 1, '17': 3, '18': 4, '20': 1, '21': 1, '23': 2, '27': 1, '37': 2, '38': 2, '45': 1, '48': 1, '49': 1, '50': 2, '57': 1, '58': 2}",0.3125,0,0,30.8125,41,0,0,0.07591666265701254,0.06455625649929668,0.40281130000948906,cpu
greedy,overload_stress,104,104,48,True,False,-91.17981227405191,"{'delivery': 85.56840850597726, 'protected_disconnect': 0.0, 'unprotected_disconnect': 0.0, 'sla_severity': -42.30041449211686, 'max_util': -123.11715779731055, 'overload': -1.8767059587567478, 'potential': 0.019227516325642915, 'move_fixed': -2.4800000000000004, 'move_volume': -1.1388843338849455, 'move_divergence': -2.554285714285714, 'reversal': -3.3, 'invalid': 0.0}",True,41429.31860928934,36737.55087915364,0.8913375886039298,312,0,0,2.3248386228976705,1.5179608820435941,0.24159569177358486,239,0.006516340134572041,69.28585370708525,251.8,0.10781579095873824,31,7.75,11,0.6470588235294118,10987.578085907693,59,0.1090686274509804,0,0,0,0,"{'0': 17, '8': 1, '13': 3, '14': 4, '17': 1, '18': 3, '20': 1, '21': 3, '23': 4, '37': 2, '38': 3, '45': 1, '46': 1, '49': 1, '50': 2, '58': 1}",0.3541666666666667,0,0,31.729166666666668,40,0,0,0.0730604200119463,0.063695833280993,0.3994187000207603,cpu
greedy,overload_stress,105,105,48,True,False,-99.06551881127795,"{'delivery': 85.74517714286051, 'protected_disconnect': 0.0, 'unprotected_disconnect': 0.0, 'sla_severity': -49.451127802567925, 'max_util': -123.33735961674736, 'overload': -1.9178779554021768, 'potential': 0.02389689785919208, 'move_fixed': -2.48, 'move_volume': -1.0032274772802088, 'move_divergence': -2.745, 'reversal': -3.9000000000000004, 'invalid': 0.0}",True,43103.24893855558,38271.793053302055,0.8931789285714636,345,0,0,2.535100664451643,1.5320837252473736,0.24882535370740475,253,0.00665929845625756,70.08543477871736,251.8,0.10592029441161206,31,7.75,13,0.7647058823529411,10000.149312574937,61,0.11274509803921569,0,0,0,0,"{'0': 17, '5': 1, '6': 1, '8': 2, '13': 3, '14': 5, '15': 1, '16': 1, '17': 3, '18': 5, '20': 2, '23': 1, '37': 1, '38': 1, '39': 1, '45': 1, '47': 1, '50': 1}",0.3541666666666667,0,0,31.791666666666668,39,0,0,0.08842291814895968,0.05969792740264287,0.38269060000311583,cpu
cspf,full_day,101,101,288,True,False,159.8731905986,"{'delivery': 560.8114543851907, 'protected_disconnect': 0.0, 'unprotected_disconnect': 0.0, 'sla_severity': -46.41254095962314, 'max_util': -352.0741860659671, 'overload': -1.6273040223024002, 'potential': -0.04612927949368689, 'move_fixed': -0.32, 'move_volume': -0.183817744918683, 'move_divergence': -0.27428571428571424, 'reversal': 0.0, 'invalid': 0.0}",True,131796.47709213276,127742.3064945529,0.9736309971965116,389,0,0,1.7209211350809135,0.9922985275427065,0.12951752938657654,271,0.0009417268647583335,27.65775758299781,176.5855001148371,0.026056408145845103,4,0.16666666666666666,0,0.0,988.5356036212285,8,0.0024509803921568627,0,0,0,0,"{'0': 284, '18': 1, '37': 1, '39': 1, '50': 1}",0.9861111111111112,0,0,8.597222222222221,35,0,0,0.03198159538442269,0.0643097228021361,0.768938299966976,cpu
cspf,full_day,102,102,288,True,False,257.09478876001253,"{'delivery': 568.4187665876909, 'protected_disconnect': 0.0, 'unprotected_disconnect': 0.0, 'sla_severity': -40.00453302733471, 'max_util': -270.11583085008976, 'overload': -0.7769672711189876, 'potential': -0.0036867488923157526, 'move_fixed': -0.16, 'move_volume': -0.10867421595675379, 'move_divergence': -0.15428571428571425, 'reversal': 0.0, 'invalid': 0.0}",True,127980.23783177958,125905.3682522833,0.9868381364369634,339,0,0,1.6602238987371838,0.8949999814411479,0.1275899353999077,229,0.0004496338374531179,24.709379385365008,146.57302193926637,0.012876784160236382,2,0.08333333333333333,0,0.0,538.4609760542497,4,0.0012254901960784314,0,0,0,0,"{'0': 286, '18': 1, '50': 1}",0.9930555555555556,0,0,6.131944444444445,32,0,0,0.03310208598526919,0.06487847026114145,0.729359699995257,cpu
cspf,full_day,103,103,288,True,False,238.53483320677913,"{'delivery': 567.0116864391423, 'protected_disconnect': 0.0, 'unprotected_disconnect': 0.0, 'sla_severity': -39.71505342006659, 'max_util': -287.3672934830355, 'overload': -0.9016856585517482, 'potential': -0.042142508470081746, 'move_fixed': -0.16, 'move_volume': -0.1363924479534541, 'move_divergence': -0.15428571428571425, 'reversal': 0.0, 'invalid': 0.0}",True,129713.02888522299,127339.79821569295,0.9843952889568442,381,0,0,1.6548568620383215,0.9187607203697757,0.12910940429065068,241,0.0005218088301804098,25.56030147965315,142.5965257462305,0.015240136350430391,2,0.08333333333333333,0,0.0,600.2377376009515,4,0.0012254901960784314,0,0,0,0,"{'0': 286, '18': 1, '50': 1}",0.9930555555555556,0,0,7.166666666666667,31,0,0,0.03219722081363822,0.06417812862006637,0.7175903000170365,cpu
cspf,full_day,104,104,288,True,False,206.74616504708558,"{'delivery': 565.3668582003711, 'protected_disconnect': 0.0, 'unprotected_disconnect': 0.0, 'sla_severity': -43.5931715734638, 'max_util': -312.6104260044909, 'overload': -1.099193257499345, 'potential': -0.041552170790897056, 'move_fixed': -0.48, 'move_volume': -0.4020644327549257, 'move_divergence': -0.39428571428571424, 'reversal': 0.0, 'invalid': 0.0}",True,128652.52681452257,125831.39294894438,0.9815396843756443,403,0,0,1.62951903620114,0.9424286338499365,0.1260831522458636,256,0.00063610720920101,25.629655941155274,147.92751617540344,0.01806316193713116,6,0.25,0,0.0,2008.0588641871825,12,0.003676470588235293,0,0,0,0,"{'0': 282, '18': 1, '37': 2, '39': 2, '50': 1}",0.9791666666666666,0,0,7.267361111111111,31,0,0,0.060085066959598206,0.11901249915050964,1.1086736000142992,cpu
cspf,full_day,105,105,288,True,False,247.45715190880776,"{'delivery': 567.5518613429006, 'protected_disconnect': 0.0, 'unprotected_disconnect': 0.0, 'sla_severity': -37.29355378788122, 'max_util': -281.63028188124383, 'overload': -0.9135971626924477, 'potential': -0.017058082745115208, 'move_fixed': -0.08, 'move_volume': -0.05736137667304015, 'move_divergence': -0.10285714285714284, 'reversal': 0.0, 'invalid': 0.0}",True,128245.04234233435,125891.11604840739,0.9853330926092023,325,0,0,1.689543571859851,0.9070873417145024,0.1247529125350882,232,0.0005287020617433147,23.96254929760833,167.708779722191,0.014372795097399589,1,0.041666666666666664,0,0.0,300.0,2,0.0006127450980392157,0,0,0,0,"{'0': 287, '18': 1}",0.9965277777777778,0,0,6.493055555555555,32,0,0,0.029866666914636478,0.06493992663712965,0.6489924000343308,cpu
cspf,evening_peak,101,101,84,True,False,-39.23388150110854,"{'delivery': 161.15686486993098, 'protected_disconnect': 0.0, 'unprotected_disconnect': 0.0, 'sla_severity': -43.58313537140177, 'max_util': -155.72045239811024, 'overload': -0.8918830216312794, 'potential': 0.004911473102108037, 'move_fixed': -0.08, 'move_volume': -0.017329910141206675, 'move_divergence': -0.10285714285714284, 'reversal': 0.0, 'invalid': 0.0}",True,51881.82461700071,49578.14493146874,0.9592670527972083,305,0,0,1.7196314083817819,1.190836522298674,0.16927699836782426,180,0.0017696091699033322,39.245455945989164,196.12153759892246,0.04033336979244394,1,0.14285714285714285,0,0.0,103.49999999999999,2,0.0021008403361344537,0,0,0,0,"{'0': 83, '18': 1}",0.9880952380952381,0,0,17.666666666666668,34,0,0,0.035076191471446125,0.0684357212213356,0.37629599997308105,cpu
cspf,evening_peak,102,102,84,True,False,-7.218270925333989,"{'delivery': 163.75341550992735, 'protected_disconnect': 0.0, 'unprotected_disconnect': 0.0, 'sla_severity': -29.496316979050043, 'max_util': -140.25169533186238, 'overload': -0.5229026252416695, 'potential': -0.005393791168624457, 'move_fixed': -0.32, 'move_volume': -0.10109199365289989, 'move_divergence': -0.27428571428571424, 'reversal': 0.0, 'invalid': 0.0}",True,49555.60337852391,48216.453885833624,0.9747227113686152,214,0,0,1.7653897635065634,1.122990309015395,0.16403812795385528,114,0.0010375052088128364,30.101024858314055,143.55045251765645,0.024910597933206484,4,0.5714285714285714,0,0.0,692.4380151092419,8,0.008403361344537815,0,0,0,0,"{'0': 80, '18': 1, '37': 1, '39': 1, '50': 1}",0.9523809523809523,0,0,8.630952380952381,31,0,0,0.06359762101922006,0.1062988040281371,0.3736580000258982,cpu
cspf,evening_peak,103,103,84,True,False,-50.76321810672458,"{'delivery': 158.11893949927224, 'protected_disconnect': 0.0, 'unprotected_disconnect': 0.0, 'sla_severity': -39.63383138417743, 'max_util': -167.31602878588257, 'overload': -1.3667951834148957, 'potential': -0.02433616861852848, 'move_fixed': -0.24, 'move_volume': -0.08688036961767233, 'move_divergence': -0.21428571428571425, 'reversal': 0.0, 'invalid': 0.0}",True,52731.81382448724,49409.40360608033,0.9411841636861443,247,0,0,1.880476532550673,1.2725546325159212,0.17280217799138392,142,0.002711895205188286,36.999201725146435,140.3899592367003,0.05830737574535516,3,0.42857142857142855,0,0.0,580.4710993389758,6,0.00630252100840336,0,0,0,0,"{'0': 81, '18': 1, '39': 1, '50': 1}",0.9642857142857143,0,0,16.19047619047619,35,0,0,0.05324047829379283,0.08887380993525897,0.4233821000671014,cpu
cspf,evening_peak,104,104,84,True,False,-45.77867133956981,"{'delivery': 160.23362768940098, 'protected_disconnect': 0.0, 'unprotected_disconnect': 0.0, 'sla_severity': -40.24048540059198, 'max_util': -164.19561993263656, 'overload': -1.02182124575614, 'potential': -0.020005698248067864, 'move_fixed': -0.24, 'move_volume': -0.08008103745230168, 'move_divergence': -0.21428571428571425, 'reversal': 0.0, 'invalid': 0.0}",True,52723.810206831295,50156.75339035329,0.9537715933892915,302,0,0,1.8383787478424454,1.2360583970864496,0.17361181730548514,161,0.002027423106659008,37.356641709933356,165.4326141659716,0.04569424810576119,3,0.42857142857142855,0,0.0,565.803855180859,6,0.00630252100840336,0,0,0,0,"{'0': 81, '18': 1, '39': 1, '50': 1}",0.9642857142857143,0,0,13.654761904761905,34,0,0,0.033992860976251815,0.06685952151504655,0.3061534999869764,cpu
cspf,evening_peak,105,105,84,True,False,-27.692464800103572,"{'delivery': 162.70807385883523, 'protected_disconnect': 0.0, 'unprotected_disconnect': 0.0, 'sla_severity': -35.87066007523447, 'max_util': -153.34792412956443, 'overload': -0.6759577726377339, 'potential': 0.043408986859066245, 'move_fixed': -0.24, 'move_volume': -0.09511995407558957, 'move_divergence': -0.21428571428571425, 'reversal': 0.0, 'invalid': 0.0}",True,50169.08640736607,48459.78931976277,0.968500439635924,247,0,0,1.6778759872850884,1.1730171989086802,0.16344214727472442,117,0.0013411860568209003,31.611169700139623,138.53271783256397,0.03117693870930456,3,0.42857142857142855,0,0.0,634.531772065523,6,0.00630252100840336,0,0,0,0,"{'0': 81, '18': 1, '39': 1, '50': 1}",0.9642857142857143,0,0,7.285714285714286,31,0,0,0.06392975254649562,0.12106429563746565,0.3329499000683427,cpu
cspf,flash_crowd,101,101,60,True,False,-53.61923323852784,"{'delivery': 111.31167572385898, 'protected_disconnect': 0.0, 'unprotected_disconnect': 0.0, 'sla_severity': -35.00445886332893, 'max_util': -127.3861261229875, 'overload': -1.3253746752889337, 'potential': 0.007447224466931804, 'move_fixed': -0.4, 'move_volume': -0.1681108109626745, 'move_divergence': -0.3542857142857142, 'reversal': -0.3, 'invalid': 0.0}",True,39328.82899331873,36054.56448857423,0.9275972976988248,239,0,0,2.1550980234106563,1.3294329106516796,0.18069550968581985,156,0.003681596320247038,47.08832775042442,250.8,0.07161396064133298,5,1.0,1,0.058823529411764705,1069.7165674670339,10,0.014705882352941176,0,0,0,0,"{'0': 55, '18': 1, '26': 1, '37': 1, '39': 1, '50': 1}",0.9166666666666666,0,0,20.566666666666666,37,0,0,0.04601166001521051,0.09805333102121949,0.4364761000033468,cpu
cspf,flash_crowd,102,102,60,True,False,-46.98859850313172,"{'delivery': 112.47959071631584, 'protected_disconnect': 0.0, 'unprotected_disconnect': 0.0, 'sla_severity': -32.853632050927224, 'max_util': -125.00607924831866, 'overload': -1.1298200768407594, 'potential': 0.049523240699261825, 'move_fixed': -0.24, 'move_volume': -0.053895369774476225, 'move_divergence': -0.23428571428571426, 'reversal': 0.0, 'invalid': 0.0}",True,38819.954621211735,36021.202412143255,0.9373299226359654,233,0,0,2.159086564210459,1.3026480876868685,0.18009304760112912,149,0.003138389102335443,43.154796416578094,250.8,0.06148700558573266,3,0.6,0,0.0,379.6262285384381,6,0.008823529411764704,0,0,0,0,"{'0': 57, '18': 1, '26': 1, '50': 1}",0.95,0,0,18.4,36,0,0,0.041551670680443444,0.08304834094208975,0.3351009999169037,cpu
cspf,flash_crowd,103,103,60,True,False,-62.98895728686077,"{'delivery': 110.14992551451832, 'protected_disconnect': 0.0, 'unprotected_disconnect': 0.0, 'sla_severity': -39.36535125982583, 'max_util': -131.4971280878615, 'overload': -1.5660051355548958, 'potential': 0.029805469007833787, 'move_fixed': -0.32, 'move_volume': -0.12591807285897322, 'move_divergence': -0.29428571428571426, 'reversal': 0.0, 'invalid': 0.0}",True,40401.39009538725,36559.998614200944,0.9179160459543193,256,0,0,2.047473432685701,1.363417194382753,0.18692301637771774,160,0.0043500142654302664,47.48406429877857,250.8,0.08095539656691965,4,0.8,0,0.0,869.5999388585553,8,0.01176470588235294,0,0,0,0,"{'0': 56, '18': 1, '26': 1, '39': 1, '50': 1}",0.9333333333333333,0,0,20.666666666666668,37,0,0,0.0462666735984385,0.0751333252992481,0.35566770005971193,cpu
cspf,flash_crowd,104,104,60,True,False,-64.35361865465165,"{'delivery': 111.15591451034312, 'protected_disconnect': 0.0, 'unprotected_disconnect': 0.0, 'sla_severity': -38.94579289915682, 'max_util': -134.38134231973626, 'overload': -1.2939989616415883, 'potential': -0.007044606742999426, 'move_fixed': -0.4, 'move_volume': -0.10706866343136068, 'move_divergence': -0.3742857142857142, 'reversal': 0.0, 'invalid': 0.0}",True,39904.029383603716,36713.79460875115,0.9262992875861927,272,0,0,2.0627998516574553,1.3575144255700748,0.18435170826581784,158,0.0035944415601155224,45.120644423448994,250.8,0.07259749152699442,5,1.0,0,0.0,800.8026325682677,10,0.014705882352941176,0,0,0,0,"{'0': 55, '18': 1, '25': 1, '26': 1, '39': 1, '50': 1}",0.9166666666666666,0,0,19.25,36,0,0,0.04428166624469062,0.0780933303758502,0.3347814000444487,cpu
cspf,flash_crowd,105,105,60,True,False,-59.1957556630546,"{'delivery': 111.51168977302818, 'protected_disconnect': 0.0, 'unprotected_disconnect': 0.0, 'sla_severity': -41.12292250745477, 'max_util': -127.59121883591172, 'overload': -1.458122405309624, 'potential': 0.0010937264313258723, 'move_fixed': -0.24, 'move_volume': -0.06198969955223399, 'move_divergence': -0.23428571428571426, 'reversal': 0.0, 'invalid': 0.0}",True,40497.55573466063,36914.25122929944,0.9292640814419015,271,0,0,2.0438372008545924,1.3247549413955988,0.18339643883903886,172,0.004050340014748956,45.093120814235384,250.8,0.06949132769564595,3,0.6,0,0.0,444.1867305132761,6,0.008823529411764704,0,0,0,0,"{'0': 57, '18': 1, '26': 1, '50': 1}",0.95,0,0,16.35,37,0,0,0.091616667729492,0.10279333412957688,0.31674049992579967,cpu
cspf,link_failure,101,101,60,True,False,-10.57793852843808,"{'delivery': 115.94109019814859, 'protected_disconnect': 0.0, 'unprotected_disconnect': 0.0, 'sla_severity': -18.850437831476626, 'max_util': -105.65492054155676, 'overload': -0.5104210513957771, 'potential': -0.012881286641979347, 'move_fixed': -0.64, 'move_volume': -0.1732251583726752, 'move_divergence': -0.677142857142857, 'reversal': 0.0, 'invalid': 0.0}",True,35194.5208685004,33883.37133145495,0.9661757516512383,161,0,0,1.6246421441606578,1.1648525995700931,0.16955505394908446,121,0.0014178362538771585,36.186070755749185,209.34510772785987,0.03340821994520969,8,1.6,0,0.0,1165.7841252208395,16,0.023529411764705885,0,5,0,0,"{'0': 52, '13': 1, '18': 1, '27': 1, '28': 1, '29': 1, '33': 1, '36': 1, '53': 1}",0.8666666666666667,0,0,15.866666666666667,32,0,0,0.047931672694782414,0.08859834633767605,0.2779083999339491,cpu
cspf,link_failure,102,102,60,True,False,0.07650495104250521,"{'delivery': 117.30684988907323, 'protected_disconnect': 0.0, 'unprotected_disconnect': 0.0, 'sla_severity': -18.098507743323488, 'max_util': -97.57026199683806, 'overload': -0.30117725271111595, 'potential': 0.04100599262195463, 'move_fixed': -0.56, 'move_volume': -0.17283250920858195, 'move_divergence': -0.5685714285714285, 'reversal': 0.0, 'invalid': 0.0}",True,34963.72707453651,34146.35225337511,0.9775570824089436,163,0,0,1.6344018813051662,1.0986225108862562,0.1707836950508934,101,0.0008366034797531,33.94090732101439,195.534618882645,0.022165668605263398,7,1.4,0,0.0,1208.1522638475872,14,0.020588235294117643,0,5,0,0,"{'0': 53, '13': 1, '18': 1, '29': 1, '33': 1, '36': 1, '50': 1, '53': 1}",0.8833333333333333,0,0,10.466666666666667,33,0,0,0.06692499349204202,0.08603833460559447,0.20854179991874844,cpu
cspf,link_failure,103,103,60,True,False,-28.96859661329866,"{'delivery': 113.72512936943916, 'protected_disconnect': 0.0, 'unprotected_disconnect': 0.0, 'sla_severity': -27.045314780592797, 'max_util': -112.85141816740726, 'overload': -0.7919822900974653, 'potential': 0.032379579263443675, 'move_fixed': -0.72, 'move_volume': -0.19453318104661274, 'move_divergence': -0.8228571428571427, 'reversal': -0.3, 'invalid': 0.0}",True,35823.8088412656,33826.4931213992,0.9477094114119929,210,0,0,1.995307690410412,1.2231725736083057,0.1731783107439337,129,0.0021999508058262924,41.9563823538184,209.18977192597472,0.05178897403138425,9,1.8,1,0.058823529411764705,1299.1437335974986,18,0.026470588235294117,0,5,0,0,"{'0': 51, '13': 1, '18': 1, '27': 1, '28': 1, '29': 1, '36': 1, '53': 1, '57': 1, '59': 1}",0.85,0,0,18.033333333333335,34,0,0,0.034159994296108685,0.064743331555898,0.2625710000284016,cpu
cspf,link_failure,104,104,60,True,False,-41.43183389370704,"{'delivery': 114.18772025759874, 'protected_disconnect': 0.0, 'unprotected_disconnect': 0.0, 'sla_severity': -30.831153285437537, 'max_util': -122.83173736230013, 'overload': -0.6980313999972251, 'potential': 0.0033375241802382424, 'move_fixed': -0.56, 'move_volume': -0.13339819917968793, 'move_divergence': -0.5685714285714285, 'reversal': 0.0, 'invalid': 0.0}",True,35925.56106899109,34164.12426953512,0.9515643354799895,207,0,0,1.7129078191787972,1.2585165918263008,0.17413141380516978,110,0.001938976111103403,38.50497271580858,194.3548998654064,0.0479361037668932,7,1.4,0,0.0,947.5380021864344,14,0.020588235294117643,0,5,0,0,"{'0': 53, '13': 1, '18': 1, '29': 1, '33': 1, '36': 1, '50': 1, '53': 1}",0.8833333333333333,0,0,14.0,31,0,0,0.05811832961626351,0.07611831727748115,0.272748599993065,cpu
cspf,link_failure,105,105,60,True,False,-52.25978577204613,"{'delivery': 113.45696270297145, 'protected_disconnect': 0.0, 'unprotected_disconnect': 0.0, 'sla_severity': -40.00978103253091, 'max_util': -123.82716839147591, 'overload': -0.8346386786123835, 'potential': -0.013529697453835981, 'move_fixed': -0.4, 'move_volume': -0.11734496065885855, 'move_divergence': -0.5142857142857142, 'reversal': 0.0, 'invalid': 0.0}",True,35702.181458913954,33643.56525095937,0.9454746891914287,241,0,0,1.8836241994094984,1.2768344678192176,0.168256153107528,98,0.002318440773923287,37.57893252060929,146.24333912981947,0.05412095643686747,5,1.0,0,0.0,813.8900630279751,10,0.014705882352941176,0,5,0,0,"{'0': 55, '13': 1, '18': 1, '25': 1, '29': 1, '33': 1}",0.9166666666666666,0,0,10.15,31,0,0,0.048413333327819906,0.09398999973200262,0.23762209992855787,cpu
cspf,deceptive_local_optimum,101,101,60,True,False,77.23821259367134,"{'delivery': 119.75669695252452, 'protected_disconnect': 0.0, 'unprotected_disconnect': 0.0, 'sla_severity': -3.013824743963312, 'max_util': -39.261008422198714, 'overload': -0.015827327173305355, 'potential': -0.017457823409705055, 'move_fixed': -0.08, 'move_volume': -0.027508899251012874, 'move_divergence': -0.10285714285714284, 'reversal': 0.0, 'invalid': 0.0}",True,25725.33935464404,25671.221271796287,0.997972474604371,37,0,0,1.1446771422230435,0.8143204946643752,0.1188900729542995,19,4.396479770362599e-05,18.475867428184305,83.27990066739484,0.0019930675225872368,1,0.2,0,0.0,137.51201516394028,2,0.002941176470588235,0,0,0,0,"{'0': 59, '18': 1}",0.9833333333333333,0,0,1.0,1,0,0,0.04677333442183832,0.13930167187936604,0.18213079997804016,cpu
cspf,deceptive_local_optimum,102,102,60,True,False,75.29794059510198,"{'delivery': 119.79251903106278, 'protected_disconnect': 0.0, 'unprotected_disconnect': 0.0, 'sla_severity': -2.7111687380880043, 'max_util': -41.54644616324899, 'overload': -0.014034611049211963, 'potential': -0.008791306823123846, 'move_fixed': -0.08, 'move_volume': -0.031280473894353324, 'move_divergence': -0.10285714285714284, 'reversal': 0.0, 'invalid': 0.0}",True,25520.610653040978,25474.691479205147,0.9982709919255232,23,0,0,1.1596040160866927,0.830743623463879,0.11810386721210078,20,3.898503069225545e-05,18.098353893088873,81.21376234457249,0.0017178827878708825,1,0.2,0,0.0,148.62921721224,2,0.002941176470588235,0,0,0,0,"{'0': 59, '18': 1}",0.9833333333333333,0,0,1.0,1,0,0,0.038734996148074664,0.08962000720202923,0.12212549999821931,cpu
cspf,deceptive_local_optimum,103,103,60,True,False,41.9342455984413,"{'delivery': 118.04313520803461, 'protected_disconnect': 0.0, 'unprotected_disconnect': 0.0, 'sla_severity': -13.628091697519729, 'max_util': -62.08730201667597, 'overload': -0.1725665045034947, 'potential': -0.005261160384788713, 'move_fixed': -0.08, 'move_volume': -0.03281108765218329, 'move_divergence': -0.10285714285714284, 'reversal': 0.0, 'invalid': 0.0}",True,26020.410315509478,25574.822032664662,0.9836927934002885,92,0,0,1.381964040340793,0.932336784132666,0.11919069437909195,36,0.00047935140139859637,23.881674404895033,103.01551612808672,0.01617591770367383,1,0.2,0,0.0,171.36040280233073,2,0.002941176470588235,0,0,0,0,"{'0': 59, '18': 1}",0.9833333333333333,0,0,5.966666666666667,30,0,0,0.03999333130195737,0.08042167561749618,0.17257349996361881,cpu
cspf,deceptive_local_optimum,104,104,60,True,False,71.04899803668633,"{'delivery': 119.75988393386888, 'protected_disconnect': 0.0, 'unprotected_disconnect': 0.0, 'sla_severity': -2.776008376993394, 'max_util': -45.68852106436187, 'overload': -0.015644357154062143, 'potential': -0.01587274563183628, 'move_fixed': -0.08, 'move_volume': -0.03198221018425604, 'move_divergence': -0.10285714285714284, 'reversal': 0.0, 'invalid': 0.0}",True,26045.279641573266,25991.035547916596,0.9979990327822407,34,0,0,1.123072949509882,0.8445125769706837,0.12068888978186879,17,4.345654765017261e-05,18.68271050176727,79.40663257967955,0.001953137247125215,1,0.2,0,0.0,133.8331943603757,2,0.002941176470588235,0,0,0,0,"{'0': 59, '18': 1}",0.9833333333333333,0,0,1.0,1,0,0,0.07507499734250207,0.16563335084356368,0.213022300042212,cpu
cspf,deceptive_local_optimum,105,105,60,True,False,60.12665771807424,"{'delivery': 119.52957493598751, 'protected_disconnect': 0.0, 'unprotected_disconnect': 0.0, 'sla_severity': -4.781305686338849, 'max_util': -54.360303477289335, 'overload': -0.037257934308983276, 'potential': -0.01749113765630962, 'move_fixed': -0.08, 'move_volume': -0.02370183946266293, 'move_divergence': -0.10285714285714284, 'reversal': 0.0, 'invalid': 0.0}",True,26192.68895057379,26078.85220957082,0.9960797911332293,57,0,0,1.1782809246253918,0.8832249805400909,0.12064139021539741,28,0.000103494261969398,19.97425675239766,79.81270541810837,0.0038706105318743965,1,0.2,0,0.0,110.85748019494693,2,0.002941176470588235,0,0,0,0,"{'0': 59, '18': 1}",0.9833333333333333,0,0,1.0,1,0,0,0.04088666173629463,0.12385833930845062,0.18512869998812675,cpu
cspf,ood_double_failure,101,101,60,True,False,-211.3436307629779,"{'delivery': 108.38885371233586, 'protected_disconnect': -178.57142857142858, 'unprotected_disconnect': -58.823529411764696, 'sla_severity': -15.512692905557262, 'max_util': -66.00723582504135, 'overload': -0.08993853808804411, 'potential': -0.0414937187032933, 'move_fixed': -0.32, 'move_volume': -0.04045121901626049, 'move_divergence': -0.3257142857142857, 'reversal': 0.0, 'invalid': 0.0}",True,27339.738193055007,24770.998557693863,0.9032404476027989,231,25,75,1.5869112179335256,0.9404118192459892,0.11919252014147262,45,0.0002498292724667892,22.554995513211654,136.52584660631607,0.09657781767231155,4,0.8,0,0.0,193.88572802241174,8,0.01176470588235294,0,7,4,4,"{'0': 56, '1': 1, '19': 1, '25': 1, '65': 1}",0.9333333333333333,0,0,3.0,29,0,0,0.054561664971212544,0.11582832667045295,0.1988694000756368,cpu
cspf,ood_double_failure,102,102,60,True,False,-210.22879136783237,"{'delivery': 106.63115127538265, 'protected_disconnect': -178.57142857142858, 'unprotected_disconnect': -58.823529411764696, 'sla_severity': -12.929601566309094, 'max_util': -65.79315120064092, 'overload': -0.06624458880796022, 'potential': 0.014724962107445713, 'move_fixed': -0.32, 'move_volume': -0.044997980656953124, 'move_divergence': -0.3257142857142857, 'reversal': 0.0, 'invalid': 0.0}",True,27016.54975637489,24128.88884788483,0.8885929272948554,212,25,75,1.4191926676349766,0.9408927579090877,0.1169836178222563,39,0.00018401274668877843,20.99182608182209,136.48813811522757,0.11134644979202045,4,0.8,0,0.0,241.76192640367694,8,0.01176470588235294,0,7,4,4,"{'0': 56, '1': 1, '19': 1, '25': 1, '65': 1}",0.9333333333333333,0,0,3.5,28,0,0,0.04098999973696967,0.0777833202543358,0.13974709995090961,cpu
cspf,ood_double_failure,103,103,60,True,False,-222.19611756019614,"{'delivery': 106.68473601900207, 'protected_disconnect': -178.57142857142858, 'unprotected_disconnect': -58.823529411764696, 'sla_severity': -15.015590156550395, 'max_util': -75.63002525986677, 'overload': -0.13806949703781982, 'potential': 0.004072333498766359, 'move_fixed': -0.32, 'move_volume': -0.060568730334408016, 'move_divergence': -0.3257142857142857, 'reversal': 0.0, 'invalid': 0.0}",True,27450.495595281656,24387.050452338848,0.8890394668250173,215,25,75,1.437039276843283,0.9842236450196425,0.1190492506974708,47,0.0003835263806606105,22.6958497329998,134.1857768215661,0.11089343486151201,4,0.8,0,0.0,294.8958953520031,8,0.01176470588235294,0,7,4,4,"{'0': 56, '1': 1, '19': 1, '25': 1, '65': 1}",0.9333333333333333,0,0,7.6,30,0,0,0.03846999218997856,0.0639483235621204,0.15373799996450543,cpu
cspf,ood_double_failure,104,104,60,True,False,-212.32000686910007,"{'delivery': 106.7449969163012, 'protected_disconnect': -178.57142857142858, 'unprotected_disconnect': -58.823529411764696, 'sla_severity': -10.13000622246657, 'max_util': -70.50493655549947, 'overload': -0.08067714320866871, 'potential': -0.03233429787976705, 'move_fixed': -0.4, 'move_volume': -0.09352015458209446, 'move_divergence': -0.4285714285714285, 'reversal': 0.0, 'invalid': 0.0}",True,27791.706371086435,24789.41152350737,0.8895416409691767,189,25,75,1.3374849667194648,0.9583502807944401,0.12040266709509075,47,0.00022410317557963527,21.61418235090077,134.69255109756713,0.11043018968994628,5,1.0,0,0.0,501.04446097854475,10,0.014705882352941176,0,8,4,4,"{'0': 55, '1': 1, '18': 1, '19': 1, '25': 1, '65': 1}",0.9166666666666666,0,0,5.116666666666666,30,0,0,0.04124167220046123,0.09731000172905624,0.1707677999511361,cpu
cspf,ood_double_failure,105,105,60,True,False,-236.13788175998565,"{'delivery': 105.84187381365119, 'protected_disconnect': -178.57142857142858, 'unprotected_disconnect': -58.823529411764696, 'sla_severity': -21.172773405213917, 'max_util': -82.74899084124708, 'overload': -0.13032122355707074, 'potential': -0.02331001771297842, 'move_fixed': -0.24, 'move_volume': -0.023687816998223046, 'move_divergence': -0.2457142857142857, 'reversal': 0.0, 'invalid': 0.0}",True,27493.320278175557,24133.669274050535,0.8820156151137599,270,25,75,1.4356350293931206,1.0148567877482924,0.11659240927419297,50,0.00036200339876964096,24.72101218642378,140.48438026757623,0.11776417007568288,3,0.6,0,0.0,132.76284178328862,6,0.008823529411764704,0,7,4,4,"{'0': 57, '1': 1, '25': 1, '65': 1}",0.95,0,0,4.116666666666666,29,0,0,0.06750666070729494,0.09178333372498552,0.20106340001802891,cpu
cspf,overload_stress,101,101,48,True,False,-91.04450127083246,"{'delivery': 85.05727078426438, 'protected_disconnect': 0.0, 'unprotected_disconnect': 0.0, 'sla_severity': -48.37366441300254, 'max_util': -124.94720259900251, 'overload': -1.9479846112954748, 'potential': 0.0023086886422907585, 'move_fixed': -0.32, 'move_volume': -0.14665769186716698, 'move_divergence': -0.36857142857142855, 'reversal': 0.0, 'invalid': 0.0}",True,40681.66414268056,35831.86715452695,0.8860132373360873,336,0,0,2.312885464440658,1.543044056379263,0.2282530020928629,209,0.006763835455887064,67.4546020256944,256.24230730498056,0.11316904257298267,4,1.0,0,0.0,1344.2522975269055,8,0.014705882352941175,0,0,0,0,"{'0': 44, '13': 1, '14': 1, '18': 1, '39': 1}",0.9166666666666666,0,0,33.395833333333336,40,0,0,0.052581250201910734,0.12981458470070115,0.6232578000053763,cpu
cspf,overload_stress,102,102,48,True,False,-114.57564716211522,"{'delivery': 82.62695364075844, 'protected_disconnect': 0.0, 'unprotected_disconnect': 0.0, 'sla_severity': -56.97287857556138, 'max_util': -137.59025472304364, 'overload': -2.4545310990092952, 'potential': 0.005510153713592231, 'move_fixed': -0.08, 'move_volume': -0.007589416115782547, 'move_divergence': -0.10285714285714284, 'reversal': 0.0, 'invalid': 0.0}",True,40642.53764191775,34732.67823939971,0.8606974337579004,345,0,0,2.5073596266652047,1.689315674952054,0.2187451585617899,186,0.00852267742711561,62.424573580817615,197.57539759372168,0.1381713360391944,1,0.25,0,0.0,68.67231630445546,2,0.0036764705882352936,0,0,0,0,"{'0': 47, '18': 1}",0.9791666666666666,0,0,29.833333333333332,38,0,0,0.05195832879204924,0.07281250630815823,0.4964491000864655,cpu
cspf,overload_stress,103,103,48,True,False,-131.89660443252023,"{'delivery': 79.8076300075395, 'protected_disconnect': 0.0, 'unprotected_disconnect': 0.0, 'sla_severity': -56.41738746953526, 'max_util': -151.13814297579015, 'overload': -3.0464164297299687, 'potential': 0.009661991439006354, 'move_fixed': -0.32, 'move_volume': -0.12337812787193421, 'move_divergence': -0.36857142857142855, 'reversal': -0.3, 'invalid': 0.0}",True,42343.42312225444,35092.633915759834,0.8313294792452032,330,0,0,2.881331029811667,1.905663049594536,0.22755177586823186,184,0.01057783482545128,63.32875852461574,256.43395217091495,0.1679491168759393,4,1.0,1,0.058823529411764705,1076.5937653202632,8,0.014705882352941175,0,0,0,0,"{'0': 44, '18': 1, '29': 1, '30': 1, '39': 1}",0.9166666666666666,0,0,33.4375,39,0,0,0.05296040035318583,0.08254374066988628,0.5072766999946907,cpu
cspf,overload_stress,104,104,48,True,False,-138.6441338870772,"{'delivery': 78.88557985757978, 'protected_disconnect': 0.0, 'unprotected_disconnect': 0.0, 'sla_severity': -56.06395195535205, 'max_util': -157.7826732375048, 'overload': -3.1814303891493054, 'potential': 0.01100007562207412, 'move_fixed': -0.24, 'move_volume': -0.05837252398719302, 'move_divergence': -0.21428571428571425, 'reversal': 0.0, 'invalid': 0.0}",True,41429.31860928934,33923.42861762007,0.8217247901831227,340,0,0,2.8082632989133445,1.9902651060170757,0.2163660266103875,167,0.01104663329565731,60.42571106518807,256.6942651574999,0.17743406697124495,3,0.75,0,0.0,556.3573895909263,6,0.01102941176470588,0,0,0,0,"{'0': 45, '18': 1, '39': 1, '50': 1}",0.9375,0,0,32.354166666666664,37,0,0,0.0424625031882897,0.0872083255671896,0.48872099991422147,cpu
cspf,overload_stress,105,105,48,True,False,-126.75780859192369,"{'delivery': 81.37173319355811, 'protected_disconnect': 0.0, 'unprotected_disconnect': 0.0, 'sla_severity': -62.18966782974656, 'max_util': -142.23575479957776, 'overload': -2.8327983605653317, 'potential': 0.06096114169949627, 'move_fixed': -0.24, 'move_volume': -0.08371050872019979, 'move_divergence': -0.3085714285714285, 'reversal': -0.3, 'invalid': 0.0}",True,43103.24893855558,36301.78071659394,0.8476222207662304,361,0,0,3.080131970097002,1.7625338334363703,0.22875273786904637,203,0.009836105418629624,63.731790795053875,224.9692126537395,0.15146131901423565,3,0.75,1,0.058823529411764705,896.3478026193504,6,0.011029411764705883,0,0,0,0,"{'0': 45, '13': 1, '14': 1, '18': 1}",0.9375,0,0,32.229166666666664,37,0,0,0.03996458447848757,0.0713124997370566,0.43580069998279214,cpu
