run_id,scenario,seed,step,n_legal,r_policy,r_noop,r_best,policy_is_noop,best_is_noop,agree_top1,g6_policy,g6_myopic_best,g6_noop
E0_repro__ppo__r42,full_day,3001,0,49,-0.41567021355090294,-0.5464733187283893,-0.31874410038499423,False,False,False,-0.33485841887380996,-2.4313954446256485,-2.7325676035152893
E0_repro__ppo__r42,full_day,3001,3,46,-0.2371180446782704,-0.40841499161273437,-0.027302266386951213,False,False,False,-0.18507432622964787,0.23716043502202563,-0.6249436819326916
E0_repro__ppo__r42,full_day,3001,6,46,-0.057319411929702135,0.1345949865920304,0.1345949865920304,False,True,False,3.1496073524156047,4.208948517087159,4.208948517087159
E0_repro__ppo__r42,full_day,3001,9,46,1.577161349149688,1.7528904497193765,1.7528904497193765,False,True,False,-0.6455696465091402,-0.4698405459394518,-0.4698405459394518
E0_repro__ppo__r42,full_day,3001,12,46,-1.349525957142219,-0.8762861356633924,-0.25595180545244706,False,False,False,-5.500981829830561,-1.4905010344259721,-5.027742008351735
E0_repro__ppo__r42,full_day,3001,15,46,-1.4641283922205282,-0.990933641915073,-0.4914829805062204,False,False,False,-2.1792706937055852,0.6508979533390187,-1.70607594340013
E0_repro__ppo__r42,full_day,3001,18,46,-0.8929002592768951,-0.4188764025131534,-0.05386084773635115,False,False,False,1.5708921467522883,3.2253093501048262,2.04491600351603
E0_repro__ppo__r42,full_day,3001,21,46,-0.6480474932781788,-0.175039829312299,-0.175039829312299,False,True,False,1.6194178312168348,2.092425495182715,2.092425495182715
E0_repro__ppo__r42,full_day,3001,24,46,0.5311312142308162,1.0052914630893393,1.0758788637165184,False,False,False,0.5933317086643111,1.8220590069341034,1.067491957522834
E0_repro__ppo__r42,full_day,3001,27,45,-1.2732116206120778,-0.802302755555992,-0.6433996456306399,False,False,False,-2.6314271280063677,-1.607365676673018,-2.1605182629502817
E0_repro__ppo__r42,full_day,3001,30,46,-1.3206656543843507,-0.8471362012363021,-0.8471362012363021,False,True,False,-6.034545622515791,-5.561016169367743,-5.561016169367743
E0_repro__ppo__r42,full_day,3001,33,46,-1.0094942295330243,-0.5329181599979703,0.06692960672036524,False,False,False,-5.131941369923373,-2.472073212749901,-4.655365300388319
E0_repro__ppo__r42,full_day,3001,36,45,-0.7536350295967855,-0.28018131032346333,-0.06734392961905067,False,False,False,-2.8201293724032697,-1.2600214553048603,-2.3466756531299473
E0_repro__ppo__r42,full_day,3001,39,45,-0.6378337622847874,-0.16518222460516918,-0.16518222460516918,False,True,False,-2.02987061006056,-1.5572190723809418,-1.5572190723809418
E0_repro__ppo__r42,full_day,3001,42,46,-0.5432969617037511,-0.07139586783237757,-0.07139586783237757,False,True,False,-1.0412277737919404,-0.5693266799205668,-0.5693266799205668
E0_repro__ppo__r42,full_day,3001,45,46,0.08130981218348571,0.5526507122930133,0.5526507122930133,False,True,False,-0.46659763954588696,0.004743260563640689,0.004743260563640689
E0_repro__ppo__r42,full_day,3001,48,45,-0.5547098071506309,-0.08330926275021891,0.144332401714695,False,False,False,2.00853099525001,4.4784633305294115,2.479931539650422
E0_repro__ppo__r42,full_day,3001,51,46,1.1342606928899575,1.6030169925321243,1.6030169925321243,False,True,False,4.056102805321034,4.524859104963201,4.524859104963201
E0_repro__ppo__r42,full_day,3001,54,45,-0.2615307272585705,0.2109247492946528,0.2109247492946528,False,True,False,5.769844832727118,6.242300309280341,6.242300309280341
E0_repro__ppo__r42,full_day,3001,57,46,0.7429901115340412,1.2172569654601981,1.2172569654601981,False,True,False,5.687028047410036,6.161294901336192,6.161294901336192
E0_repro__ppo__r42,full_day,3001,60,46,0.07856834615416569,0.5528901231928031,0.5528901231928031,False,True,False,5.27119495625166,5.745516733290297,5.745516733290297
E0_repro__ppo__r42,full_day,3001,63,49,0.32971798330357843,0.8024443835067955,0.8024443835067955,False,True,False,5.655965106939612,6.128691507142829,6.128691507142829
E0_repro__ppo__r42,full_day,3001,66,49,0.43440777760886246,0.9069952672374731,1.1172310662822365,False,False,False,5.177193450323908,7.041344885040893,5.649780939952518
E0_repro__ppo__r42,full_day,3001,69,46,0.2663292636896883,0.7370429869685082,0.8301210675312288,False,False,False,6.771194214779086,7.778039765596037,7.2419079380579054
E0_repro__ppo__r42,full_day,3001,72,46,0.43432267652366524,0.9075077538275663,0.9075077538275663,False,True,False,6.927151944611483,7.400337021915384,7.400337021915384
E0_repro__ppo__r42,full_day,3001,75,49,0.41126604686698426,0.8835915088541094,0.8835915088541094,False,True,False,6.938782305946294,7.411107767933419,7.411107767933419
E0_repro__ppo__r42,full_day,3001,78,49,0.4648793718638911,0.9375700290043811,0.9375700290043811,False,True,False,9.373779990591471,9.84647064773196,9.84647064773196
E0_repro__ppo__r42,full_day,3001,81,46,1.5286792574104753,1.999802624679775,1.999802624679775,False,True,False,11.52769238080935,11.99881574807865,11.99881574807865
E0_repro__ppo__r42,full_day,3001,84,46,1.5271024368271742,1.999802624679775,1.999802624679775,False,True,False,11.52611556022605,11.99881574807865,11.99881574807865
E0_repro__ppo__r42,full_day,3001,87,49,1.5304365780348974,1.999802624679775,1.999802624679775,False,True,False,11.529449701433773,11.99881574807865,11.99881574807865
E0_repro__ppo__r42,full_day,3001,90,49,1.5283124940884534,1.999802624679775,1.999802624679775,False,True,False,11.527325617487328,11.99881574807865,11.99881574807865
E0_repro__ppo__r42,full_day,3001,93,49,1.5241163343288677,1.999802624679775,1.999802624679775,False,True,False,11.523129457727743,11.99881574807865,11.99881574807865
E0_repro__ppo__r42,full_day,3001,96,49,1.999802624679775,1.999802624679775,1.999802624679775,True,True,True,11.99881574807865,11.99881574807865,11.99881574807865
E0_repro__ppo__r42,full_day,3001,99,49,1.999802624679775,1.999802624679775,1.999802624679775,True,True,True,11.99881574807865,11.99881574807865,11.99881574807865
E0_repro__ppo__r42,full_day,3001,102,49,1.8197877352044713,1.999802624679775,1.999802624679775,False,True,False,11.818800858603346,11.99881574807865,11.99881574807865
E0_repro__ppo__r42,full_day,3001,105,49,1.52933855047586,1.999802624679775,1.999802624679775,False,True,False,11.528351673874736,11.99881574807865,11.99881574807865
E0_repro__ppo__r42,full_day,3001,108,49,1.5220870866229206,1.999802624679775,1.999802624679775,False,True,False,11.521100210021796,11.99881574807865,11.99881574807865
E0_repro__ppo__r42,full_day,3001,111,49,1.5237578183363343,1.999802624679775,1.999802624679775,False,True,False,11.52277094173521,11.99881574807865,11.99881574807865
E0_repro__ppo__r42,full_day,3001,114,49,1.999802624679775,1.999802624679775,1.999802624679775,True,True,True,11.99881574807865,11.99881574807865,11.99881574807865
E0_repro__ppo__r42,full_day,3001,117,46,1.999802624679775,1.999802624679775,1.999802624679775,True,True,True,11.987840131648571,11.987840131648571,11.987840131648571
E0_repro__ppo__r42,full_day,3001,120,46,1.988827008249695,1.988827008249695,1.988827008249695,True,True,True,11.987840131648571,11.987840131648571,11.987840131648571
E0_repro__ppo__r42,full_day,3001,123,49,1.999802624679775,1.999802624679775,1.999802624679775,True,True,True,11.99881574807865,11.99881574807865,11.99881574807865
E0_repro__ppo__r42,full_day,3001,126,49,1.999802624679775,1.999802624679775,1.999802624679775,True,True,True,11.99881574807865,11.99881574807865,11.99881574807865
E0_repro__ppo__r42,full_day,3001,129,49,1.999802624679775,1.999802624679775,1.999802624679775,True,True,True,11.99881574807865,11.99881574807865,11.99881574807865
E0_repro__ppo__r42,full_day,3001,132,49,1.8292195718272224,1.999802624679775,1.999802624679775,False,True,False,11.815783351305605,11.986366404158158,11.986366404158158
E0_repro__ppo__r42,full_day,3001,135,49,1.5258526430726587,1.999802624679775,1.999802624679775,False,True,False,11.512416422551041,11.986366404158158,11.986366404158158
E0_repro__ppo__r42,full_day,3001,138,49,1.5283645208886745,1.999802624679775,1.999802624679775,False,True,False,11.48775685210557,11.959194955896669,11.959194955896669
E0_repro__ppo__r42,full_day,3001,141,49,1.5220570117330954,1.999802624679775,1.999802624679775,False,True,False,11.363425527259059,11.841171140205738,11.841171140205738
E0_repro__ppo__r42,full_day,3001,144,49,1.881778808988844,1.881778808988844,1.881778808988844,True,True,True,11.545683210476103,11.545683210476103,11.545683210476103
E0_repro__ppo__r42,full_day,3001,147,49,1.497677293498758,1.9777166407987814,1.9777166407987814,False,True,False,10.923775757749702,11.403815105049725,11.403815105049725
E0_repro__ppo__r42,full_day,3001,150,49,1.516478194320109,1.999802624679775,1.999802624679775,False,True,False,11.12060846880426,11.603932899163926,11.603932899163926
E0_repro__ppo__r42,full_day,3001,153,49,1.5129275269612346,1.999802624679775,1.999802624679775,False,True,False,10.292048302892882,10.778923400611422,10.778923400611422
E0_repro__ppo__r42,full_day,3001,156,49,1.482566894932818,1.9631695188066765,1.9631695188066765,False,True,False,9.227639314229787,9.708241938103646,9.708241938103646
E0_repro__ppo__r42,full_day,3001,159,49,0.5783303243412372,1.0597198962722367,1.8505975799712133,False,False,False,9.230379112720549,10.518821194782577,9.557532856235976
E0_repro__ppo__r42,full_day,3001,162,49,1.5254440865117287,1.999802624679775,1.999802624679775,False,True,False,10.260126856549519,10.734485394717565,10.734485394717565
E0_repro__ppo__r42,full_day,3001,165,49,1.4073125214127542,1.8949064418312602,1.8949064418312602,False,True,False,8.101030250051581,8.588624170470087,8.588624170470087
E0_repro__ppo__r42,full_day,3001,168,49,0.6734252788144923,1.158966761918478,1.2087873807454377,False,False,False,8.049539142582075,11.207800504144313,8.535080625686062
E0_repro__ppo__r42,full_day,3001,171,49,1.283385319090166,1.763303399656573,1.8466677336919834,False,False,False,11.282398442489042,11.695143938745655,11.611779604710245
E0_repro__ppo__r42,full_day,3001,174,49,1.5081958615081488,1.999802624679775,1.999802624679775,False,True,False,10.296402311729468,10.788009074901094,10.788009074901094
E0_repro__ppo__r42,full_day,3001,177,49,1.5136765241752668,1.999802624679775,1.999802624679775,False,True,False,7.460950828403879,7.947076928908388,7.947076928908388
E0_repro__ppo__r42,full_day,3001,180,49,0.44006205926785785,0.9255805376267348,1.8447053806946367,False,False,False,6.734434779555024,9.512515033276303,7.219953257913901
E0_repro__ppo__r42,full_day,3001,183,49,1.3008708429298932,1.7903117930949701,1.7903117930949701,False,True,False,8.542682264965848,9.032123215130925,9.032123215130925
E0_repro__ppo__r42,full_day,3001,186,49,1.5166765172050856,1.999802624679775,1.999802624679775,False,True,False,10.486927451828278,10.970053559302967,10.970053559302967
E0_repro__ppo__r42,full_day,3001,189,49,1.999802624679775,1.999802624679775,1.999802624679775,True,True,True,11.091546037816304,11.091546037816304,11.091546037816304
E0_repro__ppo__r42,full_day,3001,192,46,1.6939792294708074,1.6939792294708074,1.6939792294708074,True,True,True,11.342188109986534,11.342188109986534,11.342188109986534
E0_repro__ppo__r42,full_day,3001,195,46,1.999802624679775,1.999802624679775,1.999802624679775,True,True,True,11.077240480724024,11.077240480724024,11.077240480724024
E0_repro__ppo__r42,full_day,3001,198,46,1.7638472806180419,1.7638472806180419,1.8381023233629215,True,False,False,9.939489337645778,10.131799442748953,9.939489337645778
E0_repro__ppo__r42,full_day,3001,201,46,1.3195020671412725,1.3195020671412725,1.3195020671412725,True,True,True,9.905746739604364,9.905746739604364,9.905746739604364
E0_repro__ppo__r42,full_day,3001,204,46,1.999802624679775,1.999802624679775,1.999802624679775,True,True,True,8.070502680796835,8.070502680796835,8.070502680796835
E0_repro__ppo__r42,full_day,3001,207,46,0.8842850660953349,0.8842850660953349,0.8842850660953349,True,True,True,5.996515486176605,5.996515486176605,5.996515486176605
E0_repro__ppo__r42,full_day,3001,210,46,1.6787055547533398,1.6787055547533398,1.6787055547533398,True,True,True,10.786927960906107,10.786927960906107,10.786927960906107
E0_repro__ppo__r42,full_day,3001,213,46,1.774572382304106,1.774572382304106,1.8247400450167102,True,False,False,8.037076215324213,8.087194047808982,8.037076215324213
E0_repro__ppo__r42,full_day,3001,216,46,0.8153519961493045,0.8153519961493045,0.8153519961493045,True,True,True,6.430216490952825,6.430216490952825,6.430216490952825
E0_repro__ppo__r42,full_day,3001,219,46,1.2594418435675756,1.2594418435675756,1.2594418435675756,True,True,True,7.763420696542501,7.763420696542501,7.763420696542501
E0_repro__ppo__r42,full_day,3001,222,46,0.8347512048885986,1.0138890729903043,1.6820677698971658,False,False,False,8.260358362315852,10.161862375273477,8.439496230417557
E0_repro__ppo__r42,full_day,3001,225,46,0.893467329737121,1.3522347638975583,1.4030881048522454,False,False,False,7.3046171664198996,8.21663203722231,7.627554438760891
E0_repro__ppo__r42,full_day,3001,228,46,0.8580931720186478,1.3169902520394827,1.3169902520394827,False,True,False,6.004078377798211,7.0274824619157865,7.0274824619157865
E0_repro__ppo__r42,full_day,3001,231,46,0.6514223986673868,0.8948265393524975,1.1411585890943325,False,False,False,4.6802186794034295,-0.03709334152430564,4.702720282159775
E0_repro__ppo__r42,full_day,3001,234,46,1.42705977092581,1.42705977092581,1.42705977092581,True,True,True,4.139538838535914,4.139538838535914,4.139538838535914
E0_repro__ppo__r42,full_day,3001,237,46,0.3193624514232888,0.5161084539949566,0.5161084539949566,False,True,False,4.200761066746993,4.397540220007103,4.397540220007103
E0_repro__ppo__r42,full_day,3001,240,46,1.2519484817678266,1.7712616947219033,1.7712616947219033,False,True,False,3.148960388451714,3.668273601405791,3.668273601405791
E0_repro__ppo__r42,full_day,3001,243,46,-0.014975306103015219,-0.014975306103015219,0.257920978320868,True,False,False,0.8363758357852894,6.515979011804611,0.8363758357852894
E0_repro__ppo__r42,full_day,3001,246,46,-0.31272724724492623,-0.14519248128664944,1.1832790248336884,False,False,False,0.6527535927428242,1.328153713258228,0.8202883587970731
E0_repro__ppo__r42,full_day,3001,249,46,-0.4856322291694676,-0.012643702166263367,-0.012643702166263367,False,True,False,3.4243646354923256,3.8973531624955298,3.8973531624955298
E0_repro__ppo__r42,full_day,3001,252,46,1.004043339133961,1.4735641582605918,1.4735641582605918,False,True,False,4.940186491439917,5.424948909960261,5.424948909960261
E0_repro__ppo__r42,full_day,3001,255,46,0.39869523779264876,0.8648877160597824,0.8648877160597824,False,True,False,5.550259194393475,6.005248084255732,6.005248084255732
E0_repro__ppo__r42,full_day,3001,258,46,0.6457130778551128,1.1406174818758053,1.1406174818758053,False,True,False,3.4929201950527617,3.987824599073454,3.987824599073454
E0_repro__ppo__r42,full_day,3001,261,46,0.3917408896725774,0.850330558582297,0.850330558582297,False,True,False,0.3973175802095618,0.8553254703448672,0.8553254703448672
E0_repro__ppo__r42,full_day,3001,264,46,-0.2708720600295228,0.19639952641934597,0.19639952641934597,False,True,False,-1.149934247706138,-0.6820525119225033,-0.6820525119225033
E0_repro__ppo__r42,full_day,3001,267,46,-1.048175922399476,-0.592720030899555,-0.3368208805131293,False,False,False,-0.8290003049634432,-2.3809387398976694,-0.3735727840074199
E0_repro__ppo__r42,full_day,3001,270,46,0.3473347581692355,0.8075975833570608,0.8075975833570608,False,True,False,2.176168396969025,2.63643122215685,2.63643122215685
E0_repro__ppo__r42,full_day,3001,273,46,0.3640321088564283,0.8315152309940531,0.8315152309940531,False,True,False,5.762259585613132,6.229742707750757,6.229742707750757
E0_repro__ppo__r42,full_day,3001,276,46,0.5909813095070227,1.062789018226976,1.062789018226976,False,True,False,4.431685395710332,4.903493104430285,4.903493104430285
E0_repro__ppo__r42,full_day,3001,279,46,0.041061076710130706,0.5102466676610228,0.5102466676610228,False,True,False,1.018861517503418,1.4880471084543099,1.4880471084543099
E0_repro__ppo__r42,full_day,3001,282,46,0.2719893883711662,0.7304165195988652,1.4590032279830876,False,False,False,-0.2848497499028256,3.5829315040895273,0.17357738132487344
E0_repro__ppo__r42,full_day,3001,285,46,-0.7243847570683457,-0.26310473314747485,0.19704644578303196,False,False,False,-0.7504902476808526,2.060673829306886,-0.28921022375998173
E0_repro__ppo__r42,full_day,3002,0,49,-0.5903648883757996,-0.35014636884561656,0.19322683332679094,False,False,False,-2.1831999032468237,-4.3368011661900905,-5.5979385546250935
E0_repro__ppo__r42,full_day,3002,3,45,-0.44107600376645106,-0.6558588618189218,-0.41607600376645104,False,False,False,-1.1588199942836592,-1.133819994283659,-1.379412403729015
E0_repro__ppo__r42,full_day,3002,6,46,0.7974452819443072,0.949691336347337,0.949691336347337,False,True,False,1.8142808606428262,1.966526915081896,1.966526915081896
E0_repro__ppo__r42,full_day,3002,9,46,-0.7834519623501155,-0.6111527728656906,-0.11965268599923443,False,False,False,2.0272685726349553,3.0778405951912915,2.19956776211938
E0_repro__ppo__r42,full_day,3002,12,46,0.1165126934307042,0.5867494222786916,0.7896422183325124,False,False,False,1.0457927503867352,2.5111538530582624,1.5160294792347226
E0_repro__ppo__r42,full_day,3002,15,46,0.33712170058965724,0.8125533820913898,1.115515568683907,False,False,False,1.6958830890094465,2.7943825862603227,2.171314770511179
E0_repro__ppo__r42,full_day,3002,18,48,-0.21545643528866648,0.2583762990455647,0.2583762990455647,False,True,False,1.1220653911666323,1.5958981255008635,1.5958981255008635
E0_repro__ppo__r42,full_day,3002,21,45,0.12246565528480219,0.5972390535539651,0.5972390535539651,False,True,False,4.423586547178637,4.8983599454478,4.8983599454478
E0_repro__ppo__r42,full_day,3002,24,46,-0.041069756179853256,0.43362346381788336,0.8046083298853237,False,False,False,2.401074223948599,3.5745845109852503,2.8757674439463354
E0_repro__ppo__r42,full_day,3002,27,46,0.4264462384005107,0.9060557158067607,0.9606351329797161,False,False,False,-0.17280838973533036,1.4873384981905395,0.3068010876709196
E0_repro__ppo__r42,full_day,3002,30,45,-1.440284850163823,-0.9687717034585243,-0.9244940151233552,False,False,False,3.1002628880642535,4.428913488201517,3.5717760347695524
E0_repro__ppo__r42,full_day,3002,33,46,1.3963183869651568,1.871582247717416,1.871582247717416,False,True,False,5.140276794359609,5.615540655111868,5.615540655111868
E0_repro__ppo__r42,full_day,3002,36,46,0.41213420871577094,0.8836777193941796,0.8836777193941796,False,True,False,2.1115909453075634,2.583134455985972,2.583134455985972
E0_repro__ppo__r42,full_day,3002,39,46,0.11861679816196274,0.5979925602901042,0.5979925602901042,False,True,False,0.5220229259451714,1.001398688073313,1.001398688073313
E0_repro__ppo__r42,full_day,3002,42,46,-0.8526565493447469,-0.37785266842212006,-0.37785266842212006,False,True,False,-0.3281454365446773,0.1466584443779495,0.1466584443779495
E0_repro__ppo__r42,full_day,3002,45,46,-0.8976860718623267,-0.4258125298695654,-0.4258125298695654,False,True,False,1.0903119757470217,1.562185517739783,1.562185517739783
E0_repro__ppo__r42,full_day,3002,48,46,0.6428080762491506,1.1130318130779981,1.1130318130779981,False,True,False,4.382090197140042,4.852313933968889,4.852313933968889
E0_repro__ppo__r42,full_day,3002,51,46,1.5229639200110088,1.999802624679775,1.999802624679775,False,True,False,7.546568397743806,8.023407102412571,8.023407102412571
E0_repro__ppo__r42,full_day,3002,54,46,1.534745471002577,2.007864337061367,2.007864337061367,False,True,False,10.122314799962401,10.595433666021192,10.595433666021192
E0_repro__ppo__r42,full_day,3002,57,49,1.27007560754891,1.7442742965159035,1.7442742965159035,False,True,False,7.953433668510479,8.427632357477473,8.427632357477473
E0_repro__ppo__r42,full_day,3002,60,49,1.5263606945878294,2.0032794952649255,2.0032794952649255,False,True,False,4.7390869537816736,5.21600575445877,5.21600575445877
E0_repro__ppo__r42,full_day,3002,63,49,-0.06890199090269658,0.40199166347368886,0.5604667270058526,False,False,False,6.248758633574805,7.408339710822733,6.71965228795119
E0_repro__ppo__r42,full_day,3002,66,49,0.544229044461594,1.0133528831933942,1.177001108248838,False,False,False,7.231024736280231,7.855400876093193,7.700148575012031
E0_repro__ppo__r42,full_day,3002,69,46,0.8636835353047088,1.3336090505090206,1.3336090505090206,False,True,False,4.827408412813663,5.297333928017975,5.297333928017975
E0_repro__ppo__r42,full_day,3002,72,46,0.34760575659313114,0.817348275155233,0.817348275155233,False,True,False,7.038026503839097,7.507769022401199,7.507769022401199
E0_repro__ppo__r42,full_day,3002,75,46,0.7006758895700023,1.173071885497833,1.173071885497833,False,True,False,10.098573045279284,10.570969041207116,10.570969041207116
E0_repro__ppo__r42,full_day,3002,78,46,0.9594300766759434,1.433369722354432,1.433369722354432,False,True,False,9.56919139472878,10.043131040407268,10.043131040407268
E0_repro__ppo__r42,full_day,3002,81,49,1.205241271873827,1.6768449031008794,1.6768449031008794,False,True,False,10.172643376869807,10.64424700809686,10.64424700809686
E0_repro__ppo__r42,full_day,3002,84,49,1.527169181267665,1.999802624679775,1.999802624679775,False,True,False,11.526182304666541,11.99881574807865,11.99881574807865
E0_repro__ppo__r42,full_day,3002,87,49,1.999802624679775,1.999802624679775,1.999802624679775,True,True,True,11.99881574807865,11.99881574807865,11.99881574807865
E0_repro__ppo__r42,full_day,3002,90,49,1.5225014294336563,1.999802624679775,1.999802624679775,False,True,False,11.521514552832532,11.99881574807865,11.99881574807865
E0_repro__ppo__r42,full_day,3002,93,49,1.526456161204357,1.999802624679775,1.999802624679775,False,True,False,11.525469284603233,11.99881574807865,11.99881574807865
E0_repro__ppo__r42,full_day,3002,96,49,1.524281866643381,1.999802624679775,1.999802624679775,False,True,False,11.523294990042256,11.99881574807865,11.99881574807865
E0_repro__ppo__r42,full_day,3002,99,49,1.999802624679775,1.999802624679775,1.999802624679775,True,True,True,11.99881574807865,11.99881574807865,11.99881574807865
E0_repro__ppo__r42,full_day,3002,102,49,1.999802624679775,1.999802624679775,1.999802624679775,True,True,True,11.99881574807865,11.99881574807865,11.99881574807865
E0_repro__ppo__r42,full_day,3002,105,49,1.999802624679775,1.999802624679775,1.999802624679775,True,True,True,11.99881574807865,11.99881574807865,11.99881574807865
E0_repro__ppo__r42,full_day,3002,108,46,1.999802624679775,1.999802624679775,1.999802624679775,True,True,True,11.99881574807865,11.99881574807865,11.99881574807865
E0_repro__ppo__r42,full_day,3002,111,46,1.999802624679775,1.999802624679775,1.999802624679775,True,True,True,11.99881574807865,11.99881574807865,11.99881574807865
E0_repro__ppo__r42,full_day,3002,114,49,1.5226630038506108,1.999802624679775,1.999802624679775,False,True,False,11.521676127249487,11.99881574807865,11.99881574807865
E0_repro__ppo__r42,full_day,3002,117,49,1.999802624679775,1.999802624679775,1.999802624679775,True,True,True,11.99881574807865,11.99881574807865,11.99881574807865
E0_repro__ppo__r42,full_day,3002,120,49,1.5261981054813654,1.999802624679775,1.999802624679775,False,True,False,11.525211228880242,11.99881574807865,11.99881574807865
E0_repro__ppo__r42,full_day,3002,123,49,1.5160682069920977,1.999802624679775,1.999802624679775,False,True,False,11.515081330390974,11.99881574807865,11.99881574807865
E0_repro__ppo__r42,full_day,3002,126,49,1.5264392172933914,1.999802624679775,1.999802624679775,False,True,False,11.445508584762944,11.918871992149327,11.918871992149327
E0_repro__ppo__r42,full_day,3002,129,49,1.5251671776122508,1.999802624679775,1.999802624679775,False,True,False,11.445141191838534,11.91977663890606,11.91977663890606
E0_repro__ppo__r42,full_day,3002,132,49,1.5256993666055512,2.000707271436507,2.000707271436507,False,True,False,11.524712490004427,11.999720394835382,11.999720394835382
E0_repro__ppo__r42,full_day,3002,135,49,1.999802624679775,1.999802624679775,1.999802624679775,True,True,True,11.99881574807865,11.99881574807865,11.99881574807865
E0_repro__ppo__r42,full_day,3002,138,49,1.5176485452371113,1.999802624679775,1.999802624679775,False,True,False,11.516661668635987,11.99881574807865,11.99881574807865
E0_repro__ppo__r42,full_day,3002,141,49,1.999802624679775,1.999802624679775,1.999802624679775,True,True,True,11.99881574807865,11.99881574807865,11.99881574807865
E0_repro__ppo__r42,full_day,3002,144,49,1.519023848608649,1.999802624679775,1.999802624679775,False,True,False,11.518036972007524,11.99881574807865,11.99881574807865
E0_repro__ppo__r42,full_day,3002,147,49,1.5198887144850661,1.999802624679775,1.999802624679775,False,True,False,11.090194257786473,11.570108167981182,11.570108167981182
E0_repro__ppo__r42,full_day,3002,150,49,1.5124603766532536,1.999802624679775,1.999802624679775,False,True,False,9.89950804131576,10.386850289342282,10.386850289342282
E0_repro__ppo__r42,full_day,3002,153,49,0.8286872722104557,1.309405029934301,1.838782901896387,False,False,False,9.409484625326272,10.419580255012203,9.890202383050116
E0_repro__ppo__r42,full_day,3002,156,49,1.03099346148624,1.5106462167938393,1.5106462167938393,False,True,False,10.369836321036534,10.849489076344135,10.849489076344135
E0_repro__ppo__r42,full_day,3002,159,49,1.999802624679775,1.999802624679775,1.999802624679775,True,True,True,11.713730605589486,11.713730605589486,11.713730605589486
E0_repro__ppo__r42,full_day,3002,162,49,1.466770215876245,1.9374890114497334,1.9374890114497334,False,True,False,11.149933811708543,11.620652607282032,11.620652607282032
E0_repro__ppo__r42,full_day,3002,165,46,1.5227838468856116,1.999802624679775,1.999802624679775,False,True,False,9.811986966632224,10.289005744426387,10.289005744426387
E0_repro__ppo__r42,full_day,3002,168,46,1.4916621432425117,1.9676841558441087,1.9676841558441087,False,True,False,8.45648840171294,8.932510414314539,8.932510414314539
E0_repro__ppo__r42,full_day,3002,171,49,0.8246350350442766,1.3126846192081811,1.7144753555787342,False,False,False,9.837221650150559,10.794450934330108,10.325271234314464
E0_repro__ppo__r42,full_day,3002,174,49,1.5115625595204103,1.999802624679775,1.999802624679775,False,True,False,11.151544970115033,11.639785035274398,11.639785035274398
E0_repro__ppo__r42,full_day,3002,177,49,1.5109503119683563,1.999802624679775,1.999802624679775,False,True,False,9.280357493234312,9.832660629262463,9.832660629262463
E0_repro__ppo__r42,full_day,3002,180,49,1.4231289589839677,1.9173760646522717,1.9173760646522717,False,True,False,7.720105931136846,8.21435303680515,8.21435303680515
E0_repro__ppo__r42,full_day,3002,183,49,0.7008657567061984,1.188924529761926,1.7939020655645188,False,False,False,8.255218729973723,11.592161530161238,8.74327750302945
E0_repro__ppo__r42,full_day,3002,186,49,0.4327590660911393,0.9223563436942945,1.8441176898954819,False,False,False,10.152269588311519,11.535510707941334,10.641866865914675
E0_repro__ppo__r42,full_day,3002,189,49,1.999802624679775,1.999802624679775,1.999802624679775,True,True,True,9.573120051899812,9.573120051899812,9.573120051899812
E0_repro__ppo__r42,full_day,3002,192,46,1.490427517418417,1.490427517418417,1.8416220713216678,True,False,False,8.18409771454977,11.107944201370113,8.18409771454977
E0_repro__ppo__r42,full_day,3002,195,46,1.2260247881727142,1.4260207905900004,1.5499827532135348,False,False,False,10.243931965445386,11.54899587661241,10.443927967862672
E0_repro__ppo__r42,full_day,3002,198,46,1.4914400471257714,1.999802624679775,1.999802624679775,False,True,False,10.416758209169572,10.925120786723575,10.925120786723575
E0_repro__ppo__r42,full_day,3002,201,46,1.999802624679775,1.999802624679775,1.999802624679775,True,True,True,10.81201845869316,10.81201845869316,10.81201845869316
E0_repro__ppo__r42,full_day,3002,204,49,1.3160127673937578,1.799583796159764,1.8386493044976742,False,False,False,10.049499738839144,11.61190859570305,10.53307076760515
E0_repro__ppo__r42,full_day,3002,207,49,1.2782192455995829,1.769690509811927,1.769690509811927,False,True,False,9.234736544162025,9.69954129466039,9.69954129466039
E0_repro__ppo__r42,full_day,3002,210,49,1.434649676943198,1.9224507884906903,1.9224507884906903,False,True,False,8.074754927105573,8.562556038653065,8.562556038653065
E0_repro__ppo__r42,full_day,3002,213,49,1.2514900796000983,1.7425561283933328,1.7425561283933328,False,True,False,6.46263391070056,6.804610560677591,6.804610560677591
E0_repro__ppo__r42,full_day,3002,216,49,0.5422245928321197,1.0376200187343747,1.7931217012102332,False,False,False,6.17554396321984,9.914370598132212,6.670939389122095
E0_repro__ppo__r42,full_day,3002,219,49,0.904898909650961,1.387141810849063,1.835243911425703,False,False,False,7.282587272640732,9.938294282446755,7.764830173838833
E0_repro__ppo__r42,full_day,3002,222,49,0.9513661609762301,1.424297674498233,1.8548043377152867,False,False,False,8.617666256693498,10.03220945304894,9.090592796934764
E0_repro__ppo__r42,full_day,3002,225,49,0.7687310304913775,1.0437700828705723,1.0549447007634765,False,False,False,9.911291065375838,9.672642290037233,8.222798963014485
E0_repro__ppo__r42,full_day,3002,228,46,0.9997514198227073,1.4823845135306501,1.6644503114790516,False,False,False,9.014715105059617,9.679413996715962,9.49734819876756
E0_repro__ppo__r42,full_day,3002,231,46,1.3386806237709339,1.2334313743271579,1.3386806237709339,False,False,True,7.563497951775033,7.563497951775033,7.388620393186084
E0_repro__ppo__r42,full_day,3002,234,49,1.2644288052745567,1.7458962992555396,1.7458962992555396,False,True,False,5.459653575245227,5.9411210692262095,5.9411210692262095
E0_repro__ppo__r42,full_day,3002,237,49,0.3470198364470524,0.8276737515352596,0.8276737515352596,False,True,False,3.2273998941065263,3.7080538091947335,3.7080538091947335
E0_repro__ppo__r42,full_day,3002,240,46,0.4461718814040216,0.9238216724151228,0.9238216724151228,False,True,False,3.912285010176755,4.389934801187856,4.389934801187856
E0_repro__ppo__r42,full_day,3002,243,46,-0.19686407565990652,0.2913885652965089,1.8092279398636093,False,False,False,4.016870230151253,3.9144321945001943,4.245866511819469
E0_repro__ppo__r42,full_day,3002,246,49,0.4161150918133701,0.9054402294017065,0.9054402294017065,False,True,False,1.6986974841968328,2.187303444004126,2.187303444004126
E0_repro__ppo__r42,full_day,3002,249,45,-0.3456411424934823,0.1372288230557472,0.1372288230557472,False,True,False,1.9786438683647563,2.461892523652652,2.461892523652652
E0_repro__ppo__r42,full_day,3002,252,42,-0.10268721973848735,0.37321683946958484,0.37321683946958484,False,True,False,2.1042882999094186,2.5801923591174907,2.5801923591174907
E0_repro__ppo__r42,full_day,3002,255,46,-0.24506535605821206,0.23535920794457,0.23535920794457,False,True,False,2.9135003620282607,3.3939249260310427,3.3939249260310427
E0_repro__ppo__r42,full_day,3002,258,46,0.38497335321293863,0.8587892823033872,0.8587892823033872,False,True,False,5.475871067574296,5.949686996664745,5.949686996664745
E0_repro__ppo__r42,full_day,3002,261,46,-0.2283422809929808,0.2523520767064915,0.2523520767064915,False,True,False,6.522803919193075,7.003498276892548,7.003498276892548
E0_repro__ppo__r42,full_day,3002,264,49,1.5230725557321203,1.999802624679775,1.999802624679775,False,True,False,3.8612931979714724,4.338023266919127,4.338023266919127
E0_repro__ppo__r42,full_day,3002,267,49,-0.88526651492923,-0.4071452013675823,-0.4071452013675823,False,True,False,1.6882217634406391,2.1663430770022867,2.1663430770022867
E0_repro__ppo__r42,full_day,3002,270,45,0.4415074172125915,0.9200593161376717,0.9200593161376717,False,True,False,2.1403009556553636,2.6188528545804437,2.6188528545804437
E0_repro__ppo__r42,full_day,3002,273,46,-0.5271482173548515,-0.05130461712524133,0.44064043610289305,False,False,False,3.2241140586075456,6.708901211737349,3.6999576588371554
E0_repro__ppo__r42,full_day,3002,276,46,1.5231971765161503,1.999802624679775,1.999802624679775,False,True,False,3.2362071318808074,3.712812580044432,3.712812580044432
E0_repro__ppo__r42,full_day,3002,279,49,-0.5532242691588107,-0.07548991370645226,-0.07548991370645226,False,True,False,-0.05654471312603904,0.42118964232631945,0.42118964232631945
E0_repro__ppo__r42,full_day,3002,282,49,0.9222868557980748,1.4043690135029476,1.6544220309112845,False,False,False,-0.2228169703975906,3.532265539808621,0.25926771859583686
E0_repro__ppo__r42,full_day,3002,285,49,-0.5043583979889574,-0.031050206635349006,0.7485478031082159,False,False,False,0.13863266907974042,1.4960596333800407,0.6119383291447942
E0_repro__ppo__r42,full_day,3003,0,49,-1.8931067148895422,-2.475649936138907,-1.7111804042364678,False,False,False,-9.029992893854692,-8.405240416738927,-13.947834599507578
E0_repro__ppo__r42,full_day,3003,3,45,-1.5483527293457882,-1.8683710630325692,-1.5233527293457882,False,False,False,-3.577192530132062,-3.552192530132062,-5.228744217671163
E0_repro__ppo__r42,full_day,3003,6,45,-1.029514545211762,-0.9209485451220951,-0.9209485451220951,False,True,False,2.0417700590943166,1.6949275736362055,1.6949275736362055
E0_repro__ppo__r42,full_day,3003,9,46,0.559509961743008,0.7361467298207587,1.2235382136235278,False,False,False,3.7551035220394677,6.687757502240802,3.9317402901172183
E0_repro__ppo__r42,full_day,3003,12,46,-0.10635574004365303,0.36322026135115726,0.36322026135115726,False,True,False,5.554665422216462,6.024241423611272,6.024241423611272
E0_repro__ppo__r42,full_day,3003,15,46,-0.47808107893141705,-0.004037016871493924,-0.004037016871493924,False,True,False,2.2711698173008155,2.7452138793607386,2.7452138793607386
E0_repro__ppo__r42,full_day,3003,18,49,0.2938021803728071,0.7745460334065142,0.7745460334065142,False,True,False,-0.051890966134754746,0.42885288689895235,0.42885288689895235
E0_repro__ppo__r42,full_day,3003,21,45,-0.4433245530869149,0.027875875190103146,0.027875875190103146,False,True,False,-0.19234432079459346,0.27885610748242456,0.27885610748242456
E0_repro__ppo__r42,full_day,3003,24,45,-1.3461448665499698,-0.876778488005306,-0.876778488005306,False,True,False,0.7367946630086479,1.2061610415533117,1.2061610415533117
E0_repro__ppo__r42,full_day,3003,27,46,0.999153515459202,1.4743408226987167,1.8331163877475871,False,False,False,1.6743747870902832,3.1949145820395994,2.1495620943297977
E0_repro__ppo__r42,full_day,3003,30,46,-0.16930172124369172,0.3008759922479181,0.3008759922479181,False,True,False,1.7980835545977898,2.2682612680894,2.2682612680894
E0_repro__ppo__r42,full_day,3003,33,45,-0.5132092865315567,-0.03819435361836971,-0.03819435361836971,False,True,False,6.702321694506033,7.177336627419219,7.177336627419219
E0_repro__ppo__r42,full_day,3003,36,46,1.5259434774642846,1.999802624679775,1.999802624679775,False,True,False,2.3709595622895545,2.844818709505045,2.844818709505045
E0_repro__ppo__r42,full_day,3003,39,49,-1.168446758565244,-0.6956249515095614,-0.6956249515095614,False,True,False,-6.020569570951251,-5.547747763895568,-5.547747763895568
E0_repro__ppo__r42,full_day,3003,42,48,-1.44941171739935,-0.9781120429724934,-0.9781120429724934,False,True,False,0.27621562256551513,0.7475152969923716,0.7475152969923716
E0_repro__ppo__r42,full_day,3003,45,45,-0.16593933562690438,0.30357697940461237,0.30357697940461237,False,True,False,7.969064779806213,8.43858109483773,8.43858109483773
E0_repro__ppo__r42,full_day,3003,48,46,1.0849894551983947,1.554981597572301,1.8202174073297275,False,False,False,7.000673834844447,8.465159674259112,7.470665977218354
E0_repro__ppo__r42,full_day,3003,51,49,1.359017436689505,1.8362700288659346,1.8362700288659346,False,True,False,5.498362139824215,5.975614732000644,5.975614732000644
E0_repro__ppo__r42,full_day,3003,54,49,-0.47150152618572083,0.003787303646733041,0.003787303646733041,False,True,False,3.5975714541106827,4.072860283943137,4.072860283943137
E0_repro__ppo__r42,full_day,3003,57,49,-0.46855890035992337,0.00018928400523056735,0.00018928400523056735,False,True,False,2.0834631434921795,2.5522113278573335,2.5522113278573335
E0_repro__ppo__r42,full_day,3003,60,49,1.2460971729266437,1.7171751274014149,1.8152575517609457,False,False,False,3.299470063863497,5.374066831386574,3.7705480183382685
E0_repro__ppo__r42,full_day,3003,63,49,0.004562577014818381,0.47422440848627884,0.7342070717149728,False,False,False,2.237591784046779,2.9694708910799754,2.7072536155182396
E0_repro__ppo__r42,full_day,3003,66,48,-0.8531956593626624,-0.3834161117667548,-0.3834161117667548,False,True,False,3.192342025400833,3.6621215729967402,3.6621215729967402
E0_repro__ppo__r42,full_day,3003,69,45,-0.519938684412318,-0.04558341338758462,-0.04558341338758462,False,True,False,7.298530722225747,7.772885993250481,7.772885993250481
E0_repro__ppo__r42,full_day,3003,72,46,1.525988168218212,1.999802624679775,1.999802624679775,False,True,False,9.469627855043335,9.943442311504898,9.943442311504898
E0_repro__ppo__r42,full_day,3003,75,49,1.999802624679775,1.999802624679775,1.999802624679775,True,True,True,9.578607779488507,9.578607779488507,9.578607779488507
E0_repro__ppo__r42,full_day,3003,78,49,0.9471490290806135,1.4156312285386814,1.798338364289466,False,False,False,10.046483390283177,11.797351487688342,10.514965589741244
E0_repro__ppo__r42,full_day,3003,81,49,1.5313767661818958,1.999802624679775,1.999802624679775,False,True,False,11.530389889580771,11.99881574807865,11.99881574807865
E0_repro__ppo__r42,full_day,3003,84,49,1.52699599760851,1.999802624679775,1.999802624679775,False,True,False,11.526009121007386,11.99881574807865,11.99881574807865
E0_repro__ppo__r42,full_day,3003,87,49,1.523092570323375,1.999802624679775,1.999802624679775,False,True,False,11.522105693722251,11.99881574807865,11.99881574807865
E0_repro__ppo__r42,full_day,3003,90,49,1.5208388717949937,1.999802624679775,1.999802624679775,False,True,False,11.51985199519387,11.99881574807865,11.99881574807865
E0_repro__ppo__r42,full_day,3003,93,49,1.999802624679775,1.999802624679775,1.999802624679775,True,True,True,11.99881574807865,11.99881574807865,11.99881574807865
E0_repro__ppo__r42,full_day,3003,96,49,1.5272625604617538,1.999802624679775,1.999802624679775,False,True,False,11.526275683860629,11.99881574807865,11.99881574807865
E0_repro__ppo__r42,full_day,3003,99,49,1.999802624679775,1.999802624679775,1.999802624679775,True,True,True,11.99881574807865,11.99881574807865,11.99881574807865
E0_repro__ppo__r42,full_day,3003,102,49,1.999802624679775,1.999802624679775,1.999802624679775,True,True,True,11.99881574807865,11.99881574807865,11.99881574807865
E0_repro__ppo__r42,full_day,3003,105,46,1.999802624679775,1.999802624679775,1.999802624679775,True,True,True,11.99881574807865,11.99881574807865,11.99881574807865
E0_repro__ppo__r42,full_day,3003,108,49,1.528259878348596,1.999802624679775,1.999802624679775,False,True,False,11.52727300174747,11.99881574807865,11.99881574807865
E0_repro__ppo__r42,full_day,3003,111,49,1.999802624679775,1.999802624679775,1.999802624679775,True,True,True,11.99881574807865,11.99881574807865,11.99881574807865
E0_repro__ppo__r42,full_day,3003,114,49,1.528283640666258,1.999802624679775,1.999802624679775,False,True,False,11.527296764065134,11.99881574807865,11.99881574807865
E0_repro__ppo__r42,full_day,3003,117,49,1.5198427225907518,1.999802624679775,1.999802624679775,False,True,False,11.518855845989627,11.99881574807865,11.99881574807865
E0_repro__ppo__r42,full_day,3003,120,49,1.5221911464327875,1.999802624679775,1.999802624679775,False,True,False,11.521204269831664,11.99881574807865,11.99881574807865
E0_repro__ppo__r42,full_day,3003,123,49,1.5260353954166677,1.999802624679775,1.999802624679775,False,True,False,11.525048518815543,11.99881574807865,11.99881574807865
E0_repro__ppo__r42,full_day,3003,126,49,1.515876678769135,1.999802624679775,1.999802624679775,False,True,False,11.253721132380578,11.737647078291218,11.737647078291218
E0_repro__ppo__r42,full_day,3003,129,49,1.7386339548923426,1.7386339548923426,1.8428012514977394,True,False,False,11.737647078291218,11.841814374896614,11.737647078291218
E0_repro__ppo__r42,full_day,3003,132,49,1.5212807379473412,1.999802624679775,1.999802624679775,False,True,False,11.520293861346216,11.99881574807865,11.99881574807865
E0_repro__ppo__r42,full_day,3003,135,49,1.999802624679775,1.999802624679775,1.999802624679775,True,True,True,11.73554061838,11.73554061838,11.73554061838
E0_repro__ppo__r42,full_day,3003,138,49,1.2492292777763037,1.7332026315766738,1.8475336799814817,False,False,False,11.25156726457963,11.846546803380358,11.73554061838
E0_repro__ppo__r42,full_day,3003,141,49,1.5228264917273244,1.999802624679775,1.999802624679775,False,True,False,11.5218396151262,11.99881574807865,11.99881574807865
E0_repro__ppo__r42,full_day,3003,144,49,1.5242549647913801,1.999802624679775,1.999802624679775,False,True,False,11.523268088190255,11.99881574807865,11.99881574807865
E0_repro__ppo__r42,full_day,3003,147,49,1.5221129002773814,1.999802624679775,1.999802624679775,False,True,False,11.059566498200063,11.537256222602457,11.537256222602457
E0_repro__ppo__r42,full_day,3003,150,49,1.5217209118876822,1.999802624679775,1.999802624679775,False,True,False,8.981251589476539,9.45933330226863,9.45933330226863
E0_repro__ppo__r42,full_day,3003,153,49,0.7726629486198409,1.2482158410098154,1.8510900406541695,False,False,False,8.707679922682955,11.682475788445123,9.183232815072929
E0_repro__ppo__r42,full_day,3003,156,49,1.3676101905875688,1.8420947387389952,1.8420947387389952,False,True,False,10.786671187255328,11.261155735406755,11.261155735406755
E0_repro__ppo__r42,full_day,3003,159,49,1.5220443983925718,1.999802624679775,1.999802624679775,False,True,False,11.521057521791448,11.99881574807865,11.99881574807865
E0_repro__ppo__r42,full_day,3003,162,49,1.5208437132691457,1.999802624679775,1.999802624679775,False,True,False,11.519856836668021,11.99881574807865,11.99881574807865
E0_repro__ppo__r42,full_day,3003,165,49,1.5203780227419783,1.999802624679775,1.999802624679775,False,True,False,11.519391146140855,11.99881574807865,11.99881574807865
E0_repro__ppo__r42,full_day,3003,168,49,1.514139506017564,1.999802624679775,1.999802624679775,False,True,False,10.89403232540754,11.37969544406975,11.37969544406975
E0_repro__ppo__r42,full_day,3003,171,49,1.5181972757618813,1.999802624679775,1.999802624679775,False,True,False,10.143507686820609,9.880696546822286,9.880696546822286
E0_repro__ppo__r42,full_day,3003,174,49,0.7580967998000256,1.245220216348527,1.245220216348527,False,True,False,10.694370165447438,11.181493581995941,11.181493581995941
E0_repro__ppo__r42,full_day,3003,177,49,1.4508576357073848,1.8986309747411179,1.8986309747411179,False,True,False,11.328815975364844,11.464331903315845,11.464331903315845
E0_repro__ppo__r42,full_day,3003,180,49,1.5230883120706336,1.999802624679775,1.999802624679775,False,True,False,9.437263018284987,9.913977330894129,9.913977330894129
E0_repro__ppo__r42,full_day,3003,183,49,1.0779312112565003,1.3542007571767527,1.3759564917097178,False,False,False,8.69765416742243,8.995679447875649,8.76655886064495
E0_repro__ppo__r42,full_day,3003,186,49,1.0049643960885695,1.4949950349945837,1.839133377399473,False,False,False,8.876841610871644,10.362916538753026,9.366872249777659
E0_repro__ppo__r42,full_day,3003,189,49,0.5758680654770889,1.0518740430243907,1.0518740430243907,False,True,False,7.43214909788062,7.90816950007647,7.90816950007647
E0_repro__ppo__r42,full_day,3003,192,49,1.0216064194270658,1.5012552791357117,1.5012552791357117,False,True,False,6.501547082486486,6.981195942195131,6.981195942195131
E0_repro__ppo__r42,full_day,3003,195,49,0.19959501409257024,0.6825283704127829,1.4916965208954172,False,False,False,8.80824864460167,10.623116795955513,8.814180249607146
E0_repro__ppo__r42,full_day,3003,198,46,1.5125638122353404,1.999802624679775,1.999802624679775,False,True,False,10.83913180059248,11.326370613036914,11.326370613036914
E0_repro__ppo__r42,full_day,3003,201,46,1.5269095268842576,1.999802624679775,1.999802624679775,False,True,False,10.263680775894677,10.230273329510624,10.230273329510624
E0_repro__ppo__r42,full_day,3003,204,49,1.515292967409078,1.999802624679775,1.999802624679775,False,True,False,7.904756542807819,8.389266200078517,8.389266200078517
E0_repro__ppo__r42,full_day,3003,207,49,0.6895654577030068,1.1728621350690396,1.3308505287201788,False,False,False,6.505039584016279,7.246029870732707,6.889236915126121
E0_repro__ppo__r42,full_day,3003,210,49,0.6641714862783004,1.1422480625557505,1.8599471074470117,False,False,False,8.795255052550448,11.26901151390948,9.273331628827899
E0_repro__ppo__r42,full_day,3003,213,49,0.8851784381651935,1.3727301262215426,1.4592645551411114,False,False,False,9.565950594682706,10.311998808471749,9.844879608611022
E0_repro__ppo__r42,full_day,3003,216,49,1.507118192402588,1.999802624679775,1.999802624679775,False,True,False,7.861397885795407,8.482651001548405,8.482651001548405
E0_repro__ppo__r42,full_day,3003,219,49,0.08149978345290027,0.5569203108548837,0.6429811131882515,False,False,False,7.486487804429394,5.691711490570007,5.605650688236638
E0_repro__ppo__r42,full_day,3003,222,46,0.9068550317073378,1.3961466702812484,1.3961466702812484,False,True,False,7.114591872166039,7.60388351073995,7.60388351073995
E0_repro__ppo__r42,full_day,3003,225,46,0.7011747575757816,0.8925112240444995,0.8925112240444995,False,True,False,6.530084078594012,6.7241195584273346,6.7241195584273346
E0_repro__ppo__r42,full_day,3003,228,49,0.8957537251516441,1.380541447117803,1.5639761034502468,False,False,False,6.660976839961437,11.364131099058234,7.145692297990518
E0_repro__ppo__r42,full_day,3003,231,49,0.8479719072127301,1.328898934138125,1.5114020680739348,False,False,False,7.564437099815898,8.218480780405631,7.405982382422486
E0_repro__ppo__r42,full_day,3003,234,49,0.8331236064980547,1.313781646607188,1.5771167752279036,False,False,False,8.85940889865591,10.01169666465886,9.340066938765045
E0_repro__ppo__r42,full_day,3003,237,49,0.9620628331283909,1.44784335728475,1.44784335728475,False,True,False,6.703500372730163,7.189142776147281,7.189142776147281
E0_repro__ppo__r42,full_day,3003,240,49,0.348902041923897,0.8356286625700732,0.8356286625700732,False,True,False,5.355357653146061,5.842084273792238,5.842084273792238
E0_repro__ppo__r42,full_day,3003,243,49,0.5512265587673661,1.0238363039101976,1.0238363039101976,False,True,False,5.8315838109243385,6.304198866210272,6.304198866210272
E0_repro__ppo__r42,full_day,3003,246,46,0.18719093469816067,0.6742421725348303,0.6742421725348303,False,True,False,4.572845028932288,5.059896266768956,5.059896266768956
E0_repro__ppo__r42,full_day,3003,249,46,-0.08606173395980724,0.4001920806420965,0.4001920806420965,False,True,False,5.77782604809206,6.0999606111429765,6.0999606111429765
E0_repro__ppo__r42,full_day,3003,252,46,0.8888504763867375,1.377633398522027,1.7955125181810476,False,False,False,3.6101938605978408,1.9789719790334124,4.09897678273313
E0_repro__ppo__r42,full_day,3003,255,49,-0.7844516822121836,-0.3050782009018689,0.1370104165072421,False,False,False,-0.29806132066924207,1.8020622746256507,0.18127120173599992
E0_repro__ppo__r42,full_day,3003,258,49,0.12766907960306068,0.6167520585023184,0.6167520585023184,False,True,False,-1.2510302703660932,-0.7619472914668355,-0.7619472914668355
E0_repro__ppo__r42,full_day,3003,261,49,-0.16417435686283702,0.3078526862698276,0.3078526862698276,False,True,False,-0.4182356147922295,0.05379142834043489,0.05379142834043489
E0_repro__ppo__r42,full_day,3003,264,48,-0.25689368955863234,0.2271106581275148,0.2271106581275148,False,True,False,0.3833485656040546,0.8673529132902017,0.8673529132902017
E0_repro__ppo__r42,full_day,3003,267,49,-0.28554553853954845,0.1900316469027037,0.3502274723593831,False,False,False,-2.6788691396711117,3.9274527439511306,-2.2032919542288596
E0_repro__ppo__r42,full_day,3003,270,49,-1.239019588556042,-0.7669292062024624,0.9312533277206282,False,False,False,-2.577290723581847,4.705508952806666,-2.1052003412282674
E0_repro__ppo__r42,full_day,3003,273,49,-0.8755515748899974,-0.3989698772506628,0.6011324640034673,False,False,False,-0.11019145368223501,3.6310578276234198,0.36639024395709974
E0_repro__ppo__r42,full_day,3003,276,49,-0.8138724149430918,-0.3273516542142354,-0.3079164874249962,False,False,False,0.03286998357961432,1.9271947598579193,0.5193907443084705
E0_repro__ppo__r42,full_day,3003,279,46,-0.2229455665383936,0.25855450549174375,0.26090347437006645,False,False,False,0.749774426572667,3.031989141145265,1.2312744986028044
E0_repro__ppo__r42,full_day,3003,282,46,0.3410010650200987,0.816357462431164,1.3115917344148553,False,False,False,-0.5545293807719756,2.5503316834726233,-0.07917298336091022
E0_repro__ppo__r42,full_day,3003,285,49,-1.0696570517285124,-0.5991336284216431,-0.14113748490374195,False,False,False,-1.5585525002078873,-0.018028805710584545,-1.088029076901018
E0_repro__ppo__r42,evening_peak,3001,0,49,0.9796864412129892,-0.3408104263252053,1.002543584070132,False,False,False,5.165718426246508,5.1885755691036515,-1.1221681523774574
E0_repro__ppo__r42,evening_peak,3001,3,46,0.8872635713839695,1.0808612986866233,1.0808612986866233,False,True,False,9.316834930587664,6.276874183321566,6.276874183321566
E0_repro__ppo__r42,evening_peak,3001,6,46,1.7888388937410482,1.999802624679775,1.999802624679775,False,True,False,11.124705544447197,11.335669275385923,11.335669275385923
E0_repro__ppo__r42,evening_peak,3001,9,46,1.811200759937143,1.999802624679775,1.999802624679775,False,True,False,8.512938649744278,8.701540514486911,8.701540514486911
E0_repro__ppo__r42,evening_peak,3001,12,46,0.7051365475799292,1.188822448735571,1.188822448735571,False,True,False,4.965105745291892,5.448836791850156,5.448836791850156
E0_repro__ppo__r42,evening_peak,3001,15,46,-0.06555132471265399,0.4182015876924691,0.4182015876924691,False,True,False,3.0664514638081943,6.795420941855286,6.795420941855286
E0_repro__ppo__r42,evening_peak,3001,18,49,0.9789402313639146,1.2986088290998323,1.2986088290998323,False,True,False,5.808801819691225,5.82733530635966,5.82733530635966
E0_repro__ppo__r42,evening_peak,3001,21,46,0.6109724228695455,1.3857814893567988,1.5387233202742443,False,False,False,1.416167256203874,6.575749026597289,2.1882923726915533
E0_repro__ppo__r42,evening_peak,3001,24,46,-1.1858909819532897,-0.7001775739616526,1.2115874541565455,False,False,False,0.8005828027720826,4.453980791415477,1.2863404812035932
E0_repro__ppo__r42,evening_peak,3001,27,46,-0.2700631707496756,0.21005915696429406,0.25254183511261996,False,False,False,-3.847226867733799,2.582663806655911,-0.01184019872110996
E0_repro__ppo__r42,evening_peak,3001,30,46,0.2305180754934117,0.7160768391182035,0.7160768391182035,False,True,False,-5.136207786996246,-4.809122001917559,-4.809122001917559
E0_repro__ppo__r42,evening_peak,3001,33,46,-2.2690463808335966,-1.1933727348323075,-0.10704479852549346,False,False,False,-8.018174767698506,-1.2801281514116176,-4.90322715979868
E0_repro__ppo__r42,evening_peak,3001,36,46,-1.1864247258894038,-0.696708555385901,-0.22862769897849972,False,False,False,-0.2818932690329547,2.02058617178399,0.11329174777172141
E0_repro__ppo__r42,evening_peak,3001,39,46,-1.0587525550103545,-0.20671714323244583,0.47522800570977664,False,False,False,0.5747839288047132,2.409487102708236,1.4293142591032288
E0_repro__ppo__r42,evening_peak,3001,42,46,-0.2508286277217044,0.23426606447955278,0.2921955942068287,False,False,False,1.5140088209058473,-1.0647777583119944,1.9991035131071047
E0_repro__ppo__r42,evening_peak,3001,45,46,0.028449097128429746,0.5095318584495886,0.7817893864437726,False,False,False,-1.4677679965105324,-0.7118456380285818,-0.9860863717610038
E0_repro__ppo__r42,evening_peak,3001,48,46,0.12775854666979564,0.6132357586226862,0.6380330003894138,False,False,False,1.5443805591207982,-1.2625492061396162,2.0298577710736887
E0_repro__ppo__r42,evening_peak,3001,51,46,0.296133873593495,0.7705621259888137,0.7705621259888137,False,True,False,0.7941725370469523,1.2686007894422697,1.2686007894422697
E0_repro__ppo__r42,evening_peak,3001,54,46,-0.7189170378242007,-0.23451275587971812,-0.16625115220431014,False,False,False,1.651731458823442,2.6781423471767463,2.1362201493015203
E0_repro__ppo__r42,evening_peak,3001,57,46,0.1066645989109481,0.5971694113382261,0.5971694113382261,False,True,False,2.469882171235353,2.9603057235228887,2.9603057235228887
E0_repro__ppo__r42,evening_peak,3001,60,46,-0.39030054454287494,0.09685996404439637,0.10947654900761511,False,False,False,1.062146126735601,1.5422416540098243,1.5493066353228724
E0_repro__ppo__r42,evening_peak,3001,63,46,0.5578379038381562,1.0452131239466322,1.0452131239466322,False,True,False,-1.5644909287803885,-1.0770722908768582,-1.0770722908768582
E0_repro__ppo__r42,evening_peak,3001,66,46,-0.9953251118692998,-0.5115918192845443,-0.5115918192845443,False,True,False,-3.6633208716084438,-3.1795875790236883,-3.1795875790236883
E0_repro__ppo__r42,evening_peak,3001,69,46,-1.496358569478435,-1.0158092485138273,-0.6064422813895256,False,False,False,-2.3098247514198005,0.4114387297248687,-1.828223906658115
E0_repro__ppo__r42,evening_peak,3001,72,46,-0.24785531281605366,0.23821950137528355,0.23821950137528355,False,True,False,-1.3352636233304491,-0.8491888091391119,-0.8491888091391119
E0_repro__ppo__r42,evening_peak,3001,75,46,-0.9428181175258978,-0.46085252080919176,-0.3048102746781746,False,False,False,-5.530509805923216,-1.5434447740479633,-5.04854420920651
E0_repro__ppo__r42,evening_peak,3001,78,46,-1.6930612652118955,-1.2126321689016049,-0.8261249122768717,False,False,False,-4.2784760474512495,-2.1206569485392888,-3.7980469511409587
E0_repro__ppo__r42,evening_peak,3001,81,45,-0.5157123574024569,-0.03989641319793105,-0.03989641319793105,False,True,False,-0.7989591374167421,-0.3231431932122162,-0.3231431932122162
E0_repro__ppo__r42,evening_peak,3002,0,49,0.49334873639664767,0.09192297146728638,1.823459782251358,False,False,False,5.3294019895867875,6.580945327286724,-0.9335603990425944
E0_repro__ppo__r42,evening_peak,3002,3,46,1.2881742293636647,1.4890839254693788,1.6536999510577146,False,False,False,6.161333936050798,-1.1486120276057208,-1.3017820780864529
E0_repro__ppo__r42,evening_peak,3002,6,46,1.24661379251723,1.4484054329504295,1.4484054329504295,False,True,False,7.391592309803684,7.593383950236884,7.593383950236884
E0_repro__ppo__r42,evening_peak,3002,9,46,0.27036554971182614,0.45235086628067506,0.9905891361992221,False,False,False,4.984773365322061,10.335844684819977,5.16675868189091
E0_repro__ppo__r42,evening_peak,3002,12,46,1.0200932561745137,1.4939259286327078,1.8319282558491286,False,False,False,4.915842721378256,10.07595466043198,5.38967539383645
E0_repro__ppo__r42,evening_peak,3002,15,46,-0.1998741941889928,0.285311394601538,1.6135338342083627,False,False,False,1.5202854798716663,9.711797651948524,2.0725813854395367
E0_repro__ppo__r42,evening_peak,3002,18,49,-0.607109278213894,-0.12033553799014013,1.569923455820719,False,False,False,1.8107828670187474,6.58250560852802,2.297621190868583
E0_repro__ppo__r42,evening_peak,3002,21,46,-0.3668105455128705,0.2316258788850507,0.9343383951575464,False,False,False,1.0359762023826218,6.955595545009873,5.7613111700182875
E0_repro__ppo__r42,evening_peak,3002,24,46,0.5089389553592198,0.9910802459497324,1.159613438335208,False,False,False,7.09500588182461,5.050574064853431,4.882040872467956
E0_repro__ppo__r42,evening_peak,3002,27,46,-1.1436076464455438,1.4536046989425877,1.4536046989425877,False,True,False,1.0789969068388248,5.4586240335703575,5.4586240335703575
E0_repro__ppo__r42,evening_peak,3002,30,46,0.1828931552369592,0.6671769848033887,0.9490613813937355,False,False,False,3.037299569574981,3.389186685968687,3.432709231013783
E0_repro__ppo__r42,evening_peak,3002,33,46,-0.5176850416805376,0.9091310593299069,0.9376049461292185,False,False,False,-5.98966436021207,-1.6286528538520177,-0.5985394552352259
E0_repro__ppo__r42,evening_peak,3002,36,46,-0.9050544271410745,-0.4256294478236971,0.589306147989739,False,False,False,-2.2187046961371077,-0.7838543709456315,-3.4149295082592603
E0_repro__ppo__r42,evening_peak,3002,39,46,-0.9960961767410228,0.6162869911167809,0.6162869911167809,False,True,False,-4.682680408180285,-0.0657715804517656,-0.0657715804517656
E0_repro__ppo__r42,evening_peak,3002,42,42,-0.8056822900139802,-0.5348780914084172,-0.5226155749875194,False,False,False,-1.1794416866639135,-0.897069777828822,-1.3271931596012523
E0_repro__ppo__r42,evening_peak,3002,45,46,-1.1856148235994626,-0.5442496667067127,-0.19240511850321174,False,False,False,-3.4830015993980563,2.911669312548856,-2.7437466783513997
E0_repro__ppo__r42,evening_peak,3002,48,46,-0.8895031100577278,-0.4123430150604098,0.717470345719047,False,False,False,-0.0512762562388673,4.256983300348832,0.42588383875845065
E0_repro__ppo__r42,evening_peak,3002,51,46,0.28390970010844535,0.7792077897814997,1.610057073877936,False,False,False,0.947849417243206,4.209073078007348,2.484417813411086
E0_repro__ppo__r42,evening_peak,3002,54,46,0.4658040842413857,0.9507438719810761,1.3466806358324799,False,False,False,4.711316849246143,5.651126942333217,4.813872207826263
E0_repro__ppo__r42,evening_peak,3002,57,46,0.3874235941721545,0.8733223062565341,1.1004565112249791,False,False,False,3.943931194384548,4.689256479829639,4.428034060255306
E0_repro__ppo__r42,evening_peak,3002,60,46,0.8248496854042999,1.320665383229743,1.7458234460605488,False,False,False,1.685691667129811,1.9934318525718775,2.183268229824233
E0_repro__ppo__r42,evening_peak,3002,63,46,-0.6574436024055468,-0.1757475272794519,-0.08563801802950864,False,False,False,1.9447720208997523,0.48354603075292246,2.426468096025847
E0_repro__ppo__r42,evening_peak,3002,66,46,-0.5020099913515264,-0.025681067465987716,-0.025681067465987716,False,True,False,3.23128778873253,3.7076167126180684,3.7076167126180684
E0_repro__ppo__r42,evening_peak,3002,69,46,0.6615946347784811,1.1406916690665951,1.1406916690665951,False,True,False,0.06730303557998893,0.5464000698681021,0.5464000698681021
E0_repro__ppo__r42,evening_peak,3002,72,45,-0.8292629044291326,-0.35102488427254713,-0.35102488427254713,False,True,False,-0.9680702214924508,-0.48280694944528213,-0.48280694944528213
E0_repro__ppo__r42,evening_peak,3002,75,45,-0.8660783672188561,-0.3831689689110032,-0.3831689689110032,False,True,False,0.15508776534537766,0.6310999729046861,0.6310999729046861
E0_repro__ppo__r42,evening_peak,3002,78,46,-0.542890590839419,-0.05900441719095689,-0.05900441719095689,False,True,False,-3.2620120553780114,-2.77812588172955,-2.77812588172955
E0_repro__ppo__r42,evening_peak,3002,81,45,-1.2584041801286758,-0.7814927828770727,-0.7814927828770727,False,True,False,-3.1381430738076257,-2.6612316765560227,-2.6612316765560227
E0_repro__ppo__r42,evening_peak,3003,0,49,0.8290846414089578,-1.0811630974890503,0.8519417842661007,False,False,False,2.4989411863467264,2.5217983292038695,-5.931489961988699
E0_repro__ppo__r42,evening_peak,3003,3,46,1.0421020130910934,0.12710677378764726,1.064959155948236,False,False,False,3.2592408219440285,3.277055602947014,-4.778684078448233
E0_repro__ppo__r42,evening_peak,3003,6,46,0.15224595292595916,0.3511930297734461,0.3511930297734461,False,True,False,2.565375706746527,2.7648386128044224,2.7648386128044224
E0_repro__ppo__r42,evening_peak,3003,9,42,0.2992523884053173,0.48320834691914105,0.48320834691914105,False,True,False,2.280209357771047,2.4641363870322803,2.4641363870322803
E0_repro__ppo__r42,evening_peak,3003,12,43,0.08567932322128308,0.5590407990739324,0.6446016274604294,False,False,False,-1.1532884187390935,6.95911487337027,-0.6799269428864443
E0_repro__ppo__r42,evening_peak,3003,15,46,-1.2655024697389723,-0.7830244177539502,1.0963551797813544,False,False,False,-1.734748798994468,9.124922062305329,-1.2545666902456092
E0_repro__ppo__r42,evening_peak,3003,18,46,-0.6400362076796475,-0.1460024757986052,1.1628701941258548,False,False,False,2.1983123475359587,9.575121980085003,2.69236230701313
E0_repro__ppo__r42,evening_peak,3003,21,46,-0.033135985794276734,0.4549227715839609,1.0537449818045466,False,False,False,6.512324519458759,10.311937167708923,7.686285531938395
E0_repro__ppo__r42,evening_peak,3003,24,49,0.7895871094426057,1.2656070062308882,1.856981956060461,False,False,False,7.495934250834661,9.21557943098047,7.971954147622943
E0_repro__ppo__r42,evening_peak,3003,27,46,0.6700186372381443,1.4797631849478108,1.8487544628203165,False,False,False,1.931712657197557,6.750030703977941,5.202022965271574
E0_repro__ppo__r42,evening_peak,3003,30,49,0.302388566261708,0.7803018958870004,0.7803018958870004,False,True,False,3.0589103228354997,3.383819640331693,3.383819640331693
E0_repro__ppo__r42,evening_peak,3003,33,46,0.24362052955245866,0.7348921712029994,0.7348921712029994,False,True,False,2.9562426597915223,3.4469264272612135,3.4469264272612135
E0_repro__ppo__r42,evening_peak,3003,36,46,-0.24742320525046163,0.23665804510093935,0.23665804510093935,False,True,False,2.3337077739239525,2.818011685828631,2.818011685828631
E0_repro__ppo__r42,evening_peak,3003,39,46,-0.7024754064712266,-0.22135982879212596,0.46757322986929284,False,False,False,3.9119808981960387,5.807598603199692,4.393096475875139
E0_repro__ppo__r42,evening_peak,3003,42,46,0.6773895229922526,1.1598646003029383,1.1598646003029383,False,True,False,4.389314181736651,4.871789259047336,4.871789259047336
E0_repro__ppo__r42,evening_peak,3003,45,49,-0.24791088325089128,0.22903917223349834,0.6146230629024559,False,False,False,2.9904564815669747,3.4660464991739808,3.7626280783329697
E0_repro__ppo__r42,evening_peak,3003,48,49,0.26499225800406984,0.7411016529067928,0.7411016529067928,False,True,False,2.4870009714375736,2.7163884130402476,2.7163884130402476
E0_repro__ppo__r42,evening_peak,3003,51,49,-0.04114891616795874,0.72930977480721,1.143136695992865,False,False,False,1.108782790173691,3.4912762042893304,3.0466549389074613
E0_repro__ppo__r42,evening_peak,3003,54,46,-0.21404046755609435,0.27582749781119503,0.27582749781119503,False,True,False,3.927629872329079,4.417497837696368,4.417497837696368
E0_repro__ppo__r42,evening_peak,3003,57,46,0.646780769634888,1.1210279831921919,1.1210279831921919,False,True,False,-0.38159227469352613,0.1284771730469127,0.1284771730469127
E0_repro__ppo__r42,evening_peak,3003,60,49,-0.35402201356544005,0.1255980862073695,0.3367816243734636,False,False,False,-4.442844314302602,-3.0771756963322883,-3.9632242145297925
E0_repro__ppo__r42,evening_peak,3003,63,43,-1.4701934514029626,-0.9920525642449232,-0.0948420463167769,False,False,False,-7.458801163638848,-4.922091119862524,-6.614499576253988
E0_repro__ppo__r42,evening_peak,3003,66,46,-1.1531617833688808,-0.674801907816265,-0.674801907816265,False,True,False,-2.9197064029246738,-3.052264676794933,-3.052264676794933
E0_repro__ppo__r42,evening_peak,3003,69,45,-1.7114929237371863,-0.6035719128580677,-0.6035719128580677,False,True,False,0.2546950403063238,2.1831284408495044,2.1831284408495044
E0_repro__ppo__r42,evening_peak,3003,72,46,0.7768732047232543,1.2656013761803,1.2656013761803,False,True,False,0.6772856236559408,1.1660137951129865,1.1660137951129865
E0_repro__ppo__r42,evening_peak,3003,75,46,0.8202545809669834,1.3012382234858118,1.3012382234858118,False,True,False,-4.536573953504983,-4.055590310986155,-4.055590310986155
E0_repro__ppo__r42,evening_peak,3003,78,43,-1.6900518951497208,-1.2182941470887563,0.12312539256558486,False,False,False,-4.7596299520990115,1.8388583335534403,-4.287872204038047
E0_repro__ppo__r42,evening_peak,3003,81,43,-1.2490520730113461,-0.7780630177236568,0.10167095762383382,False,False,False,-1.182362891081009,1.338584076708746,-0.7113738357933197
E0_repro__ppo__r42,flash_crowd,3001,0,49,0.7454551712573555,-0.5904520800299945,0.7995232241868558,False,False,False,3.7853407441684253,5.802088954720878,-3.029676332479674
E0_repro__ppo__r42,flash_crowd,3001,3,46,0.7870093498668137,0.982261986164467,0.982261986164467,False,True,False,8.5281947304637,4.979431135905859,4.979431135905859
E0_repro__ppo__r42,flash_crowd,3001,6,46,1.7850392839369356,1.759072766739966,1.8100392839369355,False,False,False,9.565705884398842,9.590705884398842,9.39200185870044
E0_repro__ppo__r42,flash_crowd,3001,9,46,1.8079003362475519,1.999802624679775,1.999802624679775,False,True,False,4.059360726713719,4.251263015145943,4.251263015145943
E0_repro__ppo__r42,flash_crowd,3001,12,46,-0.24207717041047414,0.2439952712001124,0.2439952712001124,False,True,False,-2.4175246519740172,-1.9312206001182404,-1.9312206001182404
E0_repro__ppo__r42,flash_crowd,3001,15,46,-1.0528019159115352,-0.5675458305805796,-0.5675458305805796,False,True,False,-12.437232128908297,-10.444664401621527,-10.444664401621527
E0_repro__ppo__r42,flash_crowd,3001,18,43,-3.4709113866453802,-2.9911320006427995,-2.70349296336095,False,False,False,-19.148134328999156,-17.198135749312193,-18.672356624176857
E0_repro__ppo__r42,flash_crowd,3001,21,43,-3.8712719695658944,-2.512503271639634,-1.770211128852743,False,False,False,-25.418364548058495,-16.822194917809725,-22.112806526249813
E0_repro__ppo__r42,flash_crowd,3001,24,40,-5.157623795127777,-4.732487259143166,-3.669329551618819,False,False,False,-23.452751838467467,-17.94130491639605,-23.02971114131199
E0_repro__ppo__r42,flash_crowd,3001,27,43,-5.036098198915858,-4.559256247184406,-4.022552607489107,False,False,False,-26.78545177413089,-19.266157117690387,-25.9899551346868
E0_repro__ppo__r42,flash_crowd,3001,30,43,-4.3216757808763,-3.8450097885267227,-2.972245841189049,False,False,False,-18.04272905930762,-15.544163817712555,-17.60117381184465
E0_repro__ppo__r42,flash_crowd,3001,33,46,-1.7149111079450903,-1.129900734515723,0.5442472335597901,False,False,False,-6.292270732175325,-2.967860008002586,-5.642735153482185
E0_repro__ppo__r42,flash_crowd,3001,36,46,-1.5358517044821627,-1.0498147800081548,-0.43157272774676303,False,False,False,-1.1421976970614875,1.685577551688556,-0.6561607725874796
E0_repro__ppo__r42,flash_crowd,3001,39,45,-0.7208911266698295,-0.23557419026944712,0.07686187071508807,False,False,False,-1.1671299331753264,-0.2239763999282922,-0.681812996774944
E0_repro__ppo__r42,flash_crowd,3001,42,46,-0.7826117427941506,-0.30009022560868076,0.1391815768404389,False,False,False,-2.4679096287975772,0.7691079689476674,-1.9853881116121075
E0_repro__ppo__r42,flash_crowd,3001,45,46,-0.31481180944334064,0.1648371436292576,0.23039983303504658,False,False,False,-3.9860107116835963,-2.9294773249171473,-3.506361758610998
E0_repro__ppo__r42,flash_crowd,3001,48,46,-0.6950139933321253,-0.21232816522779124,0.8018111979463434,False,False,False,-1.2178286394943896,4.395305282462746,-0.7351428113900556
E0_repro__ppo__r42,flash_crowd,3001,51,46,0.038587104503332414,0.5119257023293525,0.9937972331895594,False,False,False,0.6943450003125087,1.3768304717843352,1.1704432238606026
E0_repro__ppo__r42,flash_crowd,3001,54,45,-0.5075693478572765,-0.02593424660931381,-0.02593424660931381,False,True,False,2.808262880808942,3.28720661140933,3.28720661140933
E0_repro__ppo__r42,flash_crowd,3001,57,46,-0.14118944088697316,0.34472036586549426,0.34472036586549426,False,True,False,2.1330296499247225,2.6188729369570787,2.6188729369570787
E0_repro__ppo__r42,flash_crowd,3002,0,49,-0.029630785738410187,-0.3988003116689949,1.6810072666068459,False,False,False,3.5997027906686254,6.8492188689075775,-2.813084875834195
E0_repro__ppo__r42,flash_crowd,3002,3,46,1.1676945641306953,1.3715668675315222,1.3715668675315222,False,True,False,4.250927537067621,-2.9893737174189865,-2.9893737174189865
E0_repro__ppo__r42,flash_crowd,3002,6,46,1.1842404591635431,1.3883617224948068,1.3883617224948068,False,True,False,4.8181219066759144,5.022243170007179,5.022243170007179
E0_repro__ppo__r42,flash_crowd,3002,9,46,0.11705285703819734,0.30130048348188093,0.3306648856766701,False,False,False,4.86895065142169,7.7052499920185955,5.0531982778653735
E0_repro__ppo__r42,flash_crowd,3002,12,46,1.0660829875674573,1.5412460268796195,1.675123791774364,False,False,False,2.374414308811158,7.659119461687915,2.84957734812332
E0_repro__ppo__r42,flash_crowd,3002,15,46,-0.1830849961442446,0.30399699979257305,1.533692379712854,False,False,False,-16.078018424670333,-6.01513791463881,-14.110291063709775
E0_repro__ppo__r42,flash_crowd,3002,18,43,-5.011064813179636,-4.538916610071984,-3.0961498315530194,False,False,False,-23.92594654358158,-14.702637850925571,-23.456885790243152
E0_repro__ppo__r42,flash_crowd,3002,21,43,-4.839381964300972,-3.9781645009747786,-2.573899505040045,False,False,False,-20.185829094792428,-12.494308708383574,-19.293284887976714
E0_repro__ppo__r42,flash_crowd,3002,24,43,-3.369441868533676,-2.889069882699028,-2.3226348624193665,False,False,False,-16.715155299594727,-12.018309006703092,-16.23779415842976
E0_repro__ppo__r42,flash_crowd,3002,27,43,-3.6427193918892327,-2.5393195324560267,-2.0612265836015955,False,False,False,-18.8915871148515,-13.77007522842545,-16.43567849299827
E0_repro__ppo__r42,flash_crowd,3002,30,40,-3.3193276545620094,-2.8420800474959895,-1.8713350302333076,False,False,False,-7.419370976182631,-10.728757911144035,-6.9421305089722685
E0_repro__ppo__r42,flash_crowd,3002,33,46,0.4048146168580637,0.9536093037565616,0.9536093037565616,False,True,False,-2.352694735809472,-0.28825618590967805,-0.28825618590967805
E0_repro__ppo__r42,flash_crowd,3002,36,49,-0.6826391603731752,-0.20389230981165524,0.012559712832815859,False,False,False,-2.2773251288890566,-1.0075191692373966,-2.275427555516829
E0_repro__ppo__r42,flash_crowd,3002,39,46,-0.20099738772340353,0.5153375880914832,0.5153375880914832,False,True,False,-2.7386081507267317,-1.490982689723899,-1.490982689723899
E0_repro__ppo__r42,flash_crowd,3002,42,46,-1.0572763999651291,-0.5716548767689975,-0.5716548767689975,False,True,False,-2.509449729278861,-2.0236914237165204,-2.0236914237165204
E0_repro__ppo__r42,flash_crowd,3002,45,46,-1.0608457227281085,-0.5800549035395095,-0.5800549035395095,False,True,False,-0.24862083399738338,0.23525515754248566,0.23525515754248566
E0_repro__ppo__r42,flash_crowd,3002,48,46,0.006654781057893022,0.4831674146456783,0.5670946451927623,False,False,False,2.444573792219983,2.6504274925027995,2.9210864258077684
E0_repro__ppo__r42,flash_crowd,3002,51,46,0.9901577842509015,1.482781538521588,1.4860183091606205,False,False,False,3.674624764691775,4.886259810044029,4.144698547446818
E0_repro__ppo__r42,flash_crowd,3002,54,46,1.109258114824055,1.5918117155220335,1.755909445173862,False,False,False,5.900244183637071,6.593010784296672,6.428913054644843
E0_repro__ppo__r42,flash_crowd,3002,57,46,0.6330728030539796,1.1164051347627733,1.1164051347627733,False,True,False,2.4759204458919823,2.9357482582497414,2.9357482582497414
E0_repro__ppo__r42,flash_crowd,3003,0,49,0.5765073170111742,-1.2162048579719567,0.6500781678397708,False,False,False,1.4427146094644336,0.02505133682679203,-7.056610646568407
E0_repro__ppo__r42,flash_crowd,3003,3,46,0.8912438657334096,-0.21283375194105197,0.9141010085905525,False,False,False,2.4134992584735846,2.431256060658,-6.428194304304005
E0_repro__ppo__r42,flash_crowd,3003,6,42,0.10091865128212606,0.24617754168995648,0.24617754168995648,False,True,False,1.8052072856943426,1.950466176102173,1.950466176102173
E0_repro__ppo__r42,flash_crowd,3003,9,42,0.22069949786733153,0.4073815922055755,0.4073815922055755,False,True,False,2.0355425751533893,2.2221941208948963,2.2221941208948963
E0_repro__ppo__r42,flash_crowd,3003,12,46,0.2016412213410303,0.6760550650544788,0.6760550650544788,False,True,False,-3.3629361428275133,-2.883300866197746,-2.883300866197746
E0_repro__ppo__r42,flash_crowd,3003,15,46,-1.230539157657993,-0.7464200528558148,0.9065704677793427,False,False,False,-19.395656562863923,-9.729654312921488,-18.333890355278037
E0_repro__ppo__r42,flash_crowd,3003,18,44,-5.043800375952672,-4.895963863357932,-3.485396185176982,False,False,False,-23.554239536646065,-14.630510757088414,-24.076448166344765
E0_repro__ppo__r42,flash_crowd,3003,21,37,-4.139445712837321,-3.4273381048906493,-2.0567933867871133,False,False,False,-18.13611873904957,-10.083568910589928,-16.536776548788904
E0_repro__ppo__r42,flash_crowd,3003,24,49,-3.1130333133429047,-2.6429474914767552,-1.8245326951944325,False,False,False,-17.552147166517226,-13.067079032097125,-17.335444073807494
E0_repro__ppo__r42,flash_crowd,3003,27,43,-3.1701623646009827,-2.6873423095488045,-1.7314342611868696,False,False,False,-21.036174345930302,-14.781876317187145,-20.098662197795306
E0_repro__ppo__r42,flash_crowd,3003,30,41,-4.4141382550941435,-4.459118048950328,-3.740811239417137,False,False,False,-10.704413258399992,-9.489022649443193,-11.837087422776897
E0_repro__ppo__r42,flash_crowd,3003,33,46,-0.39266066743486394,0.09568881585561495,0.09568881585561495,False,True,False,2.0867285499212773,2.5746687196732,2.5746687196732
E0_repro__ppo__r42,flash_crowd,3003,36,46,-0.25327276152012584,0.22894770702669073,0.22894770702669073,False,True,False,0.6928180765449952,1.175231882694192,1.175231882694192
E0_repro__ppo__r42,flash_crowd,3003,39,46,-1.0299131563708575,-0.5499605349886753,-0.029282012566178975,False,False,False,-1.3014564656014922,-0.07658667923114837,-0.82150384421931
E0_repro__ppo__r42,flash_crowd,3003,42,45,-0.4747621336594287,0.005670463349161755,0.005670463349161755,False,True,False,0.5169006311891072,0.9973332281976978,0.9973332281976978
E0_repro__ppo__r42,flash_crowd,3003,45,45,-0.5813200420763498,-0.10558622957760357,0.3967876799392176,False,False,False,2.187267252402273,3.1817902207330326,2.663001064901019
E0_repro__ppo__r42,flash_crowd,3003,48,49,-0.022592593987054876,0.45313455115100304,0.7321785268320944,False,False,False,2.1312664826655277,3.441969088160927,2.6069936278035852
E0_repro__ppo__r42,flash_crowd,3003,51,49,0.7940633528539951,1.2871715929513423,1.2871715929513423,False,True,False,3.2436471430728786,3.7355049335410473,3.7355049335410473
E0_repro__ppo__r42,flash_crowd,3003,54,46,-0.3328609182608702,0.15405285113768397,0.15405285113768397,False,True,False,2.7559178193860956,3.2428315887846497,3.2428315887846497
E0_repro__ppo__r42,flash_crowd,3003,57,46,-0.46893822638477756,0.003779122155202312,0.003779122155202312,False,True,False,-0.016115646615826484,0.4566017019241534,0.4566017019241534
E0_repro__ppo__r42,link_failure,3001,0,49,0.96042673517046,-0.27700269523218124,0.9832838780276029,False,False,False,5.176405624795581,5.1992627676527245,-0.8577309349908468
E0_repro__ppo__r42,link_failure,3001,3,46,0.9783763263003601,1.1370866188197237,1.1370866188197237,False,True,False,10.017355672116928,6.257943004504327,6.257943004504327
E0_repro__ppo__r42,link_failure,3001,6,46,1.786823656902342,1.999802624679775,1.999802624679775,False,True,False,11.11094537280169,11.323924340579122,11.323924340579122
E0_repro__ppo__r42,link_failure,3001,9,46,1.80898286112658,1.999802624679775,1.999802624679775,False,True,False,4.754689084567009,4.9455088481202045,4.9455088481202045
E0_repro__ppo__r42,link_failure,3001,12,29,0.07481830184331054,0.23711585248852698,0.7345112323928772,False,False,False,-3.0484322558387236,0.3786322465193129,-2.8860032018995128
E0_repro__ppo__r42,link_failure,3001,15,29,0.14590380636313288,0.14590380636313288,0.14590380636313288,True,True,True,-7.100178535726016,-7.100178535726016,-7.100178535726016
E0_repro__ppo__r42,link_failure,3001,18,32,-1.8457470881760676,-1.8457470881760676,-0.3265356673978955,True,False,False,-9.315133716345372,0.9562786475725737,-9.315133716345372
E0_repro__ppo__r42,link_failure,3001,21,32,-1.4614753255887898,-1.4614753255887898,0.9326767885272877,True,False,False,-7.318837428845944,-1.0050262586965992,-7.318837428845944
E0_repro__ppo__r42,link_failure,3001,24,30,-1.600137330060452,-1.600137330060452,-0.9376130517336667,True,False,False,-6.3905858245886815,-2.811854613427931,-6.3905858245886815
E0_repro__ppo__r42,link_failure,3001,27,32,-0.6939517082729679,-0.6939517082729679,-0.37681855182682844,True,False,False,-10.124988024399764,-4.6514755918482225,-10.124988024399764
E0_repro__ppo__r42,link_failure,3001,30,32,-2.0132165633737893,-2.0132165633737893,-0.25004135404577466,True,False,False,-12.785416492911216,-6.529805547440591,-12.785416492911216
E0_repro__ppo__r42,link_failure,3001,33,30,-2.1374660597925694,-2.1374660597925694,-1.2486782332862048,True,False,False,-13.429452773403147,-8.113416639061299,-13.429452773403147
E0_repro__ppo__r42,link_failure,3001,36,50,-1.3766265174173726,-2.197189643214209,-0.9087931359477318,False,False,False,-5.9472449667022,0.18705039341612428,-11.614715547000852
E0_repro__ppo__r42,link_failure,3001,39,46,-0.19909302437781468,0.28788913930102195,0.4728854085636943,False,False,False,0.8032215324897031,1.8949595858610946,1.2902036961685397
E0_repro__ppo__r42,link_failure,3001,42,49,-0.4422203418624164,0.041400488966845436,0.041400488966845436,False,True,False,0.38262602239131316,0.8662468532205749,0.8662468532205749
E0_repro__ppo__r42,link_failure,3001,45,49,0.2198618123122969,0.6998135631760063,0.6998135631760063,False,True,False,-0.12999882361636017,0.3499529272473492,0.3499529272473492
E0_repro__ppo__r42,link_failure,3001,48,49,-0.20818155132729546,0.2753908541776714,0.8093605373765943,False,False,False,0.5708907105842945,0.7728366332159539,1.0544631160892615
E0_repro__ppo__r42,link_failure,3001,51,49,0.223625696451844,0.6975294948844352,0.9105291877751316,False,False,False,1.3617953610001912,2.0489238159567575,1.8360034040742692
E0_repro__ppo__r42,link_failure,3001,54,49,-0.5267228699626223,-0.04313628305312124,-0.04313628305312124,False,True,False,2.9842555314380146,3.467537873706028,3.467537873706028
E0_repro__ppo__r42,link_failure,3001,57,49,-0.00034237986462820613,0.489595978559992,0.489595978559992,False,True,False,2.1013808875062074,2.5913192459308276,2.5913192459308276
E0_repro__ppo__r42,link_failure,3002,0,49,0.4244646026882133,0.05004901911579217,1.857963615305497,False,False,False,5.268023263517444,7.1664712002971065,-0.8771385339169763
E0_repro__ppo__r42,link_failure,3002,3,46,1.4145031892264146,1.616702788025822,1.616702788025822,False,True,False,6.41833894131328,-1.4622453167469365,-1.4622453167469365
E0_repro__ppo__r42,link_failure,3002,6,46,1.3011545281899026,1.5041633281862679,1.5041633281862679,False,True,False,5.930224784816424,6.13323358481279,6.13323358481279
E0_repro__ppo__r42,link_failure,3002,9,46,0.31512091710771994,0.498705640651546,0.9381724144885024,False,False,False,-2.584472601430231,-0.14800744380597874,-2.400887877726235
E0_repro__ppo__r42,link_failure,3002,12,29,-0.762384585970135,-0.5987090702222377,0.5977893194988234,False,False,False,-6.448096883317729,1.0712369260678645,-6.2844213675698315
E0_repro__ppo__r42,link_failure,3002,15,29,-1.3800087436109312,-1.3800087436109312,0.17104004604548625,True,False,False,-5.322392896074852,-1.9685266963368908,-5.322392896074852
E0_repro__ppo__r42,link_failure,3002,18,32,-0.5346315662516252,-0.5346315662516252,-0.26726993207745153,True,False,False,-6.303376975298809,-3.8109264639585296,-6.303376975298809
E0_repro__ppo__r42,link_failure,3002,21,32,-1.0600691297306497,-1.0600691297306497,-0.38740175802456683,True,False,False,-8.321320425998953,-3.0901693031956143,-8.321320425998953
E0_repro__ppo__r42,link_failure,3002,24,32,-1.2999692437785417,-1.2999692437785417,-0.431727245628498,True,False,False,-7.939419104468904,-0.5458179101815359,-7.939419104468904
E0_repro__ppo__r42,link_failure,3002,27,32,-1.2851878390595937,-1.2851878390595937,-0.6272829743434797,True,False,False,-7.644835511720807,-0.273711435531786,-7.644835511720807
E0_repro__ppo__r42,link_failure,3002,30,32,-1.3846960333075304,-1.3846960333075304,0.07445117937404333,True,False,False,-9.860948937045299,-4.144564981426503,-9.860948937045299
E0_repro__ppo__r42,link_failure,3002,33,32,-2.01778588939888,-2.01778588939888,-0.7571702444655666,True,False,False,-13.094173056635169,-9.183628450141299,-13.094173056635169
E0_repro__ppo__r42,link_failure,3002,36,50,-0.29701752504749157,-2.0305208798374483,-0.2951986902322846,False,False,False,-4.049347781997982,-5.0096992699183165,-14.118152793692541
E0_repro__ppo__r42,link_failure,3002,39,46,0.48762529623080764,0.6777818681348753,0.6777818681348753,False,True,False,-0.9663065960509946,-0.7768684481926407,-0.7768684481926407
E0_repro__ppo__r42,link_failure,3002,42,49,-1.4393580054386548,-0.5868116631569923,-0.5868116631569923,False,True,False,-3.1118291672436382,-1.4849715576204752,-1.4849715576204752
E0_repro__ppo__r42,link_failure,3002,45,49,-0.6859520982163583,-0.19732699734069334,-0.19732699734069334,False,True,False,-0.6678805926106096,-0.1795442350552458,-0.1795442350552458
E0_repro__ppo__r42,link_failure,3002,48,46,-0.6015164477184464,-0.11177735208759479,0.6005907582691088,False,False,False,1.1517164767837458,3.799704542392595,1.6414555724145974
E0_repro__ppo__r42,link_failure,3002,51,46,0.5603976099769981,1.0515864180711885,1.4619738618997178,False,False,False,3.5176844506694196,4.2999537417115175,4.00887325876361
E0_repro__ppo__r42,link_failure,3002,54,49,0.8570765978709574,1.3487764102670257,1.3902854926023211,False,False,False,5.38410493933328,6.532297749996669,6.49755286218924
E0_repro__ppo__r42,link_failure,3002,57,49,0.8520684797193523,1.3407125265419435,1.3407125265419435,False,True,False,2.893314612027308,3.381958658849899,3.381958658849899
E0_repro__ppo__r42,link_failure,3003,0,49,0.8119550707834033,-1.0299222363241287,0.8348122136405463,False,False,False,2.7526834713853257,2.7755406142424683,-5.599288494343817
E0_repro__ppo__r42,link_failure,3003,3,46,1.1698574057358375,0.12273575566051341,1.1927145485929802,False,False,False,3.7089172861446396,3.727020750556806,-4.861137899977919
E0_repro__ppo__r42,link_failure,3003,6,46,0.2214065939146569,0.4214611159560571,0.4214611159560571,False,True,False,2.098258529128581,2.2988377697100595,2.2988377697100595
E0_repro__ppo__r42,link_failure,3003,9,42,0.36257858823986333,0.5480901275034626,0.5480901275034626,False,True,False,1.3691843570790478,1.5546958956715495,1.5546958956715495
E0_repro__ppo__r42,link_failure,3003,12,28,0.24805890930594932,0.4081423972993135,0.4081423972993135,False,True,False,-4.303613848018349,-4.143530360024985,-4.143530360024985
E0_repro__ppo__r42,link_failure,3003,15,32,-1.4850412120274379,-1.3177775874366229,-0.8920584417397328,False,False,False,-5.977874400373473,-2.449051426200729,-5.810610775782657
E0_repro__ppo__r42,link_failure,3003,18,32,-1.1541458386833134,-1.1541458386833134,-0.30912521805318294,True,False,False,-4.772040674857924,1.5760991637230846,-4.772040674857924
E0_repro__ppo__r42,link_failure,3003,21,32,-1.0985155358973324,-1.0985155358973324,0.30317981003377376,True,False,False,-6.997856693311098,3.3156136150401228,-6.997856693311098
E0_repro__ppo__r42,link_failure,3003,24,32,-1.110242423249931,-1.110242423249931,0.9823517536221599,True,False,False,-7.441694688353781,2.31817716453148,-7.441694688353781
E0_repro__ppo__r42,link_failure,3003,27,32,-0.8721331174500399,-0.8721331174500399,1.0830458047055505,True,False,False,-7.334308520571549,1.9568915030123228,-7.334308520571549
E0_repro__ppo__r42,link_failure,3003,30,32,-1.0414732567642355,-1.0414732567642355,0.39400149550077695,True,False,False,-7.956348707587786,-3.0829088843603745,-7.956348707587786
E0_repro__ppo__r42,link_failure,3003,33,32,-1.2878841848926426,-1.2878841848926426,-0.7806230097869938,True,False,False,-8.819328015232735,-5.123818924226156,-8.819328015232735
E0_repro__ppo__r42,link_failure,3003,36,52,0.07146758463306191,-1.1844883870278398,0.09653778333988747,False,False,False,2.3683398353620864,0.24902127861109222,-8.870681640582182
E0_repro__ppo__r42,link_failure,3003,39,46,-0.47183333352268486,-0.27895922086709524,0.2776174664051255,False,False,False,2.1512173859019335,3.419902347950058,2.344091498557523
E0_repro__ppo__r42,link_failure,3003,42,49,0.17586770430673343,0.6658326747749612,0.6658326747749612,False,True,False,3.038668144907497,3.528633115375725,3.528633115375725
E0_repro__ppo__r42,link_failure,3003,45,49,-0.35006986491461395,0.13870279132372126,0.34544170779990013,False,False,False,3.3073690105667604,3.2973413282791837,3.7961416668050956
E0_repro__ppo__r42,link_failure,3003,48,49,0.18162757668468948,0.6711573289548948,0.6711573289548948,False,True,False,1.9096410248531344,3.0073195084739193,3.0073195084739193
E0_repro__ppo__r42,link_failure,3003,51,49,0.5495226274756435,1.0385139137988055,1.1597418520369418,False,False,False,3.3386694153913345,3.9359752153075958,3.8276607017144966
E0_repro__ppo__r42,link_failure,3003,54,49,-0.2608281133575771,0.2267761939995739,0.2267761939995739,False,True,False,4.035519748569986,4.523124055927137,4.523124055927137
E0_repro__ppo__r42,link_failure,3003,57,49,0.21133300793879678,0.7009664371722631,0.7009664371722631,False,True,False,1.0611431985878803,1.5507766278213468,1.5507766278213468
E0_repro__ppo__r42,deceptive_local_optimum,3001,0,52,1.794398508962507,1.9025832832126246,1.9025832832126246,False,True,False,11.793411632361382,11.064498832235834,11.064498832235834
E0_repro__ppo__r42,deceptive_local_optimum,3001,3,46,1.8101110592004805,1.999802624679775,1.999802624679775,False,True,False,11.809124182599357,11.99881574807865,11.99881574807865
E0_repro__ppo__r42,deceptive_local_optimum,3001,6,46,1.7996286209320795,1.999802624679775,1.999802624679775,False,True,False,10.923657935064174,11.123831938811868,11.123831938811868
E0_repro__ppo__r42,deceptive_local_optimum,3001,9,46,1.8223218395336462,1.999802624679775,1.999802624679775,False,True,False,7.122661156036633,7.300141941182762,7.300141941182762
E0_repro__ppo__r42,deceptive_local_optimum,3001,12,46,0.2805829328736981,0.7557753968564348,1.370839092172662,False,False,False,4.394263843376075,7.813016394523572,4.869456307358812
E0_repro__ppo__r42,deceptive_local_optimum,3001,15,46,-0.07306227395043327,0.4021259033661728,0.6696950928826018,False,False,False,6.293266641037927,8.863405598811788,6.768454818354533
E0_repro__ppo__r42,deceptive_local_optimum,3001,18,49,0.36197930166053854,0.8380033858539808,1.4314682837018968,False,False,False,7.940842948615577,10.342397781284834,8.41686703280902
E0_repro__ppo__r42,deceptive_local_optimum,3001,21,46,0.9540078490276045,1.4306290218594693,1.8144509754087401,False,False,False,7.757408855456047,7.652691906663381,8.234030028287911
E0_repro__ppo__r42,deceptive_local_optimum,3001,24,46,0.5452994982083113,1.0223173908013048,1.7062044753761552,False,False,False,6.3942699857891965,7.54892045064101,6.87128787838219
E0_repro__ppo__r42,deceptive_local_optimum,3001,27,49,0.1004117261708391,0.5746435207982638,0.8733847915037701,False,False,False,4.830749688670733,5.425412761199168,5.304981483298157
E0_repro__ppo__r42,deceptive_local_optimum,3001,30,49,0.7232346922547503,1.2005617193250269,1.4012790663352102,False,False,False,0.9545471060096482,6.35733516682564,1.4318741330799247
E0_repro__ppo__r42,deceptive_local_optimum,3001,33,49,-0.747545760380435,-0.2666961286360311,1.1405735890938147,False,False,False,1.220557385803394,5.943075887726982,1.701407017547798
E0_repro__ppo__r42,deceptive_local_optimum,3001,36,49,-0.06548820858027368,0.4136175647769309,0.887102370114333,False,False,False,4.982152233885406,7.176100787944414,5.461258007242611
E0_repro__ppo__r42,deceptive_local_optimum,3001,39,46,0.6298872240396958,1.109318067985143,1.338372700801013,False,False,False,5.874464102641909,7.243003863357076,6.353894946587356
E0_repro__ppo__r42,deceptive_local_optimum,3001,42,46,0.3435367698234006,0.8207892615813271,1.1072372797859762,False,False,False,9.009898193894816,8.864856997251822,9.487150685652743
E0_repro__ppo__r42,deceptive_local_optimum,3001,45,49,1.999802624679775,1.999802624679775,1.999802624679775,True,True,True,11.99881574807865,11.99881574807865,11.99881574807865
E0_repro__ppo__r42,deceptive_local_optimum,3001,48,49,1.5191545500304031,1.999802624679775,1.999802624679775,False,True,False,11.518167673429279,11.99881574807865,11.99881574807865
E0_repro__ppo__r42,deceptive_local_optimum,3001,51,49,1.999802624679775,1.999802624679775,1.999802624679775,True,True,True,11.482037392584612,11.482037392584612,11.482037392584612
E0_repro__ppo__r42,deceptive_local_optimum,3001,54,49,1.2345659748382785,1.7156985352693386,1.8408213334286632,False,False,False,10.616710789862873,11.839834456827539,11.097843350293934
E0_repro__ppo__r42,deceptive_local_optimum,3001,57,49,1.999802624679775,1.999802624679775,1.999802624679775,True,True,True,5.615213831748646,5.615213831748646,5.615213831748646
E0_repro__ppo__r42,deceptive_local_optimum,3002,0,52,1.794398508962507,1.999802624679775,1.999802624679775,False,True,False,11.793411632361382,10.363904976128287,10.363904976128287
E0_repro__ppo__r42,deceptive_local_optimum,3002,3,46,1.8041361234678681,1.999802624679775,1.999802624679775,False,True,False,10.711512318081894,10.906155921643299,10.906155921643299
E0_repro__ppo__r42,deceptive_local_optimum,3002,6,46,1.8038225148152398,1.999802624679775,1.999802624679775,False,True,False,9.447225233515104,9.64320534337964,9.64320534337964
E0_repro__ppo__r42,deceptive_local_optimum,3002,9,46,0.5617518780765052,0.735829148765613,1.0942687492259742,False,False,False,10.560765001475382,11.066124983799709,10.734842272164489
E0_repro__ppo__r42,deceptive_local_optimum,3002,12,46,1.5283477499756564,1.999802624679775,1.999802624679775,False,True,False,10.877452017503538,11.348906892207657,11.348906892207657
E0_repro__ppo__r42,deceptive_local_optimum,3002,15,46,1.2721020096520923,1.7488773480904116,1.811220403840587,False,False,False,9.75665341132238,11.810233527239463,10.2334287497607
E0_repro__ppo__r42,deceptive_local_optimum,3002,18,49,0.9312368746276298,1.408444465590783,1.8331515004123076,False,False,False,9.289083384953571,11.312929724241974,9.766290975916725
E0_repro__ppo__r42,deceptive_local_optimum,3002,21,46,1.06335005524099,1.5409863271567046,1.8380439064843714,False,False,False,9.404360804309995,10.43534771619649,9.881997076225709
E0_repro__ppo__r42,deceptive_local_optimum,3002,24,46,0.905350031213735,1.3830509950831016,1.3830509950831016,False,True,False,8.461698918036872,8.939399881906239,8.939399881906239
E0_repro__ppo__r42,deceptive_local_optimum,3002,27,49,1.0654374229982295,1.548172108775673,1.548172108775673,False,True,False,6.577958036808144,7.060692722585587,7.060692722585587
E0_repro__ppo__r42,deceptive_local_optimum,3002,30,49,0.4170420707341311,0.8935948699113311,1.468688925761163,False,False,False,7.37023441383223,5.249628452169439,7.84678721300943
E0_repro__ppo__r42,deceptive_local_optimum,3002,33,46,1.2112527473280261,1.689056747513359,1.795787503137043,False,False,False,7.0151904241000045,7.474264455354141,7.492994424285337
E0_repro__ppo__r42,deceptive_local_optimum,3002,36,46,0.6724883498474643,1.1476111029334959,1.8071411485224518,False,False,False,5.68180251627376,9.174342326980044,6.156925269359792
E0_repro__ppo__r42,deceptive_local_optimum,3002,39,49,0.7522725854511685,1.2384801680417876,1.3239394785268757,False,False,False,6.783365413630763,6.112108302635537,7.269572996221383
E0_repro__ppo__r42,deceptive_local_optimum,3002,42,49,1.3167140384747107,1.7961628251116721,1.852674321642061,False,False,False,8.948454783348907,10.60039551563068,9.427903569985869
E0_repro__ppo__r42,deceptive_local_optimum,3002,45,49,1.9930173768016686,1.9930173768016686,1.9930173768016686,True,True,True,10.146100355170725,10.146100355170725,10.146100355170725
E0_repro__ppo__r42,deceptive_local_optimum,3002,48,49,0.7909213620732933,1.2663078794606992,1.8509778588622408,False,False,False,9.749396193905245,11.849990982261117,10.22478271129265
E0_repro__ppo__r42,deceptive_local_optimum,3002,51,49,1.999802624679775,1.999802624679775,1.999802624679775,True,True,True,11.381308076235634,11.381308076235634,11.381308076235634
E0_repro__ppo__r42,deceptive_local_optimum,3002,54,49,1.5189683277763495,1.999802624679775,1.999802624679775,False,True,False,11.45673106985602,11.937565366759445,11.937565366759445
E0_repro__ppo__r42,deceptive_local_optimum,3002,57,49,2.0006440046687626,2.0006440046687626,2.0006440046687626,True,True,True,5.982731472693583,5.982731472693583,5.982731472693583
E0_repro__ppo__r42,deceptive_local_optimum,3003,0,52,1.794398508962507,1.3606242712142085,1.8172556518196497,False,False,False,11.793411632361382,11.816268775218525,7.2692037755603485
E0_repro__ppo__r42,deceptive_local_optimum,3003,3,46,1.8087823712244158,1.999802624679775,1.999802624679775,False,True,False,11.807795494623292,10.07350204268349,10.07350204268349
E0_repro__ppo__r42,deceptive_local_optimum,3003,6,46,1.8058826552657707,1.999802624679775,1.999802624679775,False,True,False,10.29056754490438,10.484487514318385,10.484487514318385
E0_repro__ppo__r42,deceptive_local_optimum,3003,9,46,1.7291796957791208,1.905344432392454,1.905344432392454,False,True,False,10.082291265255796,10.258456001869128,10.258456001869128
E0_repro__ppo__r42,deceptive_local_optimum,3003,12,46,1.424890321140983,1.8961269158114145,1.8961269158114145,False,True,False,8.147413819626202,8.618650414296635,8.618650414296635
E0_repro__ppo__r42,deceptive_local_optimum,3003,15,46,0.575587875589741,1.0508040232287896,1.5784373084233145,False,False,False,7.722536683978507,10.98682321071474,8.197752831617555
E0_repro__ppo__r42,deceptive_local_optimum,3003,18,49,0.9678354033016239,1.4488308592479218,1.8363367797808015,False,False,False,9.7437490074998,11.614280273016375,10.224744463446097
E0_repro__ppo__r42,deceptive_local_optimum,3003,21,46,1.2408909452001524,1.714441582714968,1.8354618471892727,False,False,False,10.62404693856689,11.21861784055601,11.097597576081705
E0_repro__ppo__r42,deceptive_local_optimum,3003,24,46,1.5272591336153096,1.999802624679775,1.999802624679775,False,True,False,9.473815344541508,9.946358835605974,9.946358835605974
E0_repro__ppo__r42,deceptive_local_optimum,3003,27,49,1.520419284866602,1.999802624679775,1.999802624679775,False,True,False,7.914640256104619,8.39402359591779,8.39402359591779
E0_repro__ppo__r42,deceptive_local_optimum,3003,30,49,0.642153035494994,1.1156016044995274,1.3473438171184198,False,False,False,8.380154242130216,7.976678366202247,8.85360281113475
E0_repro__ppo__r42,deceptive_local_optimum,3003,33,46,1.4339409712412408,1.9140436313108127,1.9140436313108127,False,True,False,10.22502313604454,10.705125796114112,10.705125796114112
E0_repro__ppo__r42,deceptive_local_optimum,3003,36,46,1.5230006381871037,1.999802624679775,1.999802624679775,False,True,False,8.248099009338178,8.72490099583085,8.72490099583085
E0_repro__ppo__r42,deceptive_local_optimum,3003,39,49,0.5434624770002631,0.5434624770002631,1.2546530380836902,True,False,False,8.643127235527144,10.408665435108421,8.643127235527144
E0_repro__ppo__r42,deceptive_local_optimum,3003,42,46,1.835868697346543,1.835868697346543,1.835868697346543,True,True,True,11.537870279288137,11.537870279288137,11.537870279288137
E0_repro__ppo__r42,deceptive_local_optimum,3003,45,46,1.999802624679775,1.999802624679775,1.999802624679775,True,True,True,11.9363134243328,11.9363134243328,11.9363134243328
E0_repro__ppo__r42,deceptive_local_optimum,3003,48,49,1.525286431165165,1.999802624679775,1.999802624679775,False,True,False,11.52429955456404,11.99881574807865,11.99881574807865
E0_repro__ppo__r42,deceptive_local_optimum,3003,51,49,1.999802624679775,1.999802624679775,1.999802624679775,True,True,True,11.790410537149096,11.790410537149096,11.790410537149096
E0_repro__ppo__r42,deceptive_local_optimum,3003,54,46,1.999802624679775,1.999802624679775,1.999802624679775,True,True,True,11.987835297125342,11.987835297125342,11.987835297125342
E0_repro__ppo__r42,deceptive_local_optimum,3003,57,46,1.999802624679775,1.999802624679775,1.999802624679775,True,True,True,5.988427423086016,5.988427423086016,5.988427423086016
E0_repro__ppo__r42,ood_double_failure,3001,0,52,1.803854209662389,1.275457178731701,1.8267113525195318,False,False,False,11.081489210795409,11.104346353652552,7.910577950029781
E0_repro__ppo__r42,ood_double_failure,3001,3,46,1.809580889335385,1.999802624679775,1.999802624679775,False,True,False,11.808594012734261,11.99881574807865,11.99881574807865
E0_repro__ppo__r42,ood_double_failure,3001,6,46,1.7969433281913818,1.999802624679775,1.999802624679775,False,True,False,10.714666306878918,10.917525603367313,10.917525603367313
E0_repro__ppo__r42,ood_double_failure,3001,9,46,1.818657320333298,1.999802624679775,1.999802624679775,False,True,False,2.8550656760423334,3.0358196584614197,3.0358196584614197
E0_repro__ppo__r42,ood_double_failure,3001,12,37,-0.9804682082056686,-0.5024905052358113,1.3499122803909145,False,False,False,-14.261818700395322,-3.0609032484235055,-13.783042340619414
E0_repro__ppo__r42,ood_double_failure,3001,15,34,-1.5882048831926123,-1.1103465091890299,0.6922874672525619,False,False,False,-38.38104827942763,-33.63528709886484,-37.90350167177585
E0_repro__ppo__r42,ood_double_failure,3001,18,23,-9.752661829352112,-9.27345880044249,-9.27345880044249,False,True,False,-51.68269923253989,-51.20349620363027,-51.20349620363027
E0_repro__ppo__r42,ood_double_failure,3001,21,23,-8.849296295186175,-8.369555404338268,-8.289524462966124,False,False,False,-54.28874178915174,-52.2101392635889,-53.80911828531888
E0_repro__ppo__r42,ood_double_failure,3001,24,23,-9.639007757466185,-9.15917399225151,-8.72167199074189,False,False,False,-55.997655841975686,-53.610930114993806,-55.51770471369225
E0_repro__ppo__r42,ood_double_failure,3001,27,23,-9.743892534927593,-9.268213058600761,-8.96026514868889,False,False,False,-55.63258063584426,-52.36088922278228,-55.15690115951743
E0_repro__ppo__r42,ood_double_failure,3001,30,23,-9.123247987124936,-8.643020605732199,-8.448388312488136,False,False,False,-58.274068621255076,-52.746053822769454,-57.79384123986234
E0_repro__ppo__r42,ood_double_failure,3001,33,23,-9.993219514197845,-9.507314728823633,-8.803622874025132,False,False,False,-59.80552040799004,-53.19683715333754,-59.31961562261583
E0_repro__ppo__r42,ood_double_failure,3001,36,23,-10.64291065461453,-10.159941030384003,-9.242632922641787,False,False,False,-57.87580198381198,-54.04565270245297,-57.39278705939472
E0_repro__ppo__r42,ood_double_failure,3001,39,23,-9.530802727806504,-9.048130600594327,-9.048130600594327,False,True,False,-29.152030268920587,-28.669853130409646,-28.669853130409646
E0_repro__ppo__r42,ood_double_failure,3001,42,34,-0.5045215814205883,-0.02404603899798897,1.238459030097156,False,False,False,-1.1950653392992874,6.61439998774569,-0.7137919044132215
E0_repro__ppo__r42,ood_double_failure,3001,45,34,-0.46690294892223394,0.010378979682430317,0.8316386286542388,False,False,False,-0.4537487075109746,6.954966492681949,0.022882113664760645
E0_repro__ppo__r42,ood_double_failure,3001,48,45,1.778635947846754,-0.20444859412073715,1.778635947846754,False,False,True,7.0347278194114935,7.0347278194114935,-0.8910343350515447
E0_repro__ppo__r42,ood_double_failure,3001,51,46,1.8318497699195586,1.999802624679775,1.999802624679775,False,True,False,11.456935971696964,11.62488882645718,11.62488882645718
E0_repro__ppo__r42,ood_double_failure,3001,54,46,1.4300904256221574,1.6258757030583058,1.6258757030583058,False,True,False,10.834159093522125,11.029944370958273,11.029944370958273
E0_repro__ppo__r42,ood_double_failure,3001,57,46,1.999802624679775,1.999802624679775,1.999802624679775,True,True,True,5.404463418540417,5.404463418540417,5.404463418540417
E0_repro__ppo__r42,ood_double_failure,3002,0,52,1.803854209662389,2.0055508800321924,2.0055508800321924,False,True,False,11.502980389134876,7.760141538674924,7.760141538674924
E0_repro__ppo__r42,ood_double_failure,3002,3,46,1.8049466995586436,1.999802624679775,1.999802624679775,False,True,False,11.585337541944918,8.57185378719814,8.57185378719814
E0_repro__ppo__r42,ood_double_failure,3002,6,46,1.8030241947251493,1.999802624679775,1.999802624679775,False,True,False,11.583415037111424,11.78019346706605,11.78019346706605
E0_repro__ppo__r42,ood_double_failure,3002,9,46,1.8232433641239076,1.999802624679775,1.999802624679775,False,True,False,10.891442834193482,11.06800209474935,11.06800209474935
E0_repro__ppo__r42,ood_double_failure,3002,12,39,1.5284541174171342,1.999802624679775,1.999802624679775,False,True,False,-1.0774816446068598,-0.6061331373442189,-0.6061331373442189
E0_repro__ppo__r42,ood_double_failure,3002,15,37,1.217739585911453,1.3874539802720045,1.8344029624009632,False,False,False,-30.995498810779825,-29.573960601353686,-30.825784416419275
E0_repro__ppo__r42,ood_double_failure,3002,18,23,-9.075668904215764,-8.595483036566117,-8.595483036566117,False,True,False,-53.03072146220995,-52.55057574834391,-52.55057574834391
E0_repro__ppo__r42,ood_double_failure,3002,21,23,-8.712951262668081,-8.23244254721962,-8.23244254721962,False,True,False,-52.13021009540264,-51.64963017634051,-51.64963017634051
E0_repro__ppo__r42,ood_double_failure,3002,24,23,-9.88471957398322,-9.403783656537298,-9.210180797588,False,False,False,-55.4160438643335,-53.28750505115156,-54.93519050914263
E0_repro__ppo__r42,ood_double_failure,3002,27,23,-8.96732070674536,-8.478843359778153,-8.478843359778153,False,True,False,-50.55894890756511,-50.0704715605979,-50.0704715605979
E0_repro__ppo__r42,ood_double_failure,3002,30,23,-11.150495333391282,-10.67195569757043,-9.097289422404234,False,False,False,-58.238945175206986,-52.267311419995785,-57.760561369203224
E0_repro__ppo__r42,ood_double_failure,3002,33,23,-8.646303281838522,-8.165665529731676,-8.165665529731676,False,True,False,-53.08955566435669,-53.24239062657412,-53.24239062657412
E0_repro__ppo__r42,ood_double_failure,3002,36,23,-11.501369090610451,-11.025155924504308,-9.234901761910928,False,False,False,-59.810075019918315,-53.99933271346927,-59.334290748711695
E0_repro__ppo__r42,ood_double_failure,3002,39,23,-9.031936991484134,-8.75163058782316,-8.75163058782316,False,True,False,-29.39056806629415,-29.110237023537138,-29.110237023537138
E0_repro__ppo__r42,ood_double_failure,3002,42,34,-0.8028274874164414,-0.3210423437559502,0.7245220448941049,False,False,False,-8.158144752399878,-2.224739186430889,-7.6771225326614445
E0_repro__ppo__r42,ood_double_failure,3002,45,37,-1.881533612366831,-1.4023394207082907,0.6538691406963163,False,False,False,-3.036760189611711,4.0541639693909985,-2.557037150635796
E0_repro__ppo__r42,ood_double_failure,3002,48,43,0.7097298876178586,-0.20778770194442142,0.7097298876178586,False,False,True,8.818785748820101,8.818785748820101,3.1463243437668598
E0_repro__ppo__r42,ood_double_failure,3002,51,46,1.8318908672966747,1.999802624679775,1.999802624679775,False,True,False,11.29445543856405,11.462367195947152,11.462367195947152
E0_repro__ppo__r42,ood_double_failure,3002,54,46,1.0571059098502873,1.999802624679775,1.999802624679775,False,True,False,8.234179043100308,11.462367195947152,11.462367195947152
E0_repro__ppo__r42,ood_double_failure,3002,57,46,1.2465737132258996,1.4588333878327144,1.8592968871000395,False,False,False,4.24546764183354,5.85890213645959,4.457727316440355
E0_repro__ppo__r42,ood_double_failure,3003,0,52,1.6134570683467806,0.6659663154357138,1.6363142112039233,False,False,False,9.630342785321734,9.653199928178875,1.5045276414565703
E0_repro__ppo__r42,ood_double_failure,3003,3,46,1.8091708492085115,1.777363534329048,1.8320279920656541,False,False,False,10.290920041681805,10.313777184538948,6.6752227479584745
E0_repro__ppo__r42,ood_double_failure,3003,6,46,1.413758666334771,1.6080738776598245,1.6080738776598245,False,True,False,8.207731144437465,8.40206015793894,8.40206015793894
E0_repro__ppo__r42,ood_double_failure,3003,9,46,1.4990966366973493,1.6777343920192025,1.6777343920192025,False,True,False,4.130446652849585,4.308966505572645,4.308966505572645
E0_repro__ppo__r42,ood_double_failure,3003,12,36,-0.47782325818218163,-0.006693941843293784,0.9458080856108394,False,False,False,-7.006343334446219,-1.1348934613809767,-6.535053483579949
E0_repro__ppo__r42,ood_double_failure,3003,15,34,0.4068705984918511,0.8842824649203068,1.6869065234575868,False,False,False,-32.66672461702496,-29.598279942546966,-32.18937492714507
E0_repro__ppo__r42,ood_double_failure,3003,18,23,-9.307749225698341,-8.82204313526684,-8.624936260980656,False,False,False,-53.34560186406952,-49.44871390621209,-52.859877264280684
E0_repro__ppo__r42,ood_double_failure,3003,21,23,-8.01612898963707,-8.01612898963707,-8.01612898963707,True,True,True,-48.8354897304435,-48.8354897304435,-48.8354897304435
E0_repro__ppo__r42,ood_double_failure,3003,24,23,-9.140555937128388,-8.668159367276735,-8.668159367276735,False,True,False,-56.42690430320246,-55.954669186485276,-55.954669186485276
E0_repro__ppo__r42,ood_double_failure,3003,27,23,-8.461414040847048,-7.978040847774668,-7.978040847774668,False,True,False,-51.94754031114336,-51.464167118070975,-51.464167118070975
E0_repro__ppo__r42,ood_double_failure,3003,30,23,-9.485684622393386,-9.011273793071616,-8.96026326432011,False,False,False,-55.48286161762946,-53.586940818608376,-55.008599958322264
E0_repro__ppo__r42,ood_double_failure,3003,33,23,-9.234992603187708,-8.751047769388137,-8.751047769388137,False,True,False,-53.53034630450736,-53.04640147070779,-53.04640147070779
E0_repro__ppo__r42,ood_double_failure,3003,36,23,-9.687739965944143,-9.20910040558799,-9.20910040558799,False,True,False,-55.99220645949582,-55.513607645196366,-55.513607645196366
E0_repro__ppo__r42,ood_double_failure,3003,39,23,-9.292688562785981,-8.815940478665825,-8.584933976563464,False,False,False,-21.99939892182693,-20.611859081781795,-21.522650837706774
E0_repro__ppo__r42,ood_double_failure,3003,42,37,0.9537732427898036,1.0992562569516247,1.5898648928692998,False,False,False,5.174470714440496,9.885212518934047,4.879338539490413
E0_repro__ppo__r42,ood_double_failure,3003,45,37,0.27331438886598297,0.27331438886598297,1.2708047267783997,True,False,False,2.2247994441039594,7.591954689587217,2.2247994441039594
E0_repro__ppo__r42,ood_double_failure,3003,48,46,1.425855647557702,0.5631642056720237,1.425855647557702,False,False,True,6.7456525412579325,6.7456525412579325,0.5610415022108562
E0_repro__ppo__r42,ood_double_failure,3003,51,46,1.8321863552892224,1.999802624679775,1.999802624679775,False,True,False,11.592478057790872,11.760094327181424,11.760094327181424
E0_repro__ppo__r42,ood_double_failure,3003,54,46,1.7855226451578465,1.8645330969094969,1.8645330969094969,False,True,False,11.677261819035593,10.062655334882951,10.062655334882951
E0_repro__ppo__r42,ood_double_failure,3003,57,46,1.999802624679775,1.999802624679775,1.999802624679775,True,True,True,5.999407874039325,5.999407874039325,5.999407874039325
E0_repro__ppo__r42,overload_stress,3001,0,49,-1.437881900110289,-1.9896327059994559,-0.9595066286492648,False,False,False,-9.92614043958828,-6.853014421631532,-13.539656175942017
E0_repro__ppo__r42,overload_stress,3001,3,43,-1.9220625598123298,-1.3442560093651899,-0.5850707114129146,False,False,False,-4.185224021916505,0.2730455924740316,-2.90621249057022
E0_repro__ppo__r42,overload_stress,3001,6,46,0.5584595817689314,0.7043926435617534,0.7043926435617534,False,True,False,0.8467520000944038,1.065895121542307,1.065895121542307
E0_repro__ppo__r42,overload_stress,3001,9,46,0.6773835220784155,0.8408690137088463,0.8408690137088463,False,True,False,-5.3802919460464524,-5.216698193701021,-5.216698193701021
E0_repro__ppo__r42,overload_stress,3001,12,46,-1.6975957068387706,-1.5228617214069557,-1.5228617214069557,False,True,False,-13.768469911046937,-13.981479427800503,-13.981479427800503
E0_repro__ppo__r42,overload_stress,3001,15,43,-3.1474252772625686,-2.666384940078568,-2.5306495909364832,False,False,False,-15.246311074880099,-13.648721616795978,-11.27509203640949
E0_repro__ppo__r42,overload_stress,3001,18,39,-2.4373937798814356,-1.548196395997655,-1.4759894424611941,False,False,False,-10.364632690282793,-4.689298995362331,-7.811832163873993
E0_repro__ppo__r42,overload_stress,3001,21,43,-2.0143881026929114,-2.010601783128483,-1.4205943448649259,False,False,False,-15.286586512972903,-16.8620171823661,-16.52583154960088
E0_repro__ppo__r42,overload_stress,3001,24,46,-3.312393489681705,-2.6517976880928353,-1.2584568313625377,False,False,False,-17.74313706061909,-11.60713100796249,-15.568271689397093
E0_repro__ppo__r42,overload_stress,3001,27,38,-4.117094683222157,-3.8917012421157744,-3.2065782688644253,False,False,False,-20.781942548415184,-17.95944834996475,-23.10616772256968
E0_repro__ppo__r42,overload_stress,3001,30,43,-3.7740067824087604,-2.629124487771253,-1.8980918859762523,False,False,False,-24.89973950256003,-16.876109277390828,-21.993849630548098
E0_repro__ppo__r42,overload_stress,3001,33,41,-4.471631067099553,-4.555964649393443,-3.6922258832132986,False,False,False,-25.69913105204963,-24.851947015202974,-28.41320126777316
E0_repro__ppo__r42,overload_stress,3001,36,40,-5.093095165559122,-3.8786385753443544,-3.0611837851606283,False,False,False,-21.681948450123294,-15.098412965660758,-17.873033542719607
E0_repro__ppo__r42,overload_stress,3001,39,40,-4.017229349263763,-3.9130702793995455,-3.3107855643892266,False,False,False,-17.17601944620155,-15.484120494951338,-18.138478662132634
E0_repro__ppo__r42,overload_stress,3001,42,42,-2.6072906774306457,-2.1565246120270416,-2.083982477979666,False,False,False,-18.15921235222537,-16.082514037437416,-17.07880340812574
E0_repro__ppo__r42,overload_stress,3001,45,38,-3.477204291486926,-3.068793015913486,-2.5689566781371256,False,False,False,-10.801925005104712,-9.19729236684312,-10.928745133459612
E0_repro__ppo__r42,overload_stress,3002,0,49,-1.9927746008541962,-2.0644378261136804,0.09586241558712091,False,False,False,-8.54817787742043,-3.591255787415201,-12.400619377038652
E0_repro__ppo__r42,overload_stress,3002,3,46,-0.595024686402954,-0.45163448555119684,-0.07535013063706505,False,False,False,-7.277934198510511,-5.008289529262294,-7.135077320173485
E0_repro__ppo__r42,overload_stress,3002,6,43,-0.6753577969074699,-0.40131964585751656,-0.40131964585751656,False,True,False,-6.918620277173442,-5.0516366113058835,-5.0516366113058835
E0_repro__ppo__r42,overload_stress,3002,9,44,-2.497857374079301,-2.760414344445694,-2.0437933112912874,False,False,False,-7.145550474796759,-6.512078106871663,-7.790367724533894
E0_repro__ppo__r42,overload_stress,3002,12,46,-0.3908368828565112,-0.2155614812428171,0.18283348652598544,False,False,False,-6.928625395406652,0.025476591540385535,-6.446404479229448
E0_repro__ppo__r42,overload_stress,3002,15,46,-2.622174730393207,-1.6294921780039513,-0.0970448166251764,False,False,False,-15.567183062540812,-4.363386670378072,-12.215478659257304
E0_repro__ppo__r42,overload_stress,3002,18,46,-2.4194362020641234,-2.1437978372977264,-0.7455905831861671,False,False,False,-17.02004948200727,-10.920274384887403,-15.970457978723273
E0_repro__ppo__r42,overload_stress,3002,21,37,-3.577796510922689,-3.149817973076313,-2.312489156057383,False,False,False,-17.79057077616414,-13.84828639523885,-17.86088542226058
E0_repro__ppo__r42,overload_stress,3002,24,37,-2.8929078824455723,-2.35590424885446,-2.195099029742923,False,False,False,-13.161794386812367,-10.89787626456991,-12.45007941043463
E0_repro__ppo__r42,overload_stress,3002,27,38,-3.5078130381800183,-3.0597465274486604,-2.217763639539133,False,False,False,-16.22473926502202,-13.755969308170611,-17.280098051598703
E0_repro__ppo__r42,overload_stress,3002,30,40,-2.7186669379903883,-2.088207875251394,-2.0300275837829447,False,False,False,-16.05449501479921,-13.800104259980273,-13.117615610082069
E0_repro__ppo__r42,overload_stress,3002,33,45,-2.6853840559932127,-2.778562271222564,-2.0855326733577573,False,False,False,-22.600314141309248,-17.652574521459364,-23.997450908729746
E0_repro__ppo__r42,overload_stress,3002,36,37,-3.91717609304611,-3.2556370515324646,-2.5684378603750826,False,False,False,-21.752242101881656,-13.926570298705112,-18.51552972872979
E0_repro__ppo__r42,overload_stress,3002,39,38,-3.0653918079525915,-3.2550507139399465,-2.779029046981835,False,False,False,-18.74802406712083,-19.322801299755636,-21.570883847511862
E0_repro__ppo__r42,overload_stress,3002,42,41,-2.7481923859919792,-2.08041031692825,-2.08041031692825,False,True,False,-21.933834210318846,-18.83720433743021,-18.83720433743021
E0_repro__ppo__r42,overload_stress,3002,45,38,-4.532274302303107,-4.620107559515205,-3.8271679407217225,False,False,False,-12.149242704360733,-10.66597598033983,-13.19479947487749
E0_repro__ppo__r42,overload_stress,3003,0,49,-2.2138647592942813,-2.702710203458543,-1.9050733842626988,False,False,False,-11.856487691333387,-11.647161067662935,-17.059065495527477
E0_repro__ppo__r42,overload_stress,3003,3,46,-1.264331946455393,-2.397614450621867,-1.2439999686755292,False,False,False,-12.044319251151425,-11.79623062325973,-18.21674916264807
E0_repro__ppo__r42,overload_stress,3003,6,41,-3.187485950312252,-2.2080811220561176,-2.2080811220561176,False,True,False,-12.851651475502551,-10.505989306285294,-10.505989306285294
E0_repro__ppo__r42,overload_stress,3003,9,42,-1.699951131422831,-1.5380929921769853,-1.5380929921769853,False,True,False,-11.110634508430307,-11.040547972825648,-11.040547972825648
E0_repro__ppo__r42,overload_stress,3003,12,40,-2.5084627109370707,-2.0266536556051986,-1.7080995528186158,False,False,False,-13.985396545413565,-7.429236063255576,-14.078523262096208
E0_repro__ppo__r42,overload_stress,3003,15,39,-3.9286471175283872,-2.9644889779779793,-1.7420951690554827,False,False,False,-17.671698617334958,-5.261598823502955,-13.480304719556866
E0_repro__ppo__r42,overload_stress,3003,18,46,-2.3790673487340728,-2.223587005250595,-1.1310933734249182,False,False,False,-9.02459067968216,-1.4641496233331903,-8.41098466393561
E0_repro__ppo__r42,overload_stress,3003,21,44,-2.2621392562771647,-2.0946889788748897,-1.5399058294058454,False,False,False,-6.965055543974476,-5.712317000525548,-9.238568775099381
E0_repro__ppo__r42,overload_stress,3003,24,45,-1.4060979276933365,-0.6471469673769976,-0.5080146404192543,False,False,False,-10.247105202365738,-5.190895070140738,-6.460178829698465
E0_repro__ppo__r42,overload_stress,3003,27,45,-1.2638260892991835,-0.9379028941771794,-0.46975895607409224,False,False,False,-15.494552814104738,-13.348084223968169,-16.20899016938342
E0_repro__ppo__r42,overload_stress,3003,30,43,-3.4765624243001434,-2.737530368610506,-2.1065662185237675,False,False,False,-16.47366870920729,-9.491919363850029,-14.196989884637476
E0_repro__ppo__r42,overload_stress,3003,33,43,-3.2707048254332305,-2.858925516358899,-2.545524504671434,False,False,False,-13.341018988047134,-11.274395062039659,-17.37699589334281
E0_repro__ppo__r42,overload_stress,3003,36,42,-3.521621641301031,-2.226163512550249,-1.889155522369455,False,False,False,-17.79993114691998,-10.685922711062194,-11.621640135066125
E0_repro__ppo__r42,overload_stress,3003,39,45,-2.9730470212253977,-3.2113375488467186,-2.355548475861563,False,False,False,-12.837641228068838,-13.025465423241213,-16.184338895774083
E0_repro__ppo__r42,overload_stress,3003,42,43,-3.127998388607754,-1.8455555171565416,-1.8455555171565416,False,True,False,-14.19132036599703,-10.417068993073968,-10.417068993073968
E0_repro__ppo__r42,overload_stress,3003,45,43,-2.2975050795645915,-2.535472624705837,-1.786739178160915,False,False,False,-5.634669008348648,-5.387410949143749,-7.31785374675762
