run_id,scenario,seed,step,n_legal,r_policy,r_noop,r_best,policy_is_noop,best_is_noop,agree_top1,g6_policy,g6_myopic_best,g6_noop
E0_repro__ppo__r271828,full_day,3001,0,49,-0.41567021355090294,-0.5464733187283893,-0.31874410038499423,False,False,False,-0.33485841887380996,-2.4313954446256485,-2.7325676035152893
E0_repro__ppo__r271828,full_day,3001,3,46,0.32102375633346864,-0.342749578488668,0.32102375633346864,False,False,True,2.7857577422261284,2.7857577422261284,1.2475862081649556
E0_repro__ppo__r271828,full_day,3001,6,46,-0.07243907667945156,0.1345949865920304,0.1345949865920304,False,True,False,3.9316604200521716,4.001811983610169,4.001811983610169
E0_repro__ppo__r271828,full_day,3001,9,46,1.247325735696688,1.437098347141942,1.5974073893919298,False,False,False,-0.9754052599634941,-0.6253236062682523,-0.7856326485182401
E0_repro__ppo__r271828,full_day,3001,12,46,-1.364607042634413,-0.8762861356633924,-0.8762861356633924,False,True,False,-5.5160809070032375,-5.027760000032217,-5.027760000032217
E0_repro__ppo__r271828,full_day,3001,15,46,-1.4816154677318631,-0.9909336419154732,-0.9909336419154732,False,True,False,-2.19675776922012,-1.7060759434037298,-1.7060759434037298
E0_repro__ppo__r271828,full_day,3001,18,46,-0.908589138258501,-0.41887640251316405,-0.41887640251316405,False,True,False,1.2279923980068663,1.7177051337522031,1.7177051337522031
E0_repro__ppo__r271828,full_day,3001,21,46,-0.6627683099207085,-0.175039829312299,-0.175039829312299,False,True,False,1.602552403235899,2.0902808838443088,2.0902808838443088
E0_repro__ppo__r271828,full_day,3001,24,46,0.5140373038170849,1.0052914630893393,1.0052914630893393,False,True,False,0.574093186865242,1.0653473461374965,1.0653473461374965
E0_repro__ppo__r271828,full_day,3001,27,45,-1.291035624878702,-0.8023027556048109,-0.8023027556048109,False,True,False,-2.6492511322880543,-2.160518263014163,-2.160518263014163
E0_repro__ppo__r271828,full_day,3001,30,46,-1.3375529130738,-0.8471362012504441,-0.8471362012504441,False,True,False,-6.051432881274779,-5.561016169451423,-5.561016169451423
E0_repro__ppo__r271828,full_day,3001,33,46,-1.0243709301840798,-0.5329181599979703,-0.4929468340413442,False,False,False,-5.146818070671827,-6.095981062368638,-4.655365300485717
E0_repro__ppo__r271828,full_day,3001,36,45,-0.768864654175901,-0.2801813103230642,-0.2801813103230642,False,True,False,-2.835358997013422,-2.346675653160585,-2.346675653160585
E0_repro__ppo__r271828,full_day,3001,39,44,-0.6530626481750608,-0.16518222460921236,-0.16518222460921236,False,True,False,-2.074213287188838,-1.5863328636229896,-1.5863328636229896
E0_repro__ppo__r271828,full_day,3001,42,46,-0.5610628075274833,-0.07139586783237757,-0.07139586783237757,False,True,False,-1.0656753240578156,-0.57600838436271,-0.57600838436271
E0_repro__ppo__r271828,full_day,3001,45,45,0.07935281290930968,0.5713939815624649,0.5713939815624649,False,True,False,-0.5368452374691514,-0.04480406881599616,-0.04480406881599616
E0_repro__ppo__r271828,full_day,3001,48,45,-0.5728950182134369,-0.08330926275021891,-0.08330926275021891,False,True,False,1.3167790149547713,1.8063647704179893,1.8063647704179893
E0_repro__ppo__r271828,full_day,3001,51,46,0.4353780750724397,0.9272075451867091,1.4055631632635623,False,False,False,3.2784615258160628,4.327405275694638,3.770290995930332
E0_repro__ppo__r271828,full_day,3001,54,45,-0.27845983147474873,0.21092474928264685,0.21092474928264685,False,True,False,4.344287775301769,4.833672356059165,4.833672356059165
E0_repro__ppo__r271828,full_day,3001,57,46,0.5390230949098533,1.029557165413025,1.0549168005579448,False,False,False,4.34313421741228,5.99894117804032,4.833668287915452
E0_repro__ppo__r271828,full_day,3001,60,46,0.057813778931700976,0.5528901231928031,0.5528901231928031,False,True,False,5.250440389029195,5.745516733290297,5.745516733290297
E0_repro__ppo__r271828,full_day,3001,63,46,0.31235954857357867,0.8024443835067955,0.8024443835067955,False,True,False,5.638606672209613,6.128691507142829,6.128691507142829
E0_repro__ppo__r271828,full_day,3001,66,46,0.7437813398220441,0.9069952672374731,0.9069952672374731,False,True,False,5.48656701253709,5.649780939952518,5.649780939952518
E0_repro__ppo__r271828,full_day,3001,69,46,0.24652737764148497,0.7370429869685082,0.7370429869685082,False,True,False,6.751392328730882,7.2419079380579054,7.2419079380579054
E0_repro__ppo__r271828,full_day,3001,72,46,0.4291178260213458,0.9075077538275663,0.9075077538275663,False,True,False,6.921947094109163,7.400337021915384,7.400337021915384
E0_repro__ppo__r271828,full_day,3001,75,46,0.3866874900665878,0.8835915088541094,0.8835915088541094,False,True,False,6.914203749145898,7.411107767933419,7.411107767933419
E0_repro__ppo__r271828,full_day,3001,78,46,0.4619773314900933,0.9375700290043811,0.9375700290043811,False,True,False,9.370877950217674,9.84647064773196,9.84647064773196
E0_repro__ppo__r271828,full_day,3001,81,46,1.5024988486451594,1.999802624679775,1.999802624679775,False,True,False,11.501511972044035,11.99881574807865,11.99881574807865
E0_repro__ppo__r271828,full_day,3001,84,46,1.5285426939712838,1.999802624679775,1.999802624679775,False,True,False,11.527555817370159,11.99881574807865,11.99881574807865
E0_repro__ppo__r271828,full_day,3001,87,46,1.4980982950706856,1.999802624679775,1.999802624679775,False,True,False,11.497111418469562,11.99881574807865,11.99881574807865
E0_repro__ppo__r271828,full_day,3001,90,46,1.5314895392465202,1.999802624679775,1.999802624679775,False,True,False,11.530502662645397,11.99881574807865,11.99881574807865
E0_repro__ppo__r271828,full_day,3001,93,46,1.4955400958215925,1.999802624679775,1.999802624679775,False,True,False,11.494553219220467,11.99881574807865,11.99881574807865
E0_repro__ppo__r271828,full_day,3001,96,46,1.5076784436094293,1.999802624679775,1.999802624679775,False,True,False,11.506691567008305,11.99881574807865,11.99881574807865
E0_repro__ppo__r271828,full_day,3001,99,46,1.496944531086359,1.999802624679775,1.999802624679775,False,True,False,11.495957654485235,11.99881574807865,11.99881574807865
E0_repro__ppo__r271828,full_day,3001,102,46,1.5126094041214206,1.999802624679775,1.999802624679775,False,True,False,11.511622527520297,11.99881574807865,11.99881574807865
E0_repro__ppo__r271828,full_day,3001,105,46,1.492735105126255,1.999802624679775,1.999802624679775,False,True,False,11.49174822852513,11.99881574807865,11.99881574807865
E0_repro__ppo__r271828,full_day,3001,108,46,1.516530748395482,1.999802624679775,1.999802624679775,False,True,False,11.515543871794357,11.99881574807865,11.99881574807865
E0_repro__ppo__r271828,full_day,3001,111,46,1.496668546820212,1.999802624679775,1.999802624679775,False,True,False,11.030783033807907,11.53391711166747,11.53391711166747
E0_repro__ppo__r271828,full_day,3001,114,46,1.4019578134022128,1.889207392288442,1.889207392288442,False,True,False,11.04666753278124,11.53391711166747,11.53391711166747
E0_repro__ppo__r271828,full_day,3001,117,46,1.48928182675356,1.999802624679775,1.999802624679775,False,True,False,11.477319333722356,11.987840131648571,11.987840131648571
E0_repro__ppo__r271828,full_day,3001,120,46,1.5071756018909654,1.988827008249695,1.988827008249695,False,True,False,11.50618872528984,11.987840131648571,11.987840131648571
E0_repro__ppo__r271828,full_day,3001,123,46,1.4925488335054193,1.999802624679775,1.999802624679775,False,True,False,11.491561956904295,11.99881574807865,11.99881574807865
E0_repro__ppo__r271828,full_day,3001,126,46,1.5161442835298273,1.999802624679775,1.999802624679775,False,True,False,11.515157406928703,11.99881574807865,11.99881574807865
E0_repro__ppo__r271828,full_day,3001,129,46,1.4881816413097424,1.999802624679775,1.999802624679775,False,True,False,11.487194764708619,11.99881574807865,11.99881574807865
E0_repro__ppo__r271828,full_day,3001,132,46,1.999802624679775,1.999802624679775,1.999802624679775,True,True,True,11.908601974671965,11.908601974671965,11.908601974671965
E0_repro__ppo__r271828,full_day,3001,135,46,1.501035674634529,1.999802624679775,1.999802624679775,False,True,False,11.40983502462672,11.908601974671965,11.908601974671965
E0_repro__ppo__r271828,full_day,3001,138,46,1.5009656844065644,1.999802624679775,1.999802624679775,False,True,False,9.881932205402661,10.380769145675872,10.380769145675872
E0_repro__ppo__r271828,full_day,3001,141,46,0.8080753461655317,1.3087659218418073,1.8495657174377558,False,False,False,9.762054754308664,11.690934232963718,10.262745329984941
E0_repro__ppo__r271828,full_day,3001,144,46,1.374257667028991,1.881778808988844,1.881778808988844,False,True,False,11.03816206851625,11.545683210476103,11.545683210476103
E0_repro__ppo__r271828,full_day,3001,147,46,1.475089244937596,1.9777166407987814,1.9777166407987814,False,True,False,10.901187709188541,11.403815105049725,11.403815105049725
E0_repro__ppo__r271828,full_day,3001,150,46,1.4945168921175436,1.999802624679775,1.999802624679775,False,True,False,10.86267414713587,11.367959879698102,11.367959879698102
E0_repro__ppo__r271828,full_day,3001,153,46,1.4962191584202196,1.999802624679775,1.999802624679775,False,True,False,9.971349625532854,10.474933091792408,10.474933091792408
E0_repro__ppo__r271828,full_day,3001,156,46,1.3952637271719726,1.895152229453487,1.895152229453487,False,True,False,9.140336146468941,9.640224648750456,9.640224648750456
E0_repro__ppo__r271828,full_day,3001,159,46,0.561369587842258,1.0597198962722367,1.8505975799712133,False,False,False,8.906570323619237,10.461387977645847,9.404920632049215
E0_repro__ppo__r271828,full_day,3001,162,46,1.4963236315739965,1.999802624679775,1.999802624679775,False,True,False,9.456852880731912,9.96033187383769,9.96033187383769
E0_repro__ppo__r271828,full_day,3001,165,46,1.302760276581517,1.8070709597549304,1.8070709597549304,False,True,False,7.402656473144693,7.906967156318106,7.906967156318106
E0_repro__ppo__r271828,full_day,3001,168,46,0.4405488296588829,0.9446152160440388,1.0304839556963494,False,False,False,7.8166626934264665,8.406597819463933,8.320729079811622
E0_repro__ppo__r271828,full_day,3001,171,46,1.2584827853585787,1.763303399656573,1.8466677336919834,False,False,False,11.257495908757454,11.845680857090858,11.762316523055448
E0_repro__ppo__r271828,full_day,3001,174,46,1.499293746596265,1.999802624679775,1.999802624679775,False,True,False,10.287500196817584,10.788009074901094,10.788009074901094
E0_repro__ppo__r271828,full_day,3001,177,46,1.5043447689203122,1.999802624679775,1.999802624679775,False,True,False,7.361299002501491,7.856756858260954,7.856756858260954
E0_repro__ppo__r271828,full_day,3001,180,46,0.4220037523869988,0.9255805376267348,1.8447053806946367,False,False,False,6.031122755359085,8.181616127643228,6.534699540598821
E0_repro__ppo__r271828,full_day,3001,183,46,0.8863120555197157,1.3891700777899587,1.6633878158656457,False,False,False,6.260709695679147,8.9051992379016,6.763567717949389
E0_repro__ppo__r271828,full_day,3001,186,46,1.110719161077985,1.6124931992619327,1.867226636504167,False,False,False,7.988053676589255,10.837477571127359,8.489827714773202
E0_repro__ppo__r271828,full_day,3001,189,46,1.3246182541134535,1.8269220853892516,1.8583618321241258,False,False,False,9.52662695293931,11.453294799975746,10.028930784215108
E0_repro__ppo__r271828,full_day,3001,192,46,0.4321924966095562,0.9347784151703964,1.5528882064037013,False,False,False,10.080401377125282,11.201097086919427,10.582987295686124
E0_repro__ppo__r271828,full_day,3001,195,46,1.4946547089530133,1.999802624679775,1.999802624679775,False,True,False,10.02183263886849,10.526980554595252,10.526980554595252
E0_repro__ppo__r271828,full_day,3001,198,46,1.227869550402628,1.7313223004807767,1.7313223004807767,False,True,False,7.988679522099609,8.492132272177757,8.492132272177757
E0_repro__ppo__r271828,full_day,3001,201,46,0.3765467305267906,0.8711609900617128,1.1899951693438984,False,False,False,8.514035340730194,9.776239841806989,9.008649600265116
E0_repro__ppo__r271828,full_day,3001,204,46,1.4989568121418002,1.999802624679775,1.999802624679775,False,True,False,7.142262776576755,7.64310858911473,7.64310858911473
E0_repro__ppo__r271828,full_day,3001,207,46,0.19082217011446095,0.6873278158966954,0.752289033923425,False,False,False,6.590253345743293,7.716466844749385,7.086758991525528
E0_repro__ppo__r271828,full_day,3001,210,46,1.0915012146580712,1.591939856202685,1.591939856202685,False,True,False,9.952179525647832,10.452618167192448,10.452618167192448
E0_repro__ppo__r271828,full_day,3001,213,46,1.504204966264557,1.999802624679775,1.999802624679775,False,True,False,7.766658969056828,8.262256627472047,8.262256627472047
E0_repro__ppo__r271828,full_day,3001,216,46,0.32338316952176455,0.8153519961493045,0.8153519961493045,False,True,False,5.938247664325284,6.430216490952825,6.430216490952825
E0_repro__ppo__r271828,full_day,3001,219,46,0.7746986522492183,1.2672311619969263,1.2672311619969263,False,True,False,7.921507610589953,8.414040120337662,8.414040120337662
E0_repro__ppo__r271828,full_day,3001,222,46,0.5180463065952825,1.0138890729903043,1.6820677698971658,False,False,False,7.701629552707406,9.919838463958348,8.197472319102427
E0_repro__ppo__r271828,full_day,3001,225,46,0.8560371625323504,1.3536091482069523,1.8553605902507864,False,False,False,6.895880597370086,9.358366699957092,7.393452583044688
E0_repro__ppo__r271828,full_day,3001,228,46,0.6950090312114132,1.18908905227278,1.18908905227278,False,True,False,6.212606070758287,6.706686091819654,6.706686091819654
E0_repro__ppo__r271828,full_day,3001,231,46,0.6325975492088045,1.1273363793683844,1.1378645760336294,False,False,False,3.6847834889261417,-0.055681945964046936,4.179543858215907
E0_repro__ppo__r271828,full_day,3001,234,46,0.3139367958022525,0.8050326955457301,1.3001447525877585,False,False,False,1.3041856281153323,4.010956215536505,1.7951999537111476
E0_repro__ppo__r271828,full_day,3001,237,45,-0.6901958051097459,-0.2015890173239132,0.3765728913870427,False,False,False,1.6219537956466077,4.257794082912989,2.1105760482998877
E0_repro__ppo__r271828,full_day,3001,240,46,1.2800809312987407,1.7712616947219033,1.7712616947219033,False,True,False,2.424806181119006,2.9159869445421687,2.9159869445421687
E0_repro__ppo__r271828,full_day,3001,243,46,-0.5064364415890328,-0.015126445884998771,0.2575988044516526,False,False,False,0.3449147001649133,6.515656837935396,0.8362246958689473
E0_repro__ppo__r271828,full_day,3001,246,46,-0.6377954021843939,-0.14519248128664944,1.1832790248336884,False,False,False,0.0845654563735781,1.2052403071849553,0.5771683772713225
E0_repro__ppo__r271828,full_day,3001,249,46,-0.502483028731084,-0.015049096310006064,-0.015049096310006064,False,True,False,3.176682815811566,3.6641167482326438,3.6641167482326438
E0_repro__ppo__r271828,full_day,3001,252,46,0.994267290363132,1.4834477255811034,1.4834477255811034,False,True,False,4.488441998682342,4.977622433900314,4.977622433900314
E0_repro__ppo__r271828,full_day,3001,255,46,0.3760168826869777,0.8648588181771474,0.8648588181771474,False,True,False,3.653009109665569,4.141851045155739,4.141851045155739
E0_repro__ppo__r271828,full_day,3001,258,46,0.6548764587383991,1.1432976620182211,1.1432976620182211,False,True,False,0.12462571093480546,0.6130469142146275,0.6130469142146275
E0_repro__ppo__r271828,full_day,3001,261,45,-0.6773877969104511,-0.18738475753676703,0.7194152767305747,False,False,False,-2.8027101972761326,0.323110619426262,-2.3127071579024485
E0_repro__ppo__r271828,full_day,3001,264,44,-0.6052796808386813,-0.11640506491660568,0.041565555891763806,False,False,False,-1.5889737270779691,-0.5252991680171474,-1.1000991111558935
E0_repro__ppo__r271828,full_day,3001,267,46,-1.0796418935425087,-0.5927100442907844,-0.5927100442907844,False,True,False,-0.8606857854526861,-0.3737539362009619,-0.3737539362009619
E0_repro__ppo__r271828,full_day,3001,270,46,0.3196069858224276,0.8075975833570608,0.8075975833570608,False,True,False,2.147056505234139,2.6350471027687723,2.6350471027687723
E0_repro__ppo__r271828,full_day,3001,273,46,0.34286433628260654,0.8291882020214858,0.8291882020214858,False,True,False,5.7434310041440355,6.229754869882915,6.229754869882915
E0_repro__ppo__r271828,full_day,3001,276,46,0.5770533098685484,1.0641852998048682,1.0641852998048682,False,True,False,4.417757396071858,4.904889386008177,4.904889386008177
E0_repro__ppo__r271828,full_day,3001,279,46,0.022564940613505946,0.5102466676610228,0.5102466676610228,False,True,False,1.000365381402872,1.4880471084503886,1.4880471084503886
E0_repro__ppo__r271828,full_day,3001,282,46,0.24204281713889725,0.7304165195988652,0.7304165195988652,False,True,False,-0.31479632113901584,0.17357738132095213,0.17357738132095213
E0_repro__ppo__r271828,full_day,3001,285,46,-0.7524180091687505,-0.26310473314747485,-0.26310473314747485,False,True,False,-0.7785234997812573,-0.28921022375998173,-0.28921022375998173
E0_repro__ppo__r271828,full_day,3002,0,49,-0.5903648883757996,-0.35014636884561656,0.19322683332679094,False,False,False,-2.1831999032468237,-4.3368011661900905,-5.5979385546250935
E0_repro__ppo__r271828,full_day,3002,3,45,0.006295601014939034,-0.25791594677485197,0.006295601014939034,False,False,True,1.5494819757780602,1.5494819757780602,-0.97565993729206
E0_repro__ppo__r271828,full_day,3002,6,46,1.4940125444290455,1.3919397498599422,1.5340125444290453,False,False,False,5.038000838997942,5.078000838997942,4.508043888474941
E0_repro__ppo__r271828,full_day,3002,9,46,-0.8001428828160957,-0.6111527728673201,-0.6111527728673201,False,True,False,1.7151268047239938,1.9041169146727697,1.9041169146727697
E0_repro__ppo__r271828,full_day,3002,12,46,0.09684319471498087,0.5867494222786916,0.5867494222786916,False,True,False,1.0261192323599413,1.516025459923652,1.516025459923652
E0_repro__ppo__r271828,full_day,3002,15,46,0.3231213820820495,0.8125533820913898,0.8125533820913898,False,True,False,1.694825735596143,2.1842577356054833,2.1842577356054833
E0_repro__ppo__r271828,full_day,3002,18,45,-0.22891675993597635,0.25837664925584536,0.25837664925584536,False,True,False,-0.7963104872978449,-0.3090170781060232,-0.3090170781060232
E0_repro__ppo__r271828,full_day,3002,21,44,-0.2996703078765548,0.18868249283631647,0.4361061032159246,False,False,False,1.457133769464212,5.170879942834118,1.9454865701770832
E0_repro__ppo__r271828,full_day,3002,24,45,-0.18551343522344632,0.30399033147321325,0.30399033147321325,False,True,False,1.0051244486973618,1.4946282153940214,1.4946282153940214
E0_repro__ppo__r271828,full_day,3002,27,46,0.06917874299399912,0.5589136036674992,0.7484425307208349,False,False,False,-0.5285807303548783,0.14918790249264846,-0.03884586968137817
E0_repro__ppo__r271828,full_day,3002,30,44,-1.456196798506634,-0.9687717034676203,-0.9687717034676203,False,True,False,0.9898910356929206,1.4773161307319342,1.4773161307319342
E0_repro__ppo__r271828,full_day,3002,33,46,0.48043097333917045,0.971576754225828,1.8278693175464198,False,False,False,1.8019386223631935,5.569403013518793,2.293084403249851
E0_repro__ppo__r271828,full_day,3002,36,45,-0.402272893792688,0.08672331058199705,0.7248993883838397,False,False,False,0.8666810048287353,2.424356124975632,1.3556772092034204
E0_repro__ppo__r271828,full_day,3002,39,46,0.0928980018435383,0.5843252166528298,0.5843252166528298,False,True,False,0.5105105788351354,1.001937793644427,1.001937793644427
E0_repro__ppo__r271828,full_day,3002,42,46,-0.8703306663927934,-0.37785266843418663,-0.37785266843418663,False,True,False,-0.3458195537115496,0.1466584442470572,0.1466584442470572
E0_repro__ppo__r271828,full_day,3002,45,46,-0.9154190437118519,-0.4258125298790223,-0.4258125298790223,False,True,False,1.0725790037949223,1.562185517627752,1.562185517627752
E0_repro__ppo__r271828,full_day,3002,48,46,0.6211202610034274,1.1130318130779981,1.1130318130779981,False,True,False,4.3604023818943185,4.852313933968889,4.852313933968889
E0_repro__ppo__r271828,full_day,3002,51,46,1.5061845640956606,1.999802624679775,1.999802624679775,False,True,False,6.057949026137419,6.551567086721534,6.551567086721534
E0_repro__ppo__r271828,full_day,3002,54,46,1.3743512133861648,1.869507979409155,1.869507979409155,False,True,False,6.862375843704524,7.357532609727515,7.357532609727515
E0_repro__ppo__r271828,full_day,3002,57,46,0.39922970981174993,0.8911502854129916,1.6945397111591614,False,False,False,6.101631318903345,8.683932536165763,6.593551894504587
E0_repro__ppo__r271828,full_day,3002,60,46,1.442561127526382,1.935260072894678,1.935260072894678,False,True,False,4.655287386720227,5.147986332088522,5.147986332088522
E0_repro__ppo__r271828,full_day,3002,63,46,-0.08990163038825769,0.40199166347368886,0.40199166347368886,False,True,False,6.2277589940892435,6.71965228795119,6.71965228795119
E0_repro__ppo__r271828,full_day,3002,66,46,0.5209981306642055,1.0133528831933942,1.0133528831933942,False,True,False,7.207793822482843,7.700148575012031,7.700148575012031
E0_repro__ppo__r271828,full_day,3002,69,46,0.8395508772336284,1.3336090505090206,1.3336090505090206,False,True,False,4.803275754742583,5.297333928017975,5.297333928017975
E0_repro__ppo__r271828,full_day,3002,72,46,0.32529170248311295,0.817348275155233,0.817348275155233,False,True,False,6.890226427493201,7.382283000165321,7.382283000165321
E0_repro__ppo__r271828,full_day,3002,75,46,0.6747504794605537,1.1722893126277631,1.1722893126277631,False,True,False,9.947944185804028,10.445483018971238,10.445483018971238
E0_repro__ppo__r271828,full_day,3002,78,46,0.9290019695685008,1.433369722354432,1.433369722354432,False,True,False,9.538763287621336,10.043131040407268,10.043131040407268
E0_repro__ppo__r271828,full_day,3002,81,46,1.1766096874759653,1.6768449031008794,1.6768449031008794,False,True,False,10.144011792471947,10.64424700809686,10.64424700809686
E0_repro__ppo__r271828,full_day,3002,84,46,1.4960390181001721,1.999802624679775,1.999802624679775,False,True,False,11.495052141499048,11.99881574807865,11.99881574807865
E0_repro__ppo__r271828,full_day,3002,87,46,1.492252982265162,1.999802624679775,1.999802624679775,False,True,False,11.491266105664037,11.99881574807865,11.99881574807865
E0_repro__ppo__r271828,full_day,3002,90,46,1.4965339358609546,1.999802624679775,1.999802624679775,False,True,False,11.495547059259831,11.99881574807865,11.99881574807865
E0_repro__ppo__r271828,full_day,3002,93,46,1.499072942713414,1.999802624679775,1.999802624679775,False,True,False,11.49808606611229,11.99881574807865,11.99881574807865
E0_repro__ppo__r271828,full_day,3002,96,46,1.4980679974537767,1.999802624679775,1.999802624679775,False,True,False,11.497081120852652,11.99881574807865,11.99881574807865
E0_repro__ppo__r271828,full_day,3002,99,46,1.4929555875065212,1.999802624679775,1.999802624679775,False,True,False,11.491968710905397,11.99881574807865,11.99881574807865
E0_repro__ppo__r271828,full_day,3002,102,46,1.492332078592577,1.999802624679775,1.999802624679775,False,True,False,11.491345201991452,11.99881574807865,11.99881574807865
E0_repro__ppo__r271828,full_day,3002,105,46,1.4931916229432838,1.999802624679775,1.999802624679775,False,True,False,11.492204746342159,11.99881574807865,11.99881574807865
E0_repro__ppo__r271828,full_day,3002,108,46,1.4937585193034877,1.999802624679775,1.999802624679775,False,True,False,11.492771642702364,11.99881574807865,11.99881574807865
E0_repro__ppo__r271828,full_day,3002,111,46,1.4932333591069644,1.999802624679775,1.999802624679775,False,True,False,11.252334113952033,11.758903379524844,11.758903379524844
E0_repro__ppo__r271828,full_day,3002,114,46,1.4883327033927465,1.999802624679775,1.999802624679775,False,True,False,11.250745955746424,11.762215877033453,11.762215877033453
E0_repro__ppo__r271828,full_day,3002,117,46,1.5025137514305922,2.003115122188384,2.003115122188384,False,True,False,11.279095274298717,11.779696645056509,11.779696645056509
E0_repro__ppo__r271828,full_day,3002,120,46,1.8360695004124157,1.999802624679775,1.999802624679775,False,True,False,11.61265102328054,11.7763841475479,11.7763841475479
E0_repro__ppo__r271828,full_day,3002,123,46,1.502597306168534,1.999802624679775,1.999802624679775,False,True,False,11.114182154155733,11.611387472666975,11.611387472666975
E0_repro__ppo__r271828,full_day,3002,126,46,1.999802624679775,1.999802624679775,1.999802624679775,True,True,True,11.432871790270104,11.432871790270104,11.432871790270104
E0_repro__ppo__r271828,full_day,3002,129,46,1.4930699058789696,1.999802624679775,1.999802624679775,False,True,False,11.240904142690017,11.747636861490822,11.747636861490822
E0_repro__ppo__r271828,full_day,3002,132,46,1.496406467765482,2.000929776542066,2.000929776542066,False,True,False,11.423022863625068,11.927546172401652,11.927546172401652
E0_repro__ppo__r271828,full_day,3002,135,46,1.490314312207405,2.0011962531937364,2.0011962531937364,False,True,False,11.489327435606281,12.000209376592611,12.000209376592611
E0_repro__ppo__r271828,full_day,3002,138,46,1.5011158978407146,1.999802624679775,1.999802624679775,False,True,False,11.50012902123959,11.99881574807865,11.99881574807865
E0_repro__ppo__r271828,full_day,3002,141,46,1.5034211045413446,1.999802624679775,1.999802624679775,False,True,False,11.50243422794022,11.99881574807865,11.99881574807865
E0_repro__ppo__r271828,full_day,3002,144,46,1.500485486543335,1.999802624679775,1.999802624679775,False,True,False,11.499498609942211,11.99881574807865,11.99881574807865
E0_repro__ppo__r271828,full_day,3002,147,46,1.4947750111206435,1.999802624679775,1.999802624679775,False,True,False,11.06508055442205,11.570108167981182,11.570108167981182
E0_repro__ppo__r271828,full_day,3002,150,46,1.4970679628521315,1.999802624679775,1.999802624679775,False,True,False,9.884115627514639,10.386850289342282,10.386850289342282
E0_repro__ppo__r271828,full_day,3002,153,46,0.805726948159962,1.309405029934301,1.838782901896387,False,False,False,8.996534661608445,10.029590615344869,9.500212743382784
E0_repro__ppo__r271828,full_day,3002,156,46,0.6711592197537257,1.1698065704548983,1.3808662957807676,False,False,False,9.960852085975628,10.719709155331062,10.4594994366768
E0_repro__ppo__r271828,full_day,3002,159,46,1.4931115752246336,1.999802624679775,1.999802624679775,False,True,False,10.827974223323702,11.334665272778844,11.334665272778844
E0_repro__ppo__r271828,full_day,3002,162,46,1.3465233748501608,1.8508031430175484,1.8508031430175484,False,True,False,10.735448067823922,11.23972783599131,11.23972783599131
E0_repro__ppo__r271828,full_day,3002,165,46,1.497002843552276,1.999802624679775,1.999802624679775,False,True,False,8.523556942750194,9.026356723877694,9.026356723877694
E0_repro__ppo__r271828,full_day,3002,168,46,1.0828099731185374,1.5837108546594705,1.8325375843630907,False,False,False,7.03228015162619,8.79736384283352,7.533181033167123
E0_repro__ppo__r271828,full_day,3002,171,46,0.6722126193014129,1.1741448201293814,1.1741448201293814,False,True,False,9.684799234407695,10.186731435235664,10.186731435235664
E0_repro__ppo__r271828,full_day,3002,174,46,1.5027362072820531,1.999802624679775,1.999802624679775,False,True,False,11.142718617876676,11.639785035274398,11.639785035274398
E0_repro__ppo__r271828,full_day,3002,177,46,1.4905392007074132,1.999802624679775,1.999802624679775,False,True,False,9.323397205290101,9.832660629262463,9.832660629262463
E0_repro__ppo__r271828,full_day,3002,180,46,1.4148397602935163,1.9173760646522717,1.9173760646522717,False,True,False,7.711816732446394,8.21435303680515,8.21435303680515
E0_repro__ppo__r271828,full_day,3002,183,46,0.6924761420816907,1.188924529761926,1.7939020655645188,False,False,False,8.246829115349215,11.592161530161238,8.74327750302945
E0_repro__ppo__r271828,full_day,3002,186,46,0.4255969831069249,0.9223563436942945,1.8441176898954819,False,False,False,9.936317268623737,11.354837975412293,10.433076629211106
E0_repro__ppo__r271828,full_day,3002,189,46,1.5001359587413043,1.999802624679775,1.999802624679775,False,True,False,8.864663149257773,9.364329815196243,9.364329815196243
E0_repro__ppo__r271828,full_day,3002,192,46,0.9985842618828811,1.490427517418417,1.8416220713216678,False,False,False,7.692254459014234,11.107944201370113,8.18409771454977
E0_repro__ppo__r271828,full_day,3002,195,46,0.9282537218350777,1.4260207905900004,1.5499827532135348,False,False,False,9.946160899107749,11.54899587661241,10.443927967862672
E0_repro__ppo__r271828,full_day,3002,198,46,1.4997089657115603,1.999802624679775,1.999802624679775,False,True,False,10.42502712775536,10.925120786723575,10.925120786723575
E0_repro__ppo__r271828,full_day,3002,201,46,1.5106503751284637,1.999802624679775,1.999802624679775,False,True,False,10.189805778272275,10.678958027823587,10.678958027823587
E0_repro__ppo__r271828,full_day,3002,204,46,1.3022356753231357,1.799583796159764,1.8386493044976742,False,False,False,9.905177978301568,11.269238485373913,10.402526099138196
E0_repro__ppo__r271828,full_day,3002,207,46,1.267384453914228,1.7722062722145489,1.7722062722145489,False,True,False,9.22390175247667,9.728723570776992,9.728723570776992
E0_repro__ppo__r271828,full_day,3002,210,46,1.4244630657471022,1.9224507884906903,1.9224507884906903,False,True,False,8.064568315909478,8.562556038653065,8.562556038653065
E0_repro__ppo__r271828,full_day,3002,213,46,1.2473911213438285,1.7453057782511414,1.8344945688388925,False,False,False,6.45853495244429,9.313497776708221,6.956449609351603
E0_repro__ppo__r271828,full_day,3002,216,46,0.5410416027688367,1.0376200187343747,1.7931217012102332,False,False,False,6.169925702517353,9.201330175849852,6.666504118482891
E0_repro__ppo__r271828,full_day,3002,219,46,0.8963740448615252,1.387141810849063,1.8317965924028803,False,False,False,6.485416403601428,8.547928434834304,6.976184169588965
E0_repro__ppo__r271828,full_day,3002,222,46,0.742500754470111,1.2341085258632742,1.284379425004945,False,False,False,7.6160352926830726,8.950674547441476,8.107643064076235
E0_repro__ppo__r271828,full_day,3002,225,46,0.5554860911230695,1.0475496771281159,1.106432801504999,False,False,False,8.687194768667391,10.248992836389458,9.179258354672438
E0_repro__ppo__r271828,full_day,3002,228,46,1.3180067997951412,1.8108005391604904,1.8108005391604904,False,True,False,7.816194403766022,8.308988143131371,8.308988143131371
E0_repro__ppo__r271828,full_day,3002,231,46,1.3377411618168946,1.8288406127333745,1.8288406127333745,False,True,False,6.259618008186132,6.750717459102612,6.750717459102612
E0_repro__ppo__r271828,full_day,3002,234,46,0.455295010301841,0.9488665781588262,1.6181936385177322,False,False,False,4.398382672288584,5.813418408488402,4.891954240145569
E0_repro__ppo__r271828,full_day,3002,237,46,0.33548562162527423,0.8276737515352596,0.8276737515352596,False,True,False,2.2064523747963047,2.69864050470629,2.69864050470629
E0_repro__ppo__r271828,full_day,3002,240,45,-0.28602954452967116,0.20605755534896553,0.7968337494186378,False,False,False,2.9809352440793964,4.262946878191371,3.473022343958033
E0_repro__ppo__r271828,full_day,3002,243,46,-0.1987796550594582,0.2913885652965089,1.8092279398636093,False,False,False,0.6903168789567035,2.7301392358316967,1.180539863788582
E0_repro__ppo__r271828,full_day,3002,246,46,-0.49389566634608,-0.004639073408285212,0.7674145615897808,False,False,False,-4.283847355620104,2.0427497740522633,-3.794934779882125
E0_repro__ppo__r271828,full_day,3002,249,42,-1.6453366065035577,-1.1559287832008855,0.00556059985534476,False,False,False,-0.916460379182007,2.3288123702317125,-0.42683606106575417
E0_repro__ppo__r271828,full_day,3002,252,42,-0.19054569536727867,0.2983130911323057,0.2983130911323057,False,True,False,1.5051296101951392,1.9939883966947236,1.9939883966947236
E0_repro__ppo__r271828,full_day,3002,255,46,-0.2636389906585288,0.2229509147430792,0.2229509147430792,False,True,False,2.3750122817022405,2.8616021871038484,2.8616021871038484
E0_repro__ppo__r271828,full_day,3002,258,46,0.3700164629561486,0.8587892823033872,0.8587892823033872,False,True,False,5.152642032031954,5.641414851379193,5.641414851379193
E0_repro__ppo__r271828,full_day,3002,261,46,-0.23622744800626516,0.2522202636975735,0.2522202636975735,False,True,False,6.174465783919696,6.662913495623535,6.662913495623535
E0_repro__ppo__r271828,full_day,3002,264,46,1.5095326304446002,1.999802624679775,1.999802624679775,False,True,False,3.3332248430120965,3.8234948372472717,3.8234948372472717
E0_repro__ppo__r271828,full_day,3002,267,46,-0.8930694520639733,-0.40416791518788875,-0.40416791518788875,False,True,False,1.2039264844702076,1.692828021346292,1.692828021346292
E0_repro__ppo__r271828,full_day,3002,270,45,0.4327408116120243,0.9200577693749791,0.9200577693749791,False,True,False,2.134665050543882,2.6219820083068366,2.6219820083068366
E0_repro__ppo__r271828,full_day,3002,273,46,-0.5440917262513763,-0.052945317253188434,-0.052945317253188434,False,True,False,3.2071970991655565,3.6983435081637444,3.6983435081637444
E0_repro__ppo__r271828,full_day,3002,276,46,1.5068527496547588,1.999802624679775,1.999802624679775,False,True,False,3.2198627050194157,3.712812580044432,3.712812580044432
E0_repro__ppo__r271828,full_day,3002,279,46,-0.5629679599851316,-0.07548991370645226,-0.07548991370645226,False,True,False,-0.06628840398161384,0.4211896422970655,0.4211896422970655
E0_repro__ppo__r271828,full_day,3002,282,46,0.9142533972016238,1.4043690135029476,1.4043690135029476,False,True,False,-1.0238759944689404,-0.5337603781676166,-0.5337603781676166
E0_repro__ppo__r271828,full_day,3002,285,46,-0.5197605870657327,-0.03266430709729424,-0.03266430709729424,False,True,False,-0.6681835163969264,-0.18108723642848795,-0.18108723642848795
E0_repro__ppo__r271828,full_day,3003,0,49,-1.8931067148895422,-2.475649936138907,-1.7111804042364678,False,False,False,-9.029992893854692,-8.405240416738927,-13.947834599507578
E0_repro__ppo__r271828,full_day,3003,3,45,-1.3417648511513893,-1.3676554069104605,-1.3417648511513893,False,False,True,-1.4709553073559847,-1.4709553073559847,-3.3964952076967343
E0_repro__ppo__r271828,full_day,3003,6,46,-1.0633353314255525,-0.8746358826664085,-0.8746358826664085,False,True,False,1.3461761874226466,3.2310835969025766,3.2310835969025766
E0_repro__ppo__r271828,full_day,3003,9,46,0.5595690498903145,0.7379843180464255,1.2253758018491945,False,False,False,3.7551626101867743,6.498571319929671,3.933577878342885
E0_repro__ppo__r271828,full_day,3003,12,46,-0.1124290203889958,0.36322026135115726,0.36322026135115726,False,True,False,5.5485921418711195,6.024241423611272,6.024241423611272
E0_repro__ppo__r271828,full_day,3003,15,46,-0.4786951732789664,-0.004037016871493924,-0.004037016871493924,False,True,False,2.270555722953266,2.7452138793607386,2.7452138793607386
E0_repro__ppo__r271828,full_day,3003,18,46,0.3026787502899286,0.7745460334065142,0.7745460334065142,False,True,False,-0.043014396217633255,0.42885288689895235,0.42885288689895235
E0_repro__ppo__r271828,full_day,3003,21,45,-0.4440019880260217,0.027875875190103146,0.027875875190103146,False,True,False,-0.1930217557481272,0.27885610746799766,0.27885610746799766
E0_repro__ppo__r271828,full_day,3003,24,45,-1.345328199026333,-0.8767784880116873,-0.8767784880116873,False,True,False,0.7376113304847687,1.2061610414994144,1.2061610414994144
E0_repro__ppo__r271828,full_day,3003,27,46,1.0049230774001883,1.4743408226987167,1.8331163877475871,False,False,False,1.6788396551913412,3.193632451276543,2.148254941974622
E0_repro__ppo__r271828,full_day,3003,30,46,-0.17677119157552093,0.29687834090442344,0.29687834090442344,False,True,False,1.3866427586851646,1.8602922914984341,1.8602922914984341
E0_repro__ppo__r271828,full_day,3003,33,45,-0.5076452208378712,-0.03819435358463173,-0.03819435358463173,False,True,False,6.3012214773754724,6.770672344628712,6.770672344628712
E0_repro__ppo__r271828,full_day,3003,36,46,1.5241021778096393,1.999802624679775,1.999802624679775,False,True,False,2.3691182626175245,2.8448187094876602,2.8448187094876602
E0_repro__ppo__r271828,full_day,3003,39,46,-1.17565740178607,-0.6956249515095614,-0.6956249515095614,False,True,False,-6.027780214194769,-5.547747763918261,-5.547747763918261
E0_repro__ppo__r271828,full_day,3003,42,45,-1.4480409446029903,-0.9781120429732004,-0.9781120429732004,False,True,False,0.2775863953572737,0.7475152969870635,0.7475152969870635
E0_repro__ppo__r271828,full_day,3003,45,45,-0.16933559684834046,0.30357697940461237,0.30357697940461237,False,True,False,7.965668518584777,8.43858109483773,8.43858109483773
E0_repro__ppo__r271828,full_day,3003,48,46,1.0811106659365388,1.554981597572301,1.825931693044013,False,False,False,6.996795045582592,8.4708739599734,7.470665977218354
E0_repro__ppo__r271828,full_day,3003,51,46,1.3624821719606846,1.8362700288659346,1.8362700288659346,False,True,False,5.501826875095392,5.9756147320006425,5.9756147320006425
E0_repro__ppo__r271828,full_day,3003,54,46,-0.46902670289131654,0.0037873036467312646,0.0037873036467312646,False,True,False,3.600046277405087,4.072860283943135,4.072860283943135
E0_repro__ppo__r271828,full_day,3003,57,46,-0.46870317832506725,0.00018928400523056735,0.00018928400523056735,False,True,False,2.0832779423145285,2.5508759624065758,2.5508759624065758
E0_repro__ppo__r271828,full_day,3003,60,46,1.238344340196871,1.7171751274014149,1.8209718374752313,False,False,False,3.2912860513719475,5.379722693230599,3.7705070951135458
E0_repro__ppo__r271828,full_day,3003,63,46,0.0032480023577504125,0.4745226041184049,0.7345397233266086,False,False,False,2.2362772093745122,2.969803542676412,2.707551811135167
E0_repro__ppo__r271828,full_day,3003,66,45,-0.8525527769440373,-0.3834161117667548,-0.3834161117667548,False,True,False,3.192984907819458,3.6621215729967402,3.6621215729967402
E0_repro__ppo__r271828,full_day,3003,69,45,-0.5123022584311783,-0.04558341338758462,-0.04558341338758462,False,True,False,7.306167148206887,7.772885993250481,7.772885993250481
E0_repro__ppo__r271828,full_day,3003,72,46,1.5317164720569318,1.999802624679775,1.999802624679775,False,True,False,9.475356158882056,9.943442311504898,9.943442311504898
E0_repro__ppo__r271828,full_day,3003,75,46,1.5298562706560224,1.999802624679775,1.999802624679775,False,True,False,9.108661425464755,9.578607779488507,9.578607779488507
E0_repro__ppo__r271828,full_day,3003,78,46,0.9392637143147302,1.4156312285386814,1.8040526500037515,False,False,False,10.038598075517294,11.803065773402627,10.514965589741244
E0_repro__ppo__r271828,full_day,3003,81,46,1.5325455511335286,1.999802624679775,1.999802624679775,False,True,False,11.531558674532404,11.99881574807865,11.99881574807865
E0_repro__ppo__r271828,full_day,3003,84,46,1.5212321369241886,1.999802624679775,1.999802624679775,False,True,False,11.520245260323064,11.99881574807865,11.99881574807865
E0_repro__ppo__r271828,full_day,3003,87,46,1.5235046192346238,1.999802624679775,1.999802624679775,False,True,False,11.5225177426335,11.99881574807865,11.99881574807865
E0_repro__ppo__r271828,full_day,3003,90,46,1.5296207932580992,1.999802624679775,1.999802624679775,False,True,False,11.528633916656975,11.99881574807865,11.99881574807865
E0_repro__ppo__r271828,full_day,3003,93,46,1.525760086948696,1.999802624679775,1.999802624679775,False,True,False,11.524773210347572,11.99881574807865,11.99881574807865
E0_repro__ppo__r271828,full_day,3003,96,46,1.5233948801800805,1.999802624679775,1.999802624679775,False,True,False,11.522408003578956,11.99881574807865,11.99881574807865
E0_repro__ppo__r271828,full_day,3003,99,46,1.524144169913751,1.999802624679775,1.999802624679775,False,True,False,11.523157293312627,11.99881574807865,11.99881574807865
E0_repro__ppo__r271828,full_day,3003,102,46,1.524235797865641,1.999802624679775,1.999802624679775,False,True,False,11.523248921264516,11.99881574807865,11.99881574807865
E0_repro__ppo__r271828,full_day,3003,105,46,1.5209203019519615,1.999802624679775,1.999802624679775,False,True,False,11.519933425350837,11.99881574807865,11.99881574807865
E0_repro__ppo__r271828,full_day,3003,108,46,1.5147835702021066,1.999802624679775,1.999802624679775,False,True,False,11.513796693600982,11.99881574807865,11.99881574807865
E0_repro__ppo__r271828,full_day,3003,111,46,1.528904925762213,1.999802624679775,1.999802624679775,False,True,False,11.527918049161089,11.99881574807865,11.99881574807865
E0_repro__ppo__r271828,full_day,3003,114,46,1.5311563261394106,1.999802624679775,1.999802624679775,False,True,False,11.459757415608236,11.928403714148601,11.928403714148601
E0_repro__ppo__r271828,full_day,3003,117,46,1.5294837891549156,1.999802624679775,1.999802624679775,False,True,False,11.45808487862374,11.928403714148601,11.928403714148601
E0_repro__ppo__r271828,full_day,3003,120,46,1.525181555052268,1.999802624679775,1.999802624679775,False,True,False,11.481997260519863,11.95661833014737,11.95661833014737
E0_repro__ppo__r271828,full_day,3003,123,46,1.4760014159418178,1.9576052067484944,1.9576052067484944,False,True,False,11.475014539340693,11.95661833014737,11.95661833014737
E0_repro__ppo__r271828,full_day,3003,126,46,1.5082071208826384,1.999802624679775,1.999802624679775,False,True,False,11.246051574494082,11.737647078291218,11.737647078291218
E0_repro__ppo__r271828,full_day,3003,129,46,1.2497110817882364,1.7386339548923426,1.8428012514977394,False,False,False,11.248724205187113,11.841814374896614,11.737647078291218
E0_repro__ppo__r271828,full_day,3003,132,46,1.51625961307072,1.999802624679775,1.999802624679775,False,True,False,11.515272736469596,11.99881574807865,11.99881574807865
E0_repro__ppo__r271828,full_day,3003,135,46,1.5244864890436667,1.999802624679775,1.999802624679775,False,True,False,11.260224482743892,11.73554061838,11.73554061838
E0_repro__ppo__r271828,full_day,3003,138,49,1.252058541906175,1.7332026315766738,1.8475336799814817,False,False,False,11.254396528709503,11.846546803380358,11.73554061838
E0_repro__ppo__r271828,full_day,3003,141,46,1.5096295643514686,1.999802624679775,1.999802624679775,False,True,False,11.047657220446652,11.537830280774958,11.537830280774958
E0_repro__ppo__r271828,full_day,3003,144,46,1.3336925627429375,1.8254086840596904,1.8503073395812755,False,False,False,10.852860775723116,11.84932046298015,11.344576897039868
E0_repro__ppo__r271828,full_day,3003,147,46,1.3082744610356918,1.8037430932813177,1.8509305425496243,False,False,False,10.848534206621741,11.388384140472306,11.344002838867366
E0_repro__ppo__r271828,full_day,3003,150,46,1.5181126215873002,1.999802624679775,1.999802624679775,False,True,False,8.854567651613756,9.33625765470623,9.33625765470623
E0_repro__ppo__r271828,full_day,3003,153,46,0.7623283826539786,1.2482158410098154,1.8510900406541695,False,False,False,8.453298101189148,10.68706086645448,8.939185559544985
E0_repro__ppo__r271828,full_day,3003,156,46,1.2704746738249828,1.7449661283071238,1.7449661283071238,False,True,False,10.665692672959068,11.14018412744121,11.14018412744121
E0_repro__ppo__r271828,full_day,3003,159,46,1.5299863401754565,1.999802624679775,1.999802624679775,False,True,False,11.528999463574332,11.99881574807865,11.99881574807865
E0_repro__ppo__r271828,full_day,3003,162,46,1.5282236327978638,1.999802624679775,1.999802624679775,False,True,False,11.52723675619674,11.99881574807865,11.99881574807865
E0_repro__ppo__r271828,full_day,3003,165,46,1.5290256342305115,1.999802624679775,1.999802624679775,False,True,False,11.528038757629387,11.99881574807865,11.99881574807865
E0_repro__ppo__r271828,full_day,3003,168,46,1.5152378472273347,1.999802624679775,1.999802624679775,False,True,False,10.352351717016658,10.836916494469099,10.836916494469099
E0_repro__ppo__r271828,full_day,3003,171,46,1.5123635949148322,1.999802624679775,1.999802624679775,False,True,False,9.261956810049917,9.74939583981486,9.74939583981486
E0_repro__ppo__r271828,full_day,3003,174,46,0.41753054856617616,0.9113153269539984,1.1150163254847278,False,False,False,10.354770557285127,11.05128969113214,10.84855533567295
E0_repro__ppo__r271828,full_day,3003,177,46,1.4452495987804728,1.937062866928313,1.937062866928313,False,True,False,11.323207938437932,11.815021206585772,11.815021206585772
E0_repro__ppo__r271828,full_day,3003,180,46,1.5041162086751148,1.999802624679775,1.999802624679775,False,True,False,9.41829091488947,9.913977330894129,9.913977330894129
E0_repro__ppo__r271828,full_day,3003,183,46,1.0755897156701721,1.5640402740926014,1.8410761430129785,False,False,False,8.145944090854776,11.290720685430529,8.634394649277207
E0_repro__ppo__r271828,full_day,3003,186,46,1.0102496854499983,1.4949950349945837,1.839133377399473,False,False,False,8.140802988198361,9.621592626718313,8.625548337742947
E0_repro__ppo__r271828,full_day,3003,189,46,0.47632518799909734,0.9635098142676213,0.9635098142676213,False,True,False,7.229015118106011,7.716199744374535,7.716199744374535
E0_repro__ppo__r271828,full_day,3003,192,46,1.0046213216326507,1.5012552791357117,1.5012552791357117,False,True,False,6.48456198469207,6.981195942195131,6.981195942195131
E0_repro__ppo__r271828,full_day,3003,195,46,0.197279983840781,0.6825283704127829,1.3202578280240171,False,False,False,8.80593361434988,10.694738162965578,9.291182000921884
E0_repro__ppo__r271828,full_day,3003,198,46,1.5068836428856123,1.999802624679775,1.999802624679775,False,True,False,10.939822753687274,11.432741735481436,11.432741735481436
E0_repro__ppo__r271828,full_day,3003,201,46,1.504151722966601,1.999802624679775,1.999802624679775,False,True,False,10.240922971977021,10.736573873690196,10.736573873690196
E0_repro__ppo__r271828,full_day,3003,204,46,1.5017941219911168,1.999802624679775,1.999802624679775,False,True,False,7.891257697389857,8.389266200078517,8.389266200078517
E0_repro__ppo__r271828,full_day,3003,207,46,0.6772878676541694,1.1728621350690396,1.3339582283932627,False,False,False,6.40802244212891,10.55481342703218,6.9035967095437805
E0_repro__ppo__r271828,full_day,3003,210,46,0.6662851681159276,1.1422480625557505,1.8599471074470117,False,False,False,8.714153093785438,11.013283612114616,9.190115988225262
E0_repro__ppo__r271828,full_day,3003,213,46,0.900378466494342,1.3729402171523628,1.709031128848931,False,False,False,9.581150623011853,11.096150678079015,10.053712373669875
E0_repro__ppo__r271828,full_day,3003,216,46,1.5066044851757732,1.999802624679775,1.999802624679775,False,True,False,7.854919153244435,8.348117292748437,8.348117292748437
E0_repro__ppo__r271828,full_day,3003,219,46,0.0738180355213624,0.5678417624253955,1.8546899865024737,False,False,False,6.622562042853354,9.124954384129921,7.116585769757387
E0_repro__ppo__r271828,full_day,3003,222,46,0.27872270177028163,0.7664421192821755,1.2614286235982715,False,False,False,5.19438093570427,7.469165464056973,5.682100353216164
E0_repro__ppo__r271828,full_day,3003,225,46,0.539828138283122,1.024482995042296,1.0462414434682341,False,False,False,5.344639253970695,6.875660272528452,5.829803618771857
E0_repro__ppo__r271828,full_day,3003,228,46,0.8952151044640035,1.3884318167590537,1.3973994394066604,False,False,False,6.6684773558042245,10.821938456558009,7.1616940680992744
E0_repro__ppo__r271828,full_day,3003,231,46,0.8491696573507128,1.3303295250064058,1.8523333947213954,False,False,False,7.281678832286521,9.733827716678988,7.762838699942214
E0_repro__ppo__r271828,full_day,3003,234,46,0.7107703372391361,1.1995871396928146,1.1995871396928146,False,True,False,8.567294118644005,9.056110921097684,9.056110921097684
E0_repro__ppo__r271828,full_day,3003,237,46,0.9735647850863238,1.44784335728475,1.44784335728475,False,True,False,6.7257555755869545,7.200034147785381,7.200034147785381
E0_repro__ppo__r271828,full_day,3003,240,46,0.3427490843928826,0.8356286625700732,0.8356286625700732,False,True,False,5.106353292734061,5.599232870911251,5.599232870911251
E0_repro__ppo__r271828,full_day,3003,243,46,0.5240119652458135,1.0066060760285243,1.0066060760285243,False,True,False,5.567994791504615,6.050588902287326,6.050588902287326
E0_repro__ppo__r271828,full_day,3003,246,46,0.1915545860282622,0.6742421725348303,0.6742421725348303,False,True,False,4.628900701920869,5.111588288427437,5.111588288427437
E0_repro__ppo__r271828,full_day,3003,249,46,-0.028529824212482124,0.449589106025849,0.449589106025849,False,True,False,5.837652954114113,6.315771884352444,6.315771884352444
E0_repro__ppo__r271828,full_day,3003,252,46,0.888364649210837,1.377633398522027,1.7955125181810476,False,False,False,3.6097080334219402,1.960706471764995,4.09897678273313
E0_repro__ppo__r271828,full_day,3003,255,46,-0.7914066497425181,-0.30506370462987464,0.14231313366203163,False,False,False,-0.42488411976696905,1.989314727175986,0.061458825389391625
E0_repro__ppo__r271828,full_day,3003,258,46,0.12070542007652924,0.6167520585023184,0.6167520585023184,False,True,False,-2.870107241537223,-2.3685595858739577,-2.3685595858739577
E0_repro__ppo__r271828,full_day,3003,261,45,-1.26942967491547,-0.8026581066305535,0.1480103430736714,False,False,False,-1.9207378525024634,-0.10683797633329876,-1.4533065145879405
E0_repro__ppo__r271828,full_day,3003,264,45,-0.2589021156546888,0.2268802651950939,0.2268802651950939,False,True,False,0.3813401394807725,0.8671225203737102,0.8671225203737102
E0_repro__ppo__r271828,full_day,3003,267,46,-0.2852503325815984,0.1900316469027037,0.3502274723593831,False,False,False,-2.6785739335947443,3.9274527439511306,-2.203291954252491
E0_repro__ppo__r271828,full_day,3003,270,46,-1.263531915553624,-0.7669292061105628,0.936967613432648,False,False,False,-2.6020836548600057,4.709455956657724,-2.105480945385922
E0_repro__ppo__r271828,full_day,3003,273,46,-0.8805148136976533,-0.3989698772506628,0.6011324640034673,False,False,False,-0.1775015940556323,3.5557936136977832,0.303375319068403
E0_repro__ppo__r271828,full_day,3003,276,46,-0.8745382929005965,-0.3872928223365949,-0.38047993944533753,False,False,False,-0.029921023562583277,1.8578615341212779,0.45732444701770214
E0_repro__ppo__r271828,full_day,3003,279,46,-0.2210049971424068,0.25855450549174375,0.26090347437006645,False,False,False,0.7517149959937555,3.0319891411383164,1.2312726793919548
E0_repro__ppo__r271828,full_day,3003,282,46,0.33325104921784104,0.816357462431164,1.3173060201291409,False,False,False,-0.5622793965757467,2.556045969186592,-0.07917298336069084
E0_repro__ppo__r271828,full_day,3003,285,46,-1.067840682879331,-0.5991336284233939,-0.14113748490373862,False,False,False,-1.5567361313587058,-0.018028805710581214,-1.0880290769027676
E0_repro__ppo__r271828,evening_peak,3001,0,49,0.9796864412129892,-0.3408104263252053,1.002543584070132,False,False,False,5.165718426246508,5.1885755691036515,-1.1221681523774574
E0_repro__ppo__r271828,evening_peak,3001,3,46,0.9599218942032661,1.0808612986866233,1.0808612986866233,False,True,False,6.150156488289493,6.276874183321566,6.276874183321566
E0_repro__ppo__r271828,evening_peak,3001,6,46,1.8219886237702543,1.109226829753606,1.8219886237702543,False,False,True,11.094869414208624,11.094869414208624,5.81598200643554
E0_repro__ppo__r271828,evening_peak,3001,9,46,1.8172553162213905,1.999802624679775,1.999802624679775,False,True,False,8.518993206028526,8.701540514486911,8.701540514486911
E0_repro__ppo__r271828,evening_peak,3001,12,46,0.6912175454693994,1.188822448735571,1.188822448735571,False,True,False,4.707902159403479,5.205758959035486,5.205758959035486
E0_repro__ppo__r271828,evening_peak,3001,15,46,-0.08850843639130365,0.4182015876924691,0.4182015876924691,False,True,False,4.410616405522623,6.253100213419528,6.253100213419528
E0_repro__ppo__r271828,evening_peak,3001,18,46,0.8908464205818865,0.9522607713285518,1.1882540458910067,False,False,False,5.525585937155396,5.822993562464517,5.587000287902062
E0_repro__ppo__r271828,evening_peak,3001,21,46,0.8951293753375125,1.3857814893567988,1.5387233202742443,False,False,False,1.100318411533931,6.63920405001756,1.5906629895329396
E0_repro__ppo__r271828,evening_peak,3001,24,46,-1.1921653118536677,-0.7001775739616526,1.1866268506990005,False,False,False,0.20181758479129186,3.8421869494982874,0.694113557632891
E0_repro__ppo__r271828,evening_peak,3001,27,49,-0.2805872700770847,0.21506700085529876,0.2575496790036247,False,False,False,-0.5024866260086074,2.5876716506329354,-0.006832355076223942
E0_repro__ppo__r271828,evening_peak,3001,30,46,0.21488193101310077,0.7168157971914573,0.7168157971914573,False,True,False,-5.1518439320264005,-4.649910064766016,-4.649910064766016
E0_repro__ppo__r271828,evening_peak,3001,33,46,-1.6961326885493364,-1.1933727353609311,-0.4152163202921445,False,False,False,-4.398491387808707,-2.4714112335179186,-3.8957314357520714
E0_repro__ppo__r271828,evening_peak,3001,36,46,-1.1937888380325274,-0.6967085553888163,-0.22862769898141494,False,False,False,-0.2892573811760783,2.2832122225498255,0.20782290143683665
E0_repro__ppo__r271828,evening_peak,3001,39,46,-0.495126009522166,-0.024128766638356034,0.5345435902208469,False,False,False,0.37650440971640275,1.7587734124836751,0.8475016526352154
E0_repro__ppo__r271828,evening_peak,3001,42,46,-0.26799265770556224,0.23426606448228854,0.2917973631308388,False,False,False,0.18468071926913765,-1.1315668967984767,0.42340099424500954
E0_repro__ppo__r271828,evening_peak,3001,45,46,-0.020032332626643223,0.5095318584495886,0.790082770350266,False,False,False,-3.1620415471789562,1.8553318605679499,1.5897684136304921
E0_repro__ppo__r271828,evening_peak,3001,48,45,0.12660717862653786,-0.40604350932785016,0.43741018250404595,False,False,False,1.4111902444599616,-1.476450858817715,-0.18451024348228945
E0_repro__ppo__r271828,evening_peak,3001,51,46,-0.06843492769948875,0.6577141175684981,0.6867794425324012,False,False,False,-0.2639081203866914,-1.3735817716640997,0.6050747225922908
E0_repro__ppo__r271828,evening_peak,3001,54,46,-0.7976730287764531,-0.2972270649059387,-0.22896545964300105,False,False,False,-2.0751716518756784,-1.2132683381617553,-1.5745799202484516
E0_repro__ppo__r271828,evening_peak,3001,57,46,-0.6967470981272448,-0.22250295974362394,0.43995497512894316,False,False,False,-0.5916246926208117,2.8029497160452324,-0.11744283280931825
E0_repro__ppo__r271828,evening_peak,3001,60,45,-0.3471037369118464,0.1319524854757431,0.1445690704389619,False,False,False,0.8574615906787612,1.2663080156692588,1.2733729969805352
E0_repro__ppo__r271828,evening_peak,3001,63,46,0.4150638511629334,0.8917341219959988,0.9026048412534022,False,False,False,-2.0397324663452876,-1.2194794790340338,-1.4688163310080935
E0_repro__ppo__r271828,evening_peak,3001,66,46,-1.0058783010857708,-0.5123082334284451,-0.5123082334284451,False,True,False,-3.868078469445317,-4.316473310209347,-4.316473310209347
E0_repro__ppo__r271828,evening_peak,3001,69,45,-1.869628029804003,-0.7592785782282284,-0.7592785782282284,False,True,False,-3.3160722523602977,-1.397688169735371,-1.397688169735371
E0_repro__ppo__r271828,evening_peak,3001,72,46,-0.26026131677672876,0.23821950137528355,0.23821950137528355,False,True,False,-1.3476696270326154,-0.8491888088834337,-0.8491888088834337
E0_repro__ppo__r271828,evening_peak,3001,75,46,-1.141267312961633,-0.38920886612195243,-0.2823349246013538,False,False,False,-6.184963168973265,-1.6362886366218066,-4.567490468342883
E0_repro__ppo__r271828,evening_peak,3001,78,46,-1.694581857430964,-1.464601801015984,-0.8427706402894644,False,False,False,-4.278762946145867,-2.136518992491765,-4.048782889335202
E0_repro__ppo__r271828,evening_peak,3001,81,45,-0.5281495158740652,-0.039896413192149524,-0.039896413192149524,False,True,False,-0.810162602113419,-0.32190949943150327,-0.32190949943150327
E0_repro__ppo__r271828,evening_peak,3002,0,49,0.49334873639664767,0.09192297146728638,1.823459782251358,False,False,False,5.3294019895867875,6.580945327286724,-0.9335603990425944
E0_repro__ppo__r271828,evening_peak,3002,3,46,1.6536999510577146,1.4890839254693788,1.6536999510577146,False,False,True,-1.1235805944674842,-1.1235805944674842,-1.2827694822668263
E0_repro__ppo__r271828,evening_peak,3002,6,46,1.0383892439546838,-1.0326364499498695,1.0383892439546838,False,False,True,5.5832982224446805,5.5832982224446805,-1.1173629477448044
E0_repro__ppo__r271828,evening_peak,3002,9,46,0.2627930237176881,0.45235086628067506,0.9905891361992221,False,False,False,4.977200839327923,10.335844684819977,5.16675868189091
E0_repro__ppo__r271828,evening_peak,3002,12,46,1.0044718269132165,1.4939259286327078,1.8543739079071044,False,False,False,4.900221292116958,11.044628765865586,5.38967539383645
E0_repro__ppo__r271828,evening_peak,3002,15,46,-0.19823611260125495,0.285311394601538,1.6135338342083627,False,False,False,1.5853716873255626,7.857864109211841,2.0689191945283554
E0_repro__ppo__r271828,evening_peak,3002,18,46,-0.598179617110739,-0.12033553799014013,1.2354486986331827,False,False,False,0.2384953631934911,2.883926253609069,0.7165329239632746
E0_repro__ppo__r271828,evening_peak,3002,21,46,-0.28251098686689247,0.21078696538754205,0.34165082348338266,False,False,False,2.2730260889325473,3.0211034511148696,2.828697315217883
E0_repro__ppo__r271828,evening_peak,3002,24,45,-0.014699154863014263,0.47027630476423055,0.8680628875811015,False,False,False,5.147988837290955,7.394660301919092,5.570397073063902
E0_repro__ppo__r271828,evening_peak,3002,27,46,0.3646513401387181,0.8587251695254751,1.3285057615135034,False,False,False,4.293055640699874,5.333525096167604,4.793653608267947
E0_repro__ppo__r271828,evening_peak,3002,30,46,0.17251773783949192,0.6665531992250001,0.9475092471868146,False,False,False,1.817885572358478,2.5456163274380983,1.695657712690341
E0_repro__ppo__r271828,evening_peak,3002,33,46,-0.1011085410911087,1.0102212885696658,1.0102212885696658,False,True,False,-4.195139207834852,-1.8636558112875137,-1.8636558112875137
E0_repro__ppo__r271828,evening_peak,3002,36,45,-1.3911986718064877,-1.3561126634521012,-0.46114746240660354,False,False,False,-2.931391207661117,0.23110595657165223,-3.982138658984613
E0_repro__ppo__r271828,evening_peak,3002,39,46,-0.13352765643553538,0.4605026948232004,0.4783910166141145,False,False,False,-1.5960139391675767,-0.20752634430571026,-0.7519812851798573
E0_repro__ppo__r271828,evening_peak,3002,42,42,-0.8460476882865557,-0.36540452253704436,-0.36540452253704436,False,True,False,-2.1307578946356776,-4.15225778450724,-4.15225778450724
E0_repro__ppo__r271828,evening_peak,3002,45,45,-1.4265456532170468,-0.130014353620775,-0.130014353620775,False,True,False,-4.3390006777601045,-1.4737677401878797,-1.4737677401878797
E0_repro__ppo__r271828,evening_peak,3002,48,46,-0.9019247335436953,-0.41292474382487365,0.6733433517628269,False,False,False,-0.06367040971416632,4.440001296855795,0.38561107456458915
E0_repro__ppo__r271828,evening_peak,3002,51,46,0.30362741891497075,0.7792077897814997,1.640057073877936,False,False,False,-1.078297761624422,1.2092547064885941,0.3305638554732715
E0_repro__ppo__r271828,evening_peak,3002,54,46,-0.14145093663640868,0.3063655396448588,0.6459995206789961,False,False,False,-0.19555865620629778,3.6498574508388932,-0.5879625134724933
E0_repro__ppo__r271828,evening_peak,3002,57,46,-0.49514027749689427,0.00717403273227483,0.7191233016440802,False,False,False,1.7576617619081816,4.199215315676883,2.2599760721373507
E0_repro__ppo__r271828,evening_peak,3002,60,46,0.8054296911600529,1.2917796567791033,1.2917796567791033,False,True,False,1.7720552060117172,2.258405171594258,2.258405171594258
E0_repro__ppo__r271828,evening_peak,3002,63,46,-0.655298048685238,-0.17102580163121225,-0.06473554561962536,False,False,False,0.7345208301478495,0.4853611861821921,1.218793077255255
E0_repro__ppo__r271828,evening_peak,3002,66,46,-0.506267505342706,-0.02709034987802712,-0.02709034987802712,False,True,False,2.01756755944036,2.124624972545511,2.124624972545511
E0_repro__ppo__r271828,evening_peak,3002,69,46,0.6665384476129523,1.140689566114613,1.140689566114613,False,True,False,-0.22512487010577836,0.8102032488112142,0.8102032488112142
E0_repro__ppo__r271828,evening_peak,3002,72,45,-0.7020737996609028,-0.5002699919292154,-0.30694046771840333,False,False,False,-1.0944648213162493,-1.3110794847693525,-0.8861554793650491
E0_repro__ppo__r271828,evening_peak,3002,75,44,-0.887624795955978,-0.3983432333799167,-0.3983432333799167,False,True,False,-0.14983567420062277,0.5005371869429182,0.5005371869429182
E0_repro__ppo__r271828,evening_peak,3002,78,46,-0.5308715704801071,-0.05900441717950043,-0.05900441717950043,False,True,False,-3.126197709951566,-2.836095176621643,-2.836095176621643
E0_repro__ppo__r271828,evening_peak,3002,81,45,-1.256612222906805,-0.7804143275739921,-0.7804143275739921,False,True,False,-3.155991203286656,-2.659474421555416,-2.659474421555416
E0_repro__ppo__r271828,evening_peak,3003,0,49,0.8290846414089578,-1.0811630974890503,0.8519417842661007,False,False,False,2.4989411863467264,2.5217983292038695,-5.931489961988699
E0_repro__ppo__r271828,evening_peak,3003,3,46,-0.025578468274833996,0.130167545392568,1.064959155948236,False,False,False,-4.8920720641697875,3.297352190587378,-4.7374839908918105
E0_repro__ppo__r271828,evening_peak,3003,6,43,0.012456362355486625,-0.8634040871153463,0.012456362355486625,False,False,True,1.732612645348207,1.732612645348207,-8.020294177796112
E0_repro__ppo__r271828,evening_peak,3003,9,42,0.1981864436471147,0.3890568686806043,0.3890568686806043,False,True,False,2.0977890070774796,2.2886594321109692,2.2886594321109692
E0_repro__ppo__r271828,evening_peak,3003,12,46,0.05000208173604642,0.5409916839999598,0.5689073673834961,False,False,False,-1.1950585581528246,6.371125600900865,-0.7040689558889112
E0_repro__ppo__r271828,evening_peak,3003,15,45,-1.2719419273953099,-0.7824422268297047,1.0969373707055998,False,False,False,-1.743484199886969,8.74419748597829,-1.2539844993213638
E0_repro__ppo__r271828,evening_peak,3003,18,46,-0.6283633913341794,-0.1460024757986052,0.8957750435659446,False,False,False,2.210015533651044,9.498019837913057,2.692376449186618
E0_repro__ppo__r271828,evening_peak,3003,21,46,-0.02576961290403973,0.46096635573771577,1.7344522065369017,False,False,False,7.177720345772245,11.240577820010047,7.686255162168779
E0_repro__ppo__r271828,evening_peak,3003,24,46,0.7814811144191833,1.2656070062308882,1.856981956060461,False,False,False,7.303100930436369,9.22390041348233,7.7872268222480745
E0_repro__ppo__r271828,evening_peak,3003,27,46,0.9941924057002771,1.4797631849478108,1.8487544628203165,False,False,False,4.531724860649171,6.5653260694073685,5.017295639896705
E0_repro__ppo__r271828,evening_peak,3003,30,46,0.28299620743529225,0.7803018958870004,0.7803018958870004,False,True,False,2.3912605483509974,2.8893538966943733,2.8893538966943733
E0_repro__ppo__r271828,evening_peak,3003,33,46,-0.34522707121829865,0.14074307614154016,0.598589910124212,False,False,False,1.5817002158488236,3.3053220347532544,2.06421077322405
E0_repro__ppo__r271828,evening_peak,3003,36,46,-0.27714334895938675,0.2191732160323056,0.2191732160323056,False,True,False,1.58723817159191,2.0850708620077625,2.0850708620077625
E0_repro__ppo__r271828,evening_peak,3003,39,46,-0.7247681564860815,-0.22135982879212596,-0.00952112179367684,False,False,False,3.889688148181184,4.91604225912719,4.393096475875139
E0_repro__ppo__r271828,evening_peak,3003,42,46,0.6700696729376294,1.1598646003029383,1.1598646003029383,False,True,False,4.381994331682027,4.871789259047336,4.871789259047336
E0_repro__ppo__r271828,evening_peak,3003,45,46,-0.2691201163494606,0.22903917223349834,0.48694199461694154,False,False,False,3.2644687897500106,2.0073832462820964,3.7626313893140653
E0_repro__ppo__r271828,evening_peak,3003,48,46,0.24673667128166427,0.7411016529067928,0.7411016529067928,False,True,False,2.4694075809525513,2.962837254225098,2.962837254225098
E0_repro__ppo__r271828,evening_peak,3003,51,46,0.23495854745107098,0.72930977480721,1.143136695992865,False,False,False,1.6131882111268163,2.5527811550813984,2.1081598896691873
E0_repro__ppo__r271828,evening_peak,3003,54,46,-0.2098313008489308,0.28242474783852806,0.28242474783852806,False,True,False,2.9860561900380276,3.4783122387254863,3.4783122387254863
E0_repro__ppo__r271828,evening_peak,3003,57,46,0.636017675287057,1.1210279831921919,1.1210279831921919,False,True,False,-1.6914153883719996,0.35642225476165107,0.35642225476165107
E0_repro__ppo__r271828,evening_peak,3003,60,46,-0.3832224947954184,0.12550073951891932,0.3361653106878838,False,False,False,-3.258386525430146,-3.108284687727681,-5.536853505068553
E0_repro__ppo__r271828,evening_peak,3003,63,46,-2.054165538162019,-0.5509411224955337,-0.13580851702011365,False,False,False,-7.41601791251157,-4.970167718009686,-4.0967683336435625
E0_repro__ppo__r271828,evening_peak,3003,66,46,-1.162628817194393,-0.6742078879439583,-0.6742078879439583,False,True,False,-2.9227782018782555,-2.447184199991291,-2.447184199991291
E0_repro__ppo__r271828,evening_peak,3003,69,45,-1.0832726125010106,-0.6035719128580677,-0.6035719128580677,False,True,False,1.690211473854249,2.1831284409445266,2.1831284409445266
E0_repro__ppo__r271828,evening_peak,3003,72,46,0.7826273181799572,1.2656013761803,1.2656013761803,False,True,False,0.46708985588128304,0.6416436286145389,0.6416436286145389
E0_repro__ppo__r271828,evening_peak,3003,75,46,0.6238295956213016,1.106786497665736,1.132024471977927,False,False,False,-5.846186001717458,-3.967861166101239,-4.058195511737504
E0_repro__ppo__r271828,evening_peak,3003,78,45,-1.7140309744795295,-1.2185572323261369,0.1058581190654374,False,False,False,-4.600399747594331,1.4515752737275884,-4.602351434945619
E0_repro__ppo__r271828,evening_peak,3003,81,45,-1.4637335778591085,-0.7665350713027363,-0.05785589248244556,False,False,False,-1.3970443958397034,1.1786761371483476,-0.6998458892810192
E0_repro__ppo__r271828,flash_crowd,3001,0,49,0.7454551712573555,-0.5904520800299945,0.7995232241868558,False,False,False,3.7853407441684253,5.802088954720878,-3.029676332479674
E0_repro__ppo__r271828,flash_crowd,3001,3,46,0.8182709845438219,0.982261986164467,0.982261986164467,False,True,False,4.82019059757299,4.9825157814809655,4.9825157814809655
E0_repro__ppo__r271828,flash_crowd,3001,6,46,1.7574980358416241,0.8727510936321878,1.7574980358416241,False,False,True,9.208981868629849,9.208981868629849,4.006534877128176
E0_repro__ppo__r271828,flash_crowd,3001,9,46,1.814003960065267,1.999802624679775,1.999802624679775,False,True,False,4.06457254496926,4.250371209583768,4.250371209583768
E0_repro__ppo__r271828,flash_crowd,3001,12,46,-0.2586033747399917,0.2439952712001124,0.2439952712001124,False,True,False,-2.8564871884430856,-2.370177597370912,-2.370177597370912
E0_repro__ppo__r271828,flash_crowd,3001,15,46,-1.0781482376473301,-0.5675458305805796,-0.5675458305805796,False,True,False,-11.577445464367276,-10.404433624824671,-10.404433624824671
E0_repro__ppo__r271828,flash_crowd,3001,18,45,-3.7374752127717477,-3.8139821294124596,-2.527087465166695,False,False,False,-20.21046560772844,-13.076568866015908,-21.175277903341946
E0_repro__ppo__r271828,flash_crowd,3001,21,44,-3.155120910014463,-2.5221515318213887,-1.7780138736227324,False,False,False,-25.428244656156856,-18.349227667313038,-23.75596668955636
E0_repro__ppo__r271828,flash_crowd,3001,24,42,-5.530531350945234,-4.955023495358854,-3.4636284584785018,False,False,False,-23.457238523846954,-17.311055099398896,-24.487317511372872
E0_repro__ppo__r271828,flash_crowd,3001,27,42,-5.1168724698225025,-4.1141369274524155,-3.757183106758247,False,False,False,-26.27675887124596,-19.029990346496028,-23.694669693139346
E0_repro__ppo__r271828,flash_crowd,3001,30,43,-4.021047137907607,-3.7126224880740737,-2.728719302271888,False,False,False,-17.679705396509004,-15.455873238271975,-17.653861210603463
E0_repro__ppo__r271828,flash_crowd,3001,33,46,-1.6284389391752956,-1.1299007345030987,-0.4112748308425104,False,False,False,-6.141233878416439,-4.7588964658984985,-5.6426956781030055
E0_repro__ppo__r271828,flash_crowd,3001,36,46,-1.5412110314109815,-1.0498147795718336,-0.4321657135885594,False,False,False,-1.1475570238738464,1.6842215691726015,-0.6560740055047426
E0_repro__ppo__r271828,flash_crowd,3001,39,45,-0.23628650442872992,0.23679700813261498,0.23679700813261498,False,True,False,-0.958003001983897,-0.48487044721647177,-0.48487044721647177
E0_repro__ppo__r271828,flash_crowd,3001,42,46,-0.7967381734189392,-0.30009022560808485,0.13876168239360812,False,False,False,-2.7540921160521044,-0.6634511616591325,-3.7404647458181794
E0_repro__ppo__r271828,flash_crowd,3001,45,45,-1.4604571197151526,-0.2268409611255304,0.26377025441840535,False,False,False,-5.878912902873799,-2.036494423548339,-2.5556318208406346
E0_repro__ppo__r271828,flash_crowd,3001,48,46,-0.6891896103980488,-0.21423813720483875,0.4650153033505682,False,False,False,-1.0413111575015472,2.9070025407408235,-1.3123240952708024
E0_repro__ppo__r271828,flash_crowd,3001,51,46,-0.44031252601446713,0.5517816616093735,0.7835110664571985,False,False,False,-0.05025952872216659,1.47073157907665,1.2016255522775008
E0_repro__ppo__r271828,flash_crowd,3001,54,45,-0.4512794358205363,0.04317390070950819,0.04317390070950819,False,True,False,0.2949221398859784,0.7893085780328453,0.7893085780328453
E0_repro__ppo__r271828,flash_crowd,3001,57,46,-0.40344582748193497,0.06815911009587185,0.17489302532919843,False,False,False,-0.33413103168397246,2.238152200701402,0.13747390589383437
E0_repro__ppo__r271828,flash_crowd,3002,0,49,-0.029630785738410187,-0.3988003116689949,1.6810072666068459,False,False,False,3.5997027906686254,6.8492188689075775,-2.813084875834195
E0_repro__ppo__r271828,flash_crowd,3002,3,46,1.3535984304169877,1.3715668675315222,1.3715668675315222,False,True,False,-2.993779550418104,-2.973291242650223,-2.973291242650223
E0_repro__ppo__r271828,flash_crowd,3002,6,43,0.8864435134347165,-1.3587527946700673,0.8864435134347165,False,False,True,2.4758836197745655,2.4758836197745655,-3.199810968323984
E0_repro__ppo__r271828,flash_crowd,3002,9,46,0.107632944384805,0.30130048348188093,0.3306648856766701,False,False,False,4.8595307387682976,7.7052499920185955,5.0531982778653735
E0_repro__ppo__r271828,flash_crowd,3002,12,46,1.0469652567742664,1.5412460268796195,1.705123791774364,False,False,False,2.314258593530427,7.078784598172905,2.770198942595691
E0_repro__ppo__r271828,flash_crowd,3002,15,46,-0.18184391637015218,0.30399699979257305,1.533692379712854,False,False,False,-16.000981816275868,-6.073551078101379,-14.403924703930192
E0_repro__ppo__r271828,flash_crowd,3002,18,45,-5.350845712786424,-5.3375321333475965,-2.781139006256577,False,False,False,-26.61264835403622,-13.498309718932969,-28.829418583236787
E0_repro__ppo__r271828,flash_crowd,3002,21,45,-5.301260651982344,-4.593466058285872,-2.8248886892720906,False,False,False,-22.37875686137751,-13.864951924981609,-20.43499495174997
E0_repro__ppo__r271828,flash_crowd,3002,24,42,-3.5582057043801294,-3.3428933906835643,-2.44454954813635,False,False,False,-15.968451121670629,-12.214887597937746,-17.890958615498683
E0_repro__ppo__r271828,flash_crowd,3002,27,44,-3.675228049432169,-2.4364175399931427,-2.0589129897862226,False,False,False,-19.93029549598008,-12.738406551654082,-15.938723841627402
E0_repro__ppo__r271828,flash_crowd,3002,30,42,-3.2657635880797047,-3.0997751131413347,-2.116465635548418,False,False,False,-9.37773291783799,-11.958770300138182,-10.530544935315802
E0_repro__ppo__r271828,flash_crowd,3002,33,46,0.21008262285838658,0.9536093037565616,0.9536093037565616,False,True,False,-2.3516037395844056,-0.19066400714651222,-0.19066400714651222
E0_repro__ppo__r271828,flash_crowd,3002,36,46,-0.6343607975153109,-0.6252026722054709,0.012559712832815859,False,False,False,-2.1863273492759587,-0.4888502184491927,-2.671633126220945
E0_repro__ppo__r271828,flash_crowd,3002,39,45,-0.3742508581550752,0.1476677742605858,0.1476677742605858,False,True,False,-2.1189912077583246,-1.597520039587111,-1.597520039587111
E0_repro__ppo__r271828,flash_crowd,3002,42,45,-0.9240449171727825,-0.44561489809680516,-0.44561489809680516,False,True,False,-2.675620506722939,-3.4975238224838447,-3.4975238224838447
E0_repro__ppo__r271828,flash_crowd,3002,45,45,-1.2692731791819376,-0.4807738974939198,-0.4807738974939198,False,True,False,-0.8892898891752103,0.9071303087380403,0.9071303087380403
E0_repro__ppo__r271828,flash_crowd,3002,48,46,-0.00419211665246938,0.4831674146456783,0.5670946451927623,False,False,False,2.433726894610836,2.650427492034593,2.921086425703535
E0_repro__ppo__r271828,flash_crowd,3002,51,46,1.0087631121436578,1.482781538521588,1.491732594874906,False,False,False,1.074347825175975,3.92770037235393,1.5483662517925736
E0_repro__ppo__r271828,flash_crowd,3002,54,46,0.29044035867663737,0.785740695697073,1.7273380166024332,False,False,False,1.6408546679382752,6.2956717548192165,2.136155004958711
E0_repro__ppo__r271828,flash_crowd,3002,57,48,-0.34806445690023685,0.14886973435069412,1.026277595173431,False,False,False,0.7884428039403799,3.7508033454977596,1.2853769951913108
E0_repro__ppo__r271828,flash_crowd,3003,0,49,0.5765073170111742,-1.2162048579719567,0.6500781678397708,False,False,False,1.4427146094644336,0.02505133682679203,-7.056610646568407
E0_repro__ppo__r271828,flash_crowd,3003,3,46,-0.3656020015395581,-0.2073297291362855,0.959596625847536,False,False,False,-6.370778145386487,2.494818350485382,-6.389130573876517
E0_repro__ppo__r271828,flash_crowd,3003,6,43,-0.17846339199811287,-1.0436026391631787,-0.17846339199811287,False,False,True,0.5420294550071296,0.5420294550071296,-9.360146619228255
E0_repro__ppo__r271828,flash_crowd,3003,9,42,0.04624901804490386,0.24174453275493857,0.27848433315061344,False,False,False,1.561042610690651,2.0934934519191315,1.7565381254006858
E0_repro__ppo__r271828,flash_crowd,3003,12,46,0.02819976229774407,0.523453997825826,0.5368587513996254,False,False,False,-3.57131772664649,-3.0224971798525995,-3.076063491118408
E0_repro__ppo__r271828,flash_crowd,3003,15,45,-1.2349058232015888,-0.7425183129435428,0.9104722076916147,False,False,False,-19.742785528265795,-8.996781847239978,-18.54155431749877
E0_repro__ppo__r271828,flash_crowd,3003,18,46,-5.390765128834215,-4.98935297431298,-2.910179575225886,False,False,False,-24.0648425534854,-12.036954747793132,-25.325371803996354
E0_repro__ppo__r271828,flash_crowd,3003,21,43,-4.562319637246032,-3.549427013158124,-1.742594168935648,False,False,False,-19.242928546523338,-9.058296498648946,-16.977677569070813
E0_repro__ppo__r271828,flash_crowd,3003,24,46,-3.1114877147727356,-3.083564704062582,-1.8622360797459891,False,False,False,-18.646595568569943,-11.405955254923649,-21.961595127107728
E0_repro__ppo__r271828,flash_crowd,3003,27,45,-3.78061035121334,-2.522360500923693,-1.6882117877750598,False,False,False,-23.71149155611974,-15.543437434367227,-20.01159172902889
E0_repro__ppo__r271828,flash_crowd,3003,30,43,-4.169534445677841,-4.097347049813004,-3.2144209302808533,False,False,False,-10.638808620169588,-8.17953118057792,-11.235101492110868
E0_repro__ppo__r271828,flash_crowd,3003,33,46,-0.7047203350180147,-0.22181026940799922,-0.04569631965505543,False,False,False,0.30213435529689264,2.796553341754056,0.8538709258866509
E0_repro__ppo__r271828,flash_crowd,3003,36,46,-0.3457469976355949,0.14630756002717762,0.14630756002717762,False,True,False,-0.6761525053497276,-1.8187160072145239,-1.8187160072145239
E0_repro__ppo__r271828,flash_crowd,3003,39,46,-1.7909545780701115,-0.5499605349886753,-0.029291731762074627,False,False,False,-2.8947802216643455,-0.07537787794807083,-0.8215038442468842
E0_repro__ppo__r271828,flash_crowd,3003,42,45,-0.4804936359674843,0.005670463349161755,0.005670463349161755,False,True,False,0.5111691288810517,0.026550724266105153,0.026550724266105153
E0_repro__ppo__r271828,flash_crowd,3003,45,45,-0.5998769338989043,-0.10558622957760357,0.4023426489006522,False,False,False,0.2713783299854663,3.1867883904190717,2.663001064901019
E0_repro__ppo__r271828,flash_crowd,3003,48,46,-0.03328566305742536,0.02246797617022091,0.7210821086664172,False,False,False,2.120573413320379,3.430115402032136,1.675653507860879
E0_repro__ppo__r271828,flash_crowd,3003,51,46,0.795722643822889,1.2871715929513423,1.2871715929513423,False,True,False,3.059694211536083,3.551480292542641,3.551480292542641
E0_repro__ppo__r271828,flash_crowd,3003,54,46,-0.33429306576995255,0.15407907594047954,0.15407907594047954,False,True,False,2.5704348063505886,3.058506125954651,3.058506125954651
E0_repro__ppo__r271828,flash_crowd,3003,57,46,-0.4767470982432189,0.003779122155202312,0.003779122155202312,False,True,False,-0.023924518474267853,0.4566017019241534,0.4566017019241534
E0_repro__ppo__r271828,link_failure,3001,0,49,0.96042673517046,-0.27700269523218124,0.9832838780276029,False,False,False,5.176405624795581,5.1992627676527245,-0.8577309349908468
E0_repro__ppo__r271828,link_failure,3001,3,46,0.9722124574818778,1.1370866188197237,1.1370866188197237,False,True,False,6.0885677755686824,6.257943004504327,6.257943004504327
E0_repro__ppo__r271828,link_failure,3001,6,46,1.8206059476455352,1.0768253417756175,1.8206059476455352,False,False,True,11.083371600500593,11.083371600500593,5.574371494091453
E0_repro__ppo__r271828,link_failure,3001,9,46,1.8150703910028116,1.999802624679775,1.999802624679775,False,True,False,4.760776614443241,4.9455088481202045,4.9455088481202045
E0_repro__ppo__r271828,link_failure,3001,12,31,-0.26456024230147673,0.23711585248852698,0.7345112323928772,False,False,False,-3.4527839869150267,0.37894809042362326,-2.951107892125023
E0_repro__ppo__r271828,link_failure,3001,15,31,-0.3646775546244546,0.14590380636313288,0.14590380636313288,False,True,False,-7.663851025381184,-7.153269664393596,-7.153269664393596
E0_repro__ppo__r271828,link_failure,3001,18,29,-2.334304365311348,-1.8457470881760676,-0.3265356673978955,False,False,False,-9.803690993480654,0.9562786475725737,-9.315133716345372
E0_repro__ppo__r271828,link_failure,3001,21,29,-1.9529743098433985,-1.4614753255887898,0.9326767885272877,False,False,False,-7.939018475749398,-1.0067841021011095,-7.447519491494789
E0_repro__ppo__r271828,link_failure,3001,24,30,-2.092923490562815,-1.600137330060452,-0.9376130517336667,False,False,False,-7.009606136001571,-2.8136124564636296,-6.51681997548852
E0_repro__ppo__r271828,link_failure,3001,27,32,-1.186986794821761,-0.6915037965346483,-0.37437064008850873,False,False,False,-10.618023110948556,-4.649027680109903,-10.122540112661445
E0_repro__ppo__r271828,link_failure,3001,30,32,-2.51436734792269,-2.0132165633737893,-0.25004135404577466,False,False,False,-13.286352766833197,-6.529805546092085,-12.785201982258016
E0_repro__ppo__r271828,link_failure,3001,33,30,-2.6386997937719623,-2.137466059789653,-1.248678233626728,False,False,False,-13.930471996715482,-8.113024836868432,-13.429238262776229
E0_repro__ppo__r271828,link_failure,3001,36,47,-1.271502875425707,-2.197189643214323,-0.9087931354267108,False,False,False,-3.6647733204671886,0.18705039386288055,-11.614715547028007
E0_repro__ppo__r271828,link_failure,3001,39,46,0.09282563485559842,0.1114557124374641,0.11679419285040099,False,False,False,0.44571296421068923,0.5093934176069798,0.4589405042179808
E0_repro__ppo__r271828,link_failure,3001,42,46,-0.11047221898027412,0.041400488966845436,0.041400488966845436,False,True,False,-0.6984286739375113,-0.5454904979778233,-0.5454904979778233
E0_repro__ppo__r271828,link_failure,3001,45,45,-0.6551856544139478,-0.1911632893299542,0.5699567510869786,False,False,False,-0.9737016240265347,-1.2142076828364887,-2.0426179051771753
E0_repro__ppo__r271828,link_failure,3001,48,46,-0.23197257354086745,0.25240337225992704,0.25240337225992704,False,True,False,0.36411371158547773,0.8484896573862722,0.8484896573862722
E0_repro__ppo__r271828,link_failure,3001,51,46,0.08336609252648014,0.5447557516468698,0.8834841635145404,False,False,False,0.9611150694105741,2.022224699049117,1.4219500565863559
E0_repro__ppo__r271828,link_failure,3001,54,46,-0.40564946452536677,0.057053721880025395,0.057053721880025395,False,True,False,0.015601115481030575,0.47830430188642276,0.47830430188642276
E0_repro__ppo__r271828,link_failure,3001,57,46,-0.44705999791990786,0.024498655012843304,0.3278308376492744,False,False,False,-0.6355957612851919,2.423169479065531,-0.1640371083524407
E0_repro__ppo__r271828,link_failure,3002,0,49,0.4244646026882133,0.05004901911579217,1.857963615305497,False,False,False,5.268023263517444,7.1664712002971065,-0.8771385339169763
E0_repro__ppo__r271828,link_failure,3002,3,46,1.6130251298434477,1.616702788025822,1.616702788025822,False,True,False,-1.4515850712955665,-1.4448940185744892,-1.4448940185744892
E0_repro__ppo__r271828,link_failure,3002,6,46,1.0777020549047789,-1.1073768037811376,1.0777020549047789,False,False,True,4.367339838853144,4.367339838853144,-2.2316504089027474
E0_repro__ppo__r271828,link_failure,3002,9,46,0.30624232639576476,0.498705640651546,0.9381724144885024,False,False,False,-2.593351192142186,-0.14800744396964916,-2.400887877886405
E0_repro__ppo__r271828,link_failure,3002,12,31,-1.091285843309568,-0.5987090702222377,0.5977893194988234,False,False,False,-6.776998140657161,1.0714715447475982,-6.2844213675698315
E0_repro__ppo__r271828,link_failure,3002,15,29,-1.8654870329593243,-1.3800087436109312,0.17104004604548625,False,False,False,-5.826505711125835,-1.9705477876395492,-5.341027421777442
E0_repro__ppo__r271828,link_failure,3002,18,32,-1.013435956220853,-0.5346315662516252,-0.26726993207745153,False,False,False,-7.318345117860484,-3.8453739655899204,-6.839540727891256
E0_repro__ppo__r271828,link_failure,3002,21,32,-1.6386413160348123,-1.1440536096407332,-0.4182054682188499,False,False,False,-9.428698348251604,-3.2565109008441366,-8.934110641857526
E0_repro__ppo__r271828,link_failure,3002,24,31,-1.878714989448959,-1.393048929538548,-0.4779000436356098,False,False,False,-8.524515657938137,-0.5983588013153167,-8.038849598027726
E0_repro__ppo__r271828,link_failure,3002,27,31,-1.783699640049675,-1.289357343649704,-0.6272044658692097,False,False,False,-8.143347312710887,-0.2736329270575161,-7.649005016310917
E0_repro__ppo__r271828,link_failure,3002,30,32,-1.8773769609556343,-1.3846960333075304,0.07445117937404333,False,False,False,-10.86373607525223,-4.178641166734451,-10.371055147604128
E0_repro__ppo__r271828,link_failure,3002,33,32,-2.521880351181286,-2.0178057774104996,-0.757170244485261,False,False,False,-14.697632624815439,-9.253035205522119,-13.988368461751026
E0_repro__ppo__r271828,link_failure,3002,36,50,-1.210103635635227,-2.2788523119181283,-1.2077756657091585,False,False,False,-6.264487402485571,-5.164175901886281,-14.773771410741706
E0_repro__ppo__r271828,link_failure,3002,39,45,-0.5705460668563727,-0.0618942554665644,0.13115778094384228,False,False,False,-2.7836467616211897,-1.3879010293830392,-2.2729955176255627
E0_repro__ppo__r271828,link_failure,3002,42,45,-0.9941968769423932,-0.5157172474802781,-0.5157172474802781,False,True,False,-2.683510331108498,-2.207129657754469,-2.207129657754469
E0_repro__ppo__r271828,link_failure,3002,45,45,-0.6747833118776951,-0.17621600111115765,-0.17621600111115765,False,True,False,-1.038130788949136,-0.5384853947917672,-0.5384853947917672
E0_repro__ppo__r271828,link_failure,3002,48,46,-0.5994249149693502,-0.11240760451665134,0.609494695793924,False,False,False,1.1538440038287279,3.84077528122381,1.6408613429629495
E0_repro__ppo__r271828,link_failure,3002,51,46,0.5768071032802584,1.0515864180711885,1.4619738618997178,False,False,False,0.669901707123306,1.3060215760955862,1.1446117765749666
E0_repro__ppo__r271828,link_failure,3002,54,46,0.08395452696060174,0.5829243650829317,1.2004175068658534,False,False,False,1.1838646496704133,6.273286386160891,1.6828344877927432
E0_repro__ppo__r271828,link_failure,3002,57,46,-0.32476192386370817,0.17734458478350867,1.128895917433233,False,False,False,0.850841333513341,3.122873333807012,1.3529478421605579
E0_repro__ppo__r271828,link_failure,3003,0,49,0.8119550707834033,-1.0299222363241287,0.8348122136405463,False,False,False,2.7526834713853257,2.7755406142424683,-5.599288494343817
E0_repro__ppo__r271828,link_failure,3003,3,46,-0.03125223888798538,0.12559118990612417,1.1927145485929802,False,False,False,-4.979000881113011,3.745844788122289,-4.822914925878077
E0_repro__ppo__r271828,link_failure,3003,6,43,0.036772580667400245,-0.8617277787275115,0.036772580667400245,False,False,True,1.0831158605028801,1.0831158605028801,-8.220021899745587
E0_repro__ppo__r271828,link_failure,3003,9,42,0.22297290654434918,0.41647568496102094,0.4205227423225786,False,False,False,1.147895192569958,1.427128511161763,1.34139797098663
E0_repro__ppo__r271828,link_failure,3003,12,31,-0.0866815946008466,0.40736146727356554,0.40736146727356554,False,True,False,-4.643803509940489,-4.149760448066077,-4.149760448066077
E0_repro__ppo__r271828,link_failure,3003,15,31,-1.8092003101790806,-1.317258872166977,-0.8915397264700867,False,False,False,-6.3020334996618255,-2.4472846512578963,-5.810092061649722
E0_repro__ppo__r271828,link_failure,3003,18,31,-1.638066174821053,-1.1541458398200235,-0.30912521805318405,False,False,False,-5.255961010995663,1.5760991637230832,-4.772040675994633
E0_repro__ppo__r271828,link_failure,3003,21,32,-1.5863388630376358,-1.0985155358973324,0.30317981003377376,False,False,False,-7.485680020451402,3.3156136150401228,-6.997856693311098
E0_repro__ppo__r271828,link_failure,3003,24,32,-1.5951106036087708,-1.110242423249931,0.9823517536221599,False,False,False,-7.92692798594918,2.318177164504308,-7.442059805590341
E0_repro__ppo__r271828,link_failure,3003,27,32,-1.3577456286309977,-0.8721331174500399,1.0830458047055505,False,False,False,-7.82028621805107,1.9568914339146048,-7.334673706870112
E0_repro__ppo__r271828,link_failure,3003,30,32,-1.5378558345211655,-1.0414732567642355,0.39400149550077695,False,False,False,-8.605115176451488,-3.0832322051408223,-8.108732598694559
E0_repro__ppo__r271828,link_failure,3003,33,32,-1.8666754611807188,-1.3817959561934468,-0.7859150754036803,False,False,False,-9.571430920910776,-5.131701352012181,-9.086551415923505
E0_repro__ppo__r271828,link_failure,3003,36,52,0.08798955007692286,-1.1687580441002987,0.10502779034224682,False,False,False,-0.17843448252684527,-0.16165850825367847,-8.985521219228184
E0_repro__ppo__r271828,link_failure,3003,39,46,-0.49175348983847833,-0.2749236469820233,0.2816130686600177,False,False,False,2.13129722958614,3.1673814014538983,2.116069635440588
E0_repro__ppo__r271828,link_failure,3003,42,46,0.4819994779051496,0.6658326747749612,0.6658326747749612,False,True,False,3.3415438923549323,3.528633115375725,3.528633115375725
E0_repro__ppo__r271828,link_failure,3003,45,46,-0.15909556536055952,-0.018160116937538127,0.3459994163212059,False,False,False,-1.6766920792402096,3.297747835058541,-1.5356320767581237
E0_repro__ppo__r271828,link_failure,3003,48,46,0.22740469619117515,0.6688386184265529,0.6688386184265529,False,True,False,2.5883022506069797,3.0297361728423575,3.0297361728423575
E0_repro__ppo__r271828,link_failure,3003,51,46,0.5495226274756435,1.0385139137988055,1.157439360238722,False,False,False,2.5738019517909865,3.171119321983884,3.0627932381141485
E0_repro__ppo__r271828,link_failure,3003,54,46,-0.25998430560334435,0.22824091468625662,0.22824091468625662,False,True,False,3.2703228445375983,3.7585480648271994,3.7585480648271994
E0_repro__ppo__r271828,link_failure,3003,57,46,0.21133300793879678,0.7009664371722631,0.7009664371722631,False,True,False,1.0611431985878803,1.5507766278213468,1.5507766278213468
E0_repro__ppo__r271828,deceptive_local_optimum,3001,0,52,1.794398508962507,1.9025832832126246,1.9025832832126246,False,True,False,11.793411632361382,11.064498832235834,11.064498832235834
E0_repro__ppo__r271828,deceptive_local_optimum,3001,3,46,1.8432396894860055,1.999802624679775,1.999802624679775,False,True,False,11.842252812884881,11.491001348677916,11.491001348677916
E0_repro__ppo__r271828,deceptive_local_optimum,3001,6,46,1.772395989342376,1.999802624679775,1.999802624679775,False,True,False,11.771409112741251,11.802430218393253,11.802430218393253
E0_repro__ppo__r271828,deceptive_local_optimum,3001,9,46,1.7923888118946605,1.999802624679775,1.999802624679775,False,True,False,7.092728128397647,7.300141941182762,7.300141941182762
E0_repro__ppo__r271828,deceptive_local_optimum,3001,12,46,0.2537009220802417,0.7557753968564348,0.7557753968564348,False,True,False,4.367381832582619,4.869456307358812,4.869456307358812
E0_repro__ppo__r271828,deceptive_local_optimum,3001,15,46,0.4021259033661728,0.4021259033661728,0.4021259033661728,True,True,True,6.768454818354533,6.768454818354533,6.768454818354533
E0_repro__ppo__r271828,deceptive_local_optimum,3001,18,46,0.33489607811927885,0.8380033858539808,0.8380033858539808,False,True,False,7.913759725074318,8.41686703280902,8.41686703280902
E0_repro__ppo__r271828,deceptive_local_optimum,3001,21,46,0.9308579649302415,1.4306290218594693,1.6475087811872597,False,False,False,7.734258971358685,5.977235802293743,8.234030028287911
E0_repro__ppo__r271828,deceptive_local_optimum,3001,24,46,0.5168640805578124,1.0223173908013048,1.7062044753761552,False,False,False,6.365834568138697,7.54892045064101,6.87128787838219
E0_repro__ppo__r271828,deceptive_local_optimum,3001,27,46,0.07427541534331267,0.5746435207982638,0.5746435207982638,False,True,False,4.804613377843206,5.304981483298157,5.304981483298157
E0_repro__ppo__r271828,deceptive_local_optimum,3001,30,46,0.6978639950556069,1.2005617193250269,1.4012790663352102,False,False,False,0.9291764088105048,6.357182170568411,1.4318741330799247
E0_repro__ppo__r271828,deceptive_local_optimum,3001,33,46,-0.7699272925909417,-0.2666961286360311,0.959656994604717,False,False,False,1.1981758535928873,5.770441437833775,1.701407017547798
E0_repro__ppo__r271828,deceptive_local_optimum,3001,36,46,-0.08543262185167386,0.4136175647769309,0.7714954157175351,False,False,False,4.9622078206140054,5.998008531834034,5.461258007242611
E0_repro__ppo__r271828,deceptive_local_optimum,3001,39,46,0.6110824037770228,1.109318067985143,1.3784876192875763,False,False,False,5.852266258345052,7.218887658201861,6.350501922553172
E0_repro__ppo__r271828,deceptive_local_optimum,3001,42,46,0.32055039867645746,0.8207892615813271,1.1072372797859762,False,False,False,8.986304658855856,8.864856997251822,9.486543521760726
E0_repro__ppo__r271828,deceptive_local_optimum,3001,45,46,1.4967979274797736,2.0025884848219424,2.0025884848219424,False,True,False,11.495811050878649,12.001601608220819,12.001601608220819
E0_repro__ppo__r271828,deceptive_local_optimum,3001,48,46,1.4952703740949342,1.999802624679775,1.999802624679775,False,True,False,11.494283497493809,11.99881574807865,11.99881574807865
E0_repro__ppo__r271828,deceptive_local_optimum,3001,51,46,1.4940644065990416,1.999802624679775,1.999802624679775,False,True,False,10.976299174503879,11.482037392584612,11.482037392584612
E0_repro__ppo__r271828,deceptive_local_optimum,3001,54,46,1.2155147556565065,1.7156985352693386,1.8408213334286632,False,False,False,10.499685007576403,11.497268280313818,10.999868787189234
E0_repro__ppo__r271828,deceptive_local_optimum,3001,57,46,1.4975982282740317,1.999802624679775,1.999802624679775,False,True,False,5.015034872238204,5.517239268643948,5.517239268643948
E0_repro__ppo__r271828,deceptive_local_optimum,3002,0,52,1.794398508962507,1.999802624679775,1.999802624679775,False,True,False,11.793411632361382,10.363904976128287,10.363904976128287
E0_repro__ppo__r271828,deceptive_local_optimum,3002,3,46,1.8470018948719151,1.999802624679775,1.999802624679775,False,True,False,10.553447100565268,9.950818482952306,9.950818482952306
E0_repro__ppo__r271828,deceptive_local_optimum,3002,6,46,1.8223638765321204,1.999802624679775,1.999802624679775,False,True,False,9.465766595231985,9.834629552761395,9.834629552761395
E0_repro__ppo__r271828,deceptive_local_optimum,3002,9,46,0.5449446408404542,0.7317810667986762,1.5940475758266635,False,False,False,9.988940520347226,11.010886566508294,10.175776946305449
E0_repro__ppo__r271828,deceptive_local_optimum,3002,12,46,1.5097848862587648,1.999802624679775,1.999802624679775,False,True,False,10.858889153786647,11.348906892207657,11.348906892207657
E0_repro__ppo__r271828,deceptive_local_optimum,3002,15,46,1.263179593416902,1.7488773480904116,1.841220403840587,False,False,False,9.74773099508719,11.840233527239462,10.2334287497607
E0_repro__ppo__r271828,deceptive_local_optimum,3002,18,46,0.9277800703552832,1.408444465590783,1.8331515004123076,False,False,False,9.149841816069001,10.91723796889228,9.630506211304501
E0_repro__ppo__r271828,deceptive_local_optimum,3002,21,46,1.0464978154147477,1.5409863271567046,1.8380439064843714,False,False,False,9.25172379987153,10.039655960846797,9.746212311613485
E0_repro__ppo__r271828,deceptive_local_optimum,3002,24,46,0.8966667573904707,1.3830509950831016,1.3830509950831016,False,True,False,8.453015644213608,8.939399881906239,8.939399881906239
E0_repro__ppo__r271828,deceptive_local_optimum,3002,27,46,1.0525729945102804,1.548172108775673,1.548172108775673,False,True,False,6.565093608320195,7.060692722585587,7.060692722585587
E0_repro__ppo__r271828,deceptive_local_optimum,3002,30,46,0.3984930327120752,0.8935948699113311,1.468688925761163,False,False,False,7.042256015088634,5.248329247809363,7.53735785228789
E0_repro__ppo__r271828,deceptive_local_optimum,3002,33,46,1.1843044107671037,1.689056747513359,1.795787503137043,False,False,False,6.678812726817543,7.196093493120396,7.183565063563798
E0_repro__ppo__r271828,deceptive_local_optimum,3002,36,46,0.6567943625907431,1.1476111029334959,1.4232158266279766,False,False,False,5.666108529017039,8.797730902943956,6.156925269359792
E0_repro__ppo__r271828,deceptive_local_optimum,3002,39,46,0.7256121684001482,1.2384801680417876,1.3239394785268757,False,False,False,6.756704996579743,6.109009424099802,7.269572996221383
E0_repro__ppo__r271828,deceptive_local_optimum,3002,42,46,1.3103093027024395,1.7961628251116721,1.852674321642061,False,False,False,8.942050047576636,10.60039551563068,9.427903569985869
E0_repro__ppo__r271828,deceptive_local_optimum,3002,45,46,1.503038992904878,1.9930173768016686,1.9930173768016686,False,True,False,9.656121971273935,10.146100355170725,10.146100355170725
E0_repro__ppo__r271828,deceptive_local_optimum,3002,48,46,0.7841847679039393,1.2663078794606992,1.8509778588622408,False,False,False,9.742659599735891,11.849990982261117,10.22478271129265
E0_repro__ppo__r271828,deceptive_local_optimum,3002,51,46,1.5264752128465398,1.999802624679775,1.999802624679775,False,True,False,10.817855595171443,11.291183007004678,11.291183007004678
E0_repro__ppo__r271828,deceptive_local_optimum,3002,54,46,1.5093792844101301,1.999802624679775,1.999802624679775,False,True,False,11.156688824039023,11.647112164308666,11.647112164308666
E0_repro__ppo__r271828,deceptive_local_optimum,3002,57,46,1.5073420948539922,2.0006440046687626,2.0006440046687626,False,True,False,5.489429562878812,5.982731472693583,5.982731472693583
E0_repro__ppo__r271828,deceptive_local_optimum,3003,0,52,1.794398508962507,1.3606242712142085,1.8172556518196497,False,False,False,11.793411632361382,11.816268775218525,7.2692037755603485
E0_repro__ppo__r271828,deceptive_local_optimum,3003,3,46,1.8494125744430716,1.999802624679775,1.999802624679775,False,True,False,9.923111992446787,10.07350204268349,10.07350204268349
E0_repro__ppo__r271828,deceptive_local_optimum,3003,6,46,1.76579457915441,1.677096204908708,1.76579457915441,False,False,True,9.894946600261187,9.894946600261187,6.858781238128978
E0_repro__ppo__r271828,deceptive_local_optimum,3003,9,46,1.7136948759995208,1.905344432392454,1.905344432392454,False,True,False,9.225025297936783,9.416674854329717,9.416674854329717
E0_repro__ppo__r271828,deceptive_local_optimum,3003,12,46,1.4045620834945,1.8961269158114145,1.8961269158114145,False,True,False,8.12708558197972,8.618650414296635,8.618650414296635
E0_repro__ppo__r271828,deceptive_local_optimum,3003,15,46,0.5610161706650432,1.0508040232287896,1.6084373084233146,False,False,False,7.707964979053808,11.01682321071474,8.197752831617555
E0_repro__ppo__r271828,deceptive_local_optimum,3003,18,46,0.9633133773135543,1.4488308592479218,1.8363367797808015,False,False,False,9.73922698151173,11.614280273016375,10.224744463446097
E0_repro__ppo__r271828,deceptive_local_optimum,3003,21,46,1.2258261166019229,1.714441582714968,1.8354618471892727,False,False,False,10.60898210996866,11.21861784055601,11.097597576081705
E0_repro__ppo__r271828,deceptive_local_optimum,3003,24,46,1.5140265884913902,1.999802624679775,1.999802624679775,False,True,False,9.460582799417589,9.946358835605974,9.946358835605974
E0_repro__ppo__r271828,deceptive_local_optimum,3003,27,46,1.512372456141665,1.999802624679775,1.999802624679775,False,True,False,7.906593427379681,8.39402359591779,8.39402359591779
E0_repro__ppo__r271828,deceptive_local_optimum,3003,30,46,0.6184472377294761,1.1156016044995274,1.3473438171184198,False,False,False,8.356448444364696,7.976678366202247,8.85360281113475
E0_repro__ppo__r271828,deceptive_local_optimum,3003,33,46,1.4249735724017418,1.9140436313108127,1.9140436313108127,False,True,False,10.216055737205041,10.705125796114112,10.705125796114112
E0_repro__ppo__r271828,deceptive_local_optimum,3003,36,46,1.5024553469873874,1.999802624679775,1.999802624679775,False,True,False,8.227553718138463,8.72490099583085,8.72490099583085
E0_repro__ppo__r271828,deceptive_local_optimum,3003,39,46,0.03940155204749046,0.5434624770002631,1.0265095072329873,False,False,False,8.139066310574371,10.191184467840833,8.643127235527144
E0_repro__ppo__r271828,deceptive_local_optimum,3003,42,46,1.3422167160789014,1.835868697346543,1.835868697346543,False,True,False,11.044218298020496,11.537870279288137,11.537870279288137
E0_repro__ppo__r271828,deceptive_local_optimum,3003,45,46,1.5127953526503732,1.999802624679775,1.999802624679775,False,True,False,11.449306152303398,11.9363134243328,11.9363134243328
E0_repro__ppo__r271828,deceptive_local_optimum,3003,48,46,1.5157740045906611,1.999802624679775,1.999802624679775,False,True,False,11.514787127989537,11.99881574807865,11.99881574807865
E0_repro__ppo__r271828,deceptive_local_optimum,3003,51,46,1.5135640055791744,1.999802624679775,1.999802624679775,False,True,False,11.51257712897805,11.99881574807865,11.99881574807865
E0_repro__ppo__r271828,deceptive_local_optimum,3003,54,46,1.5134997679675852,1.999802624679775,1.999802624679775,False,True,False,11.50153244041315,11.987835297125342,11.987835297125342
E0_repro__ppo__r271828,deceptive_local_optimum,3003,57,46,1.5183867022424553,1.999802624679775,1.999802624679775,False,True,False,5.507011500648696,5.988427423086016,5.988427423086016
E0_repro__ppo__r271828,ood_double_failure,3001,0,52,1.803854209662389,1.275457178731701,1.8267113525195318,False,False,False,11.081489210795409,11.104346353652552,7.910577950029781
E0_repro__ppo__r271828,ood_double_failure,3001,3,46,1.8409450530103424,1.999802624679775,1.999802624679775,False,True,False,11.839958176409217,11.951276895677745,11.951276895677745
E0_repro__ppo__r271828,ood_double_failure,3001,6,46,1.8275491652428997,1.999802624679775,1.999802624679775,False,True,False,11.814557667498764,10.917525603367313,10.917525603367313
E0_repro__ppo__r271828,ood_double_failure,3001,9,46,1.8246010196303204,1.999802624679775,1.999802624679775,False,True,False,2.8810973106139377,8.447942637717977,8.447942637717977
E0_repro__ppo__r271828,ood_double_failure,3001,12,37,0.5516823824543008,-0.502530121936561,1.3499122803909145,False,False,False,-6.465656156755655,-3.9866674994685867,-14.134094201643327
E0_repro__ppo__r271828,ood_double_failure,3001,15,37,0.8306553041866312,0.8306553041866312,0.8306553041866312,True,True,True,-33.70596758685067,-33.70596758685067,-33.70596758685067
E0_repro__ppo__r271828,ood_double_failure,3001,18,23,-9.270193318913094,-9.270193318913094,-9.270193318913094,True,True,True,-51.3314699334495,-51.3314699334495,-51.3314699334495
E0_repro__ppo__r271828,ood_double_failure,3001,21,28,-8.809840410074525,-8.369555404338268,-8.289524462966124,False,False,False,-54.24921389142482,-52.209949863958585,-53.808928885688566
E0_repro__ppo__r271828,ood_double_failure,3001,24,28,-9.15917399225151,-9.15917399225151,-8.72167199074189,True,False,False,-55.51769594463733,-53.72429603204492,-55.51769594463733
E0_repro__ppo__r271828,ood_double_failure,3001,27,28,-9.268213058600761,-9.268213058600761,-8.96026514868889,True,False,False,-55.15690115951743,-52.36088922278228,-55.15690115951743
E0_repro__ppo__r271828,ood_double_failure,3001,30,28,-8.719917264965337,-8.719917264965337,-8.719917264965337,True,True,True,-57.86927699848225,-57.86927699848225,-57.86927699848225
E0_repro__ppo__r271828,ood_double_failure,3001,33,28,-9.507314728823633,-9.507314728823633,-8.803622874025132,True,False,False,-59.31961562261583,-53.19683715333754,-59.31961562261583
E0_repro__ppo__r271828,ood_double_failure,3001,36,28,-10.160046541896625,-10.160046541896625,-8.969489770431245,True,False,False,-57.33514998388007,-54.68983294746508,-57.33514998388007
E0_repro__ppo__r271828,ood_double_failure,3001,39,28,-9.048130600594327,-9.048130600594327,-9.048130600594327,True,True,True,-28.669154590370518,-28.669154590370518,-28.669154590370518
E0_repro__ppo__r271828,ood_double_failure,3001,42,40,1.316574266451993,-0.023252656391793913,1.316574266451993,False,False,True,6.261517922224298,6.261517922224298,-0.7131289821718853
E0_repro__ppo__r271828,ood_double_failure,3001,45,40,0.9491177299932961,0.9491177299932961,0.9491177299932961,True,True,True,5.641655887940262,5.641655887940262,5.641655887940262
E0_repro__ppo__r271828,ood_double_failure,3001,48,52,1.7775419797608216,0.9096855584027657,1.7775419797608216,False,False,True,7.529194107241997,7.529194107241997,5.445228366213982
E0_repro__ppo__r271828,ood_double_failure,3001,51,46,1.1676332721912337,1.3579469575462826,1.8460121623090906,False,False,False,8.251861467204803,10.443222655957278,8.442175152559852
E0_repro__ppo__r271828,ood_double_failure,3001,54,46,0.44568319438786136,0.9412209528339187,1.3274540190038415,False,False,False,6.1610622353173286,7.990610249442012,6.656599993763386
E0_repro__ppo__r271828,ood_double_failure,3001,57,46,0.9366787709938773,1.4090556121762716,1.4090556121762716,False,True,False,2.9586373942396835,3.4310142354220776,3.4310142354220776
E0_repro__ppo__r271828,ood_double_failure,3002,0,52,1.803854209662389,2.0055508800321924,2.0055508800321924,False,True,False,11.502980389134876,7.760141538674924,7.760141538674924
E0_repro__ppo__r271828,ood_double_failure,3002,3,46,1.8463080132801173,1.999802624679775,1.999802624679775,False,True,False,8.418306168076867,8.322347681759958,8.322347681759958
E0_repro__ppo__r271828,ood_double_failure,3002,6,46,1.8213529595505888,1.1767687270626757,1.8213529595505888,False,False,True,11.601743801936864,11.601743801936864,8.628071115268172
E0_repro__ppo__r271828,ood_double_failure,3002,9,46,1.6462573559593485,1.8259582625480133,1.8337613706164557,False,False,False,10.07669381075769,11.751189887230014,11.187208370675656
E0_repro__ppo__r271828,ood_double_failure,3002,12,37,1.8193612562367254,1.999802624679775,1.999802624679775,False,True,False,1.289918353321591,-0.6061331373442189,-0.6061331373442189
E0_repro__ppo__r271828,ood_double_failure,3002,15,37,1.999802624679775,1.999802624679775,1.999802624679775,True,True,True,-29.693378962339366,-29.693378962339366,-29.693378962339366
E0_repro__ppo__r271828,ood_double_failure,3002,18,26,-8.598517908093987,-8.598517908093987,-8.055026127691177,True,False,False,-52.46983515333072,-51.92752858821376,-52.46983515333072
E0_repro__ppo__r271828,ood_double_failure,3002,21,28,-8.502964845707911,-8.502964845707911,-8.372265858232065,True,False,False,-52.36346188777109,-51.8205679757571,-52.36346188777109
E0_repro__ppo__r271828,ood_double_failure,3002,24,28,-9.071239184206327,-9.071239184206327,-9.071239184206327,True,True,True,-50.39946883584546,-50.39946883584546,-50.39946883584546
E0_repro__ppo__r271828,ood_double_failure,3002,27,28,-8.481778749475144,-8.481778749475144,-8.481778749475144,True,True,True,-50.694031180790084,-50.694031180790084,-50.694031180790084
E0_repro__ppo__r271828,ood_double_failure,3002,30,28,-8.738032458957175,-8.738032458957175,-8.738032458957175,True,True,True,-52.031592471624705,-52.031592471624705,-52.031592471624705
E0_repro__ppo__r271828,ood_double_failure,3002,33,28,-8.297703515729413,-8.297703515729413,-8.297703515729413,True,True,True,-53.49412505592538,-53.49412505592538,-53.49412505592538
E0_repro__ppo__r271828,ood_double_failure,3002,36,28,-9.147927603807648,-9.147927603807648,-9.147927603807648,True,True,True,-53.894599104178994,-53.894599104178994,-53.894599104178994
E0_repro__ppo__r271828,ood_double_failure,3002,39,28,-8.547067761776244,-8.547067761776244,-8.547067761776244,True,True,True,-28.918027419552775,-28.918027419552775,-28.918027419552775
E0_repro__ppo__r271828,ood_double_failure,3002,42,40,0.8504277156602762,-0.31061372435115103,0.8504277156602762,False,False,True,2.67474002069489,2.67474002069489,-6.3656817103263
E0_repro__ppo__r271828,ood_double_failure,3002,45,40,0.8114926776094773,0.8114926776094773,0.8114926776094773,True,True,True,4.211877678892226,4.211877678892226,4.211877678892226
E0_repro__ppo__r271828,ood_double_failure,3002,48,52,1.362763647010381,0.7701124034438792,1.362763647010381,False,False,True,9.119088452612843,9.119088452612843,6.285800984558639
E0_repro__ppo__r271828,ood_double_failure,3002,51,46,1.1671084035687305,1.3393668160156018,1.8239371757449614,False,False,False,6.555701658022031,9.620549329638266,6.727960070468902
E0_repro__ppo__r271828,ood_double_failure,3002,54,46,0.7771016878158861,1.2703448863899716,1.6088437530717445,False,False,False,7.262240740238463,9.064779707173276,7.7554839388125485
E0_repro__ppo__r271828,ood_double_failure,3002,57,46,1.2772428603847248,1.4588333878327144,1.4936259038284203,False,False,False,4.276136788992365,5.27994398983931,4.457727316440355
E0_repro__ppo__r271828,ood_double_failure,3003,0,52,1.6134570683467806,0.6659663154357138,1.6363142112039233,False,False,False,9.630342785321734,9.653199928178875,1.5045276414565703
E0_repro__ppo__r271828,ood_double_failure,3003,3,46,1.6268423451346608,1.777363534329048,1.8320279920656541,False,False,False,6.52464259073415,10.273341492708145,6.675163779928536
E0_repro__ppo__r271828,ood_double_failure,3003,6,46,1.1056931348674635,1.0922103447740852,1.1056931348674635,False,False,True,7.6126328557146286,7.6126328557146286,3.562471462189147
E0_repro__ppo__r271828,ood_double_failure,3003,9,46,1.302729040168098,1.4845179660194932,1.5478960996435742,False,False,False,3.8349938438521765,7.780282983187686,7.61184574341439
E0_repro__ppo__r271828,ood_double_failure,3003,12,37,0.7985046009076721,-0.006644036176160301,0.9458064234066054,False,False,False,-1.411298537371556,-1.1348951235852107,-6.534947191402784
E0_repro__ppo__r271828,ood_double_failure,3003,15,37,1.5628002260890361,1.5628002260890361,1.5628002260890361,True,True,True,-29.586075575229817,-29.586075575229817,-29.586075575229817
E0_repro__ppo__r271828,ood_double_failure,3003,18,26,-8.466626048093806,-8.466626048093806,-8.431528994619196,True,False,False,-49.446403117793565,-49.338311646051544,-49.446403117793565
E0_repro__ppo__r271828,ood_double_failure,3003,21,28,-8.394645680362379,-8.394645680362379,-8.173219186842795,True,False,False,-49.52757770856137,-48.992579927649224,-49.52757770856137
E0_repro__ppo__r271828,ood_double_failure,3003,24,28,-8.637703093162528,-8.637703093162528,-8.145919003340179,True,False,False,-50.34201862047906,-49.81496253298954,-50.34201862047906
E0_repro__ppo__r271828,ood_double_failure,3003,27,28,-7.978040847774668,-7.978040847774668,-7.978040847774668,True,True,True,-51.464162782628925,-51.464162782628925,-51.464162782628925
E0_repro__ppo__r271828,ood_double_failure,3003,30,28,-8.827422060934605,-8.827422060934605,-8.33112065499178,True,False,False,-52.12830521382685,-51.30101762212613,-52.12830521382685
E0_repro__ppo__r271828,ood_double_failure,3003,33,28,-8.751047769388137,-8.751047769388137,-8.751047769388137,True,True,True,-53.04640147070779,-53.04640147070779,-53.04640147070779
E0_repro__ppo__r271828,ood_double_failure,3003,36,28,-9.209359060627808,-9.209359060627808,-9.209359060627808,True,True,True,-52.74717703289026,-52.74717703289026,-52.74717703289026
E0_repro__ppo__r271828,ood_double_failure,3003,39,28,-8.815940478665825,-8.815940478665825,-8.584933976563464,True,False,False,-21.820160658854203,-21.16393868662424,-21.820160658854203
E0_repro__ppo__r271828,ood_double_failure,3003,42,43,0.9157115749052804,1.097655325399976,1.7954443184096518,False,False,False,6.914031038659595,10.090791944474399,5.394867932156214
E0_repro__ppo__r271828,ood_double_failure,3003,45,40,0.7780659408726456,0.7780659408726456,1.660271980263945,True,False,False,5.450641990044988,7.287626046427454,5.450641990044988
E0_repro__ppo__r271828,ood_double_failure,3003,48,52,0.8460461728790819,1.0640116956348398,1.3420508524493864,False,False,False,5.174186093074575,9.010122068564206,5.392151615830333
E0_repro__ppo__r271828,ood_double_failure,3003,51,46,1.150908756370087,1.3387493817988199,1.849100476928774,False,False,False,8.67762482164561,11.311128112854716,8.865465447074342
E0_repro__ppo__r271828,ood_double_failure,3003,54,46,0.9930004182807477,1.4808319081214356,1.752527350700781,False,False,False,8.96864528145267,11.438369030278917,9.456476771293357
E0_repro__ppo__r271828,ood_double_failure,3003,57,46,1.6194408831816134,1.7966003222790787,1.8459012858089525,False,False,False,4.292219102564006,5.845506535168503,4.469378541661472
E0_repro__ppo__r271828,overload_stress,3001,0,49,-1.437881900110289,-1.9896327059994559,-0.9595066286492648,False,False,False,-9.92614043958828,-6.853014421631532,-13.539656175942017
E0_repro__ppo__r271828,overload_stress,3001,3,43,-1.6831742135687915,-1.8243735352938109,-1.4912206771401006,False,False,False,-7.531957465627969,-2.5163796946017727,-8.939984035177098
E0_repro__ppo__r271828,overload_stress,3001,6,46,0.24410062013190756,-1.1099536414911806,0.24410062013190756,False,False,True,0.05782881867702668,0.05782881867702668,-7.493333121319403
E0_repro__ppo__r271828,overload_stress,3001,9,46,0.43557260020544053,0.6213571685540801,0.6826529060418272,False,False,False,-5.634205340473483,-5.368650595478269,-5.448420772649047
E0_repro__ppo__r271828,overload_stress,3001,12,46,-2.063052131729791,-1.5590829441068819,-1.5590829441068819,False,True,False,-13.21227911222603,-13.641155990398138,-13.641155990398138
E0_repro__ppo__r271828,overload_stress,3001,15,46,-3.178873612501244,-2.67032920677864,-2.67032920677864,False,True,False,-12.591066705485806,-10.784711060587437,-10.784711060587437
E0_repro__ppo__r271828,overload_stress,3001,18,39,-1.9839792706446362,-1.720936390112998,-1.6852138107045207,False,False,False,-8.727391261784526,-5.080332419451544,-9.065688803070163
E0_repro__ppo__r271828,overload_stress,3001,21,46,-1.4520645687248264,-0.9623153963533999,-0.701382215052158,False,False,False,-13.967923546434832,-7.138898769049141,-11.177532392643677
E0_repro__ppo__r271828,overload_stress,3001,24,45,-2.823964593831705,-2.941244436637842,-1.5490240969288989,False,False,False,-15.499859362660045,-11.892265931986078,-16.314882956097865
E0_repro__ppo__r271828,overload_stress,3001,27,41,-4.442551345983847,-3.3779175063299323,-2.857732638438457,False,False,False,-22.75317899028635,-13.623040645018,-17.651193467812575
E0_repro__ppo__r271828,overload_stress,3001,30,43,-3.363220986268773,-2.8649023705044203,-2.310990857382313,False,False,False,-22.7807548541867,-17.791257742010917,-22.575331003768692
E0_repro__ppo__r271828,overload_stress,3001,33,45,-4.82728397980291,-3.4695158709195826,-2.9374113389110996,False,False,False,-27.975935359575033,-21.69107661633234,-24.29529805878983
E0_repro__ppo__r271828,overload_stress,3001,36,40,-4.350838642202568,-4.197866997350808,-3.417925583796044,False,False,False,-18.016827929088034,-16.88783920373054,-19.382411398141606
E0_repro__ppo__r271828,overload_stress,3001,39,40,-4.261596971386784,-3.6417492025536853,-2.7370376279669326,False,False,False,-19.20008455179976,-14.438362057368831,-16.257833367039904
E0_repro__ppo__r271828,overload_stress,3001,42,41,-2.6528122520778923,-2.1561643034653857,-2.085274505250598,False,False,False,-18.011448395685132,-16.506729704570166,-18.441594182786115
E0_repro__ppo__r271828,overload_stress,3001,45,39,-3.7191538296751134,-3.332921352363321,-2.982611934758032,False,False,False,-11.135563720118725,-9.548953764060542,-10.593906365771593
E0_repro__ppo__r271828,overload_stress,3002,0,49,-1.9927746008541962,-2.0644378261136804,0.09586241558712091,False,False,False,-8.54817787742043,-3.591255787415201,-12.400619377038652
E0_repro__ppo__r271828,overload_stress,3002,3,46,-0.31543700340326847,-0.6558741510437849,-0.31543700340326847,False,False,True,-12.562895064834889,-12.562895064834889,-14.752701650297425
E0_repro__ppo__r271828,overload_stress,3002,6,43,-0.8497523619443368,-2.7493849180461685,-0.8497523619443368,False,False,True,-8.030234089823145,-8.030234089823145,-14.296270719376807
E0_repro__ppo__r271828,overload_stress,3002,9,46,-2.9517472808877017,-1.8068665534875084,-1.1560092458722138,False,False,False,-7.971082654232066,-1.362735895735444,-6.136034921887536
E0_repro__ppo__r271828,overload_stress,3002,12,46,-0.7098422514553739,-0.21556511085364777,0.2128293938901581,False,False,False,-6.474704848931427,0.33737043799414607,-6.230242043259705
E0_repro__ppo__r271828,overload_stress,3002,15,46,-2.115371944366606,-1.6295310282510067,-0.09708366687223181,False,False,False,-14.34076044219253,-4.392537560971864,-11.618510400369397
E0_repro__ppo__r271828,overload_stress,3002,18,44,-2.5491157174900736,-2.165306923663295,-1.0993481652945656,False,False,False,-14.631791916433208,-9.690806607073814,-17.505046105931203
E0_repro__ppo__r271828,overload_stress,3002,21,41,-4.005313768795002,-2.3517938460641696,-1.7152333323359803,False,False,False,-18.35747684427531,-10.22016771081612,-12.033506350384902
E0_repro__ppo__r271828,overload_stress,3002,24,40,-2.492376245111071,-2.5296116537498268,-2.1587568467104727,False,False,False,-11.561868904646671,-11.225540008543751,-13.961725164023417
E0_repro__ppo__r271828,overload_stress,3002,27,42,-3.3502701619133317,-1.901511366815993,-1.8602222319936386,False,False,False,-14.71705826505133,-13.04099162502901,-11.725242510856924
E0_repro__ppo__r271828,overload_stress,3002,30,42,-2.5710954565721122,-2.327529721753101,-2.025159454422926,False,False,False,-13.706700661632256,-14.553235541886833,-14.760773635889745
E0_repro__ppo__r271828,overload_stress,3002,33,45,-2.958347310904938,-1.8352830912997071,-1.49449157145759,False,False,False,-23.058543138039127,-20.24218707267476,-19.115257451850614
E0_repro__ppo__r271828,overload_stress,3002,36,43,-4.145203720486902,-3.5928565337297345,-3.138176819409419,False,False,False,-18.307452246305964,-14.83660651514879,-19.06947464658663
E0_repro__ppo__r271828,overload_stress,3002,39,39,-2.570095105191498,-2.056619021417568,-2.056619021417568,False,True,False,-18.283415253221513,-15.47779529632126,-15.47779529632126
E0_repro__ppo__r271828,overload_stress,3002,42,41,-2.5644976595174214,-2.086067640441444,-2.086067640441444,False,True,False,-18.428073679369238,-19.92488026175796,-19.92488026175796
E0_repro__ppo__r271828,overload_stress,3002,45,41,-4.76528417421435,-3.650172311417093,-3.2096431079470404,False,False,False,-13.088857537874,-9.196071579175406,-10.606805554150057
E0_repro__ppo__r271828,overload_stress,3003,0,49,-2.2138647592942813,-2.702710203458543,-1.9050733842626988,False,False,False,-11.856487691333387,-11.647161067662935,-17.059065495527477
E0_repro__ppo__r271828,overload_stress,3003,3,43,-1.9839902813548933,-2.1165884710021916,-1.0760616821483293,False,False,False,-16.523331339041757,-11.31517906649344,-17.607799953593304
E0_repro__ppo__r271828,overload_stress,3003,6,43,-3.141208213797043,-3.2761092837097974,-2.5832339042836794,False,False,False,-12.759990655630693,-11.450712163125186,-18.374316905643337
E0_repro__ppo__r271828,overload_stress,3003,9,42,-1.8274802191925807,-1.631984704482546,-1.631984704482546,False,True,False,-11.62204547139399,-11.533142925453157,-11.533142925453157
E0_repro__ppo__r271828,overload_stress,3003,12,40,-2.65123156599834,-2.155977330470258,-1.819343783258351,False,False,False,-15.266029646709098,-7.027386430594103,-13.351198927597197
E0_repro__ppo__r271828,overload_stress,3003,15,41,-3.1807646068954933,-3.189603949635641,-1.6845745413079851,False,False,False,-13.35368978556388,-5.135615963684428,-13.881775010070811
E0_repro__ppo__r271828,overload_stress,3003,18,45,-2.8762810720251117,-2.1254344430472245,-1.0395598580600929,False,False,False,-10.811863893845382,-1.4967921907676125,-8.251180175908072
E0_repro__ppo__r271828,overload_stress,3003,21,43,-1.9820464680842877,-2.2536726793206565,-0.8632914536006931,False,False,False,-5.3188356314632115,-2.8693348504634826,-9.0266487186268
E0_repro__ppo__r271828,overload_stress,3003,24,45,-1.6495474109480197,-0.6451763064162711,-0.5060439798000647,False,False,False,-12.668944966510267,-5.682407184458096,-7.076411088260108
E0_repro__ppo__r271828,overload_stress,3003,27,45,-0.7989968265521654,-1.1596233693435245,-0.3156921667860578,False,False,False,-11.97677293107423,-8.389298948558297,-16.481867632828127
E0_repro__ppo__r271828,overload_stress,3003,30,45,-3.821677492080276,-2.5166411297255467,-2.020270295043666,False,False,False,-18.16460808294953,-9.874279058161695,-13.569581958909183
E0_repro__ppo__r271828,overload_stress,3003,33,44,-2.922427283994668,-2.437702267021319,-1.9279377867811482,False,False,False,-11.827781577183686,-9.856501011829387,-12.120391459775684
E0_repro__ppo__r271828,overload_stress,3003,36,42,-3.717322884715834,-2.148759390605568,-1.8100774068229692,False,False,False,-19.64579015533504,-12.210152540596273,-13.188057229371399
E0_repro__ppo__r271828,overload_stress,3003,39,45,-3.2972032239593676,-3.482351596456102,-2.7133079606132378,False,False,False,-13.83318922469816,-14.08212630074259,-17.752944334397935
E0_repro__ppo__r271828,overload_stress,3003,42,43,-3.5309653121946596,-1.863647165921759,-1.863647165921759,False,True,False,-15.916500483006928,-10.987232005325797,-10.987232005325797
E0_repro__ppo__r271828,overload_stress,3003,45,43,-2.2653625873289305,-2.810690688036138,-1.94807638669278,False,False,False,-6.160476634591543,-5.285322282807199,-8.11357296117458
