run_id,scenario,seed,step,n_legal,r_policy,r_noop,r_best,policy_is_noop,best_is_noop,agree_top1,g6_policy,g6_myopic_best,g6_noop
E0_repro__ppo__r314159,full_day,3001,0,49,-0.4723869617552654,-0.5464733187283893,-0.31874410038499423,False,False,False,-1.0990301795657096,-2.4313954446256485,-2.7325676035152893
E0_repro__ppo__r314159,full_day,3001,3,45,-1.2340775815086318,-0.522137169613479,-0.2461239426321022,False,False,False,0.3189397103424768,-0.2130939879534196,-0.640529536008885
E0_repro__ppo__r314159,full_day,3001,6,46,-0.03334625268011151,0.1345949865920304,0.1345949865920304,False,True,False,2.8716119523258903,3.039553191598032,3.039553191598032
E0_repro__ppo__r314159,full_day,3001,9,46,1.3013142196773808,1.7563078684169686,1.7563078684169686,False,True,False,-1.3697550027235468,-0.914761353983959,-0.914761353983959
E0_repro__ppo__r314159,full_day,3001,12,52,-1.3907384175460875,-0.9386125773757129,-0.7913923443043116,False,False,False,-6.928790666047591,-4.861761757126088,-6.476664825877216
E0_repro__ppo__r314159,full_day,3001,15,46,-1.4420864735996723,-0.9910445655576603,-0.7830788477422933,False,False,False,-2.6578086205991127,-0.5866327845209809,-2.2067667125571004
E0_repro__ppo__r314159,full_day,3001,18,52,-0.983938363440843,-0.5232950294598421,-0.2653510285739241,False,False,False,1.4289784970361898,2.8019553527184873,1.8896218310171906
E0_repro__ppo__r314159,full_day,3001,21,52,-0.6294431205982234,-0.175170247522621,-0.175170247522621,False,True,False,1.4801419292140945,1.9344148022896968,1.9344148022896968
E0_repro__ppo__r314159,full_day,3001,24,52,0.41067341684383846,0.8664767092312575,0.8664767092312575,False,True,False,0.45306775851676545,0.9088710509041845,0.9088710509041845
E0_repro__ppo__r314159,full_day,3001,27,51,-1.2504167723041846,-0.8030442012433424,-0.8030442012433424,False,True,False,-2.609153381287714,-2.1617808102268716,-2.1617808102268716
E0_repro__ppo__r314159,full_day,3001,30,52,-1.307460037404064,-0.8471362012363021,-0.8471362012363021,False,True,False,-6.02199805273348,-5.561674216565717,-5.561674216565717
E0_repro__ppo__r314159,full_day,3001,33,52,-0.985621077705843,-0.5329114815538325,-0.1333745321200549,False,False,False,-5.282886425371528,-3.538722788117455,-4.830176829219518
E0_repro__ppo__r314159,full_day,3001,36,51,-0.7313077781346495,-0.2802495435621479,-0.12852743936949057,False,False,False,-3.2107553503406843,-2.162043368035358,-2.7596971157681827
E0_repro__ppo__r314159,full_day,3001,39,51,-0.790613886094989,-0.33003338877859845,-0.30700636502630557,False,False,False,-2.256612220848734,-1.6990432128020783,-1.7960317235323435
E0_repro__ppo__r314159,full_day,3001,42,52,-0.5176962762365402,-0.07140205042077086,-0.07140205042077086,False,True,False,-1.2183567491437637,-0.7720625233279944,-0.7720625233279944
E0_repro__ppo__r314159,full_day,3001,45,52,0.09487189570894011,0.5496149872228562,0.5496149872228562,False,True,False,-0.9123381076525627,-0.4575950161386466,-0.4575950161386466
E0_repro__ppo__r314159,full_day,3001,48,51,-0.6547192535578394,-0.19295379254995762,-0.04031140386625832,False,False,False,1.7600519390711238,3.1399388952515035,2.2218174000790056
E0_repro__ppo__r314159,full_day,3001,51,52,1.1519312358063067,1.6049718717425938,1.6049718717425938,False,True,False,4.073773348237383,4.52681398417367,4.52681398417367
E0_repro__ppo__r314159,full_day,3001,54,51,-0.24399992123782738,0.2109247492946528,0.2109247492946528,False,True,False,5.787375638747862,6.242300309280341,6.242300309280341
E0_repro__ppo__r314159,full_day,3001,57,52,0.7565738656133036,1.2172569654601981,1.2172569654601981,False,True,False,5.700611801489298,6.161294901336192,6.161294901336192
E0_repro__ppo__r314159,full_day,3001,60,52,0.08480666375164864,0.5528901231928031,0.5528901231928031,False,True,False,5.277433273849143,5.745516733290297,5.745516733290297
E0_repro__ppo__r314159,full_day,3001,63,52,0.3416605274271883,0.8024443835067955,0.8024443835067955,False,True,False,5.579536318882912,6.0403201749625195,6.0403201749625195
E0_repro__ppo__r314159,full_day,3001,66,52,0.4437813398220441,0.9069952672374731,0.9561970777403271,False,False,False,5.084678906029825,5.702982174150783,5.547892833445254
E0_repro__ppo__r314159,full_day,3001,69,52,0.26962541624771236,0.7233330259722918,0.7233330259722918,False,True,False,6.774683554006371,7.228391163730951,7.228391163730951
E0_repro__ppo__r314159,full_day,3001,72,52,0.4291178260213458,0.9075077538275663,0.9075077538275663,False,True,False,6.921947094109163,7.400337021915384,7.400337021915384
E0_repro__ppo__r314159,full_day,3001,75,52,0.40467804128576784,0.8835915088541094,0.8835915088541094,False,True,False,6.932194300365078,7.411107767933419,7.411107767933419
E0_repro__ppo__r314159,full_day,3001,78,52,0.4619773314900933,0.9375700290043811,0.9375700290043811,False,True,False,9.370877950217674,9.84647064773196,9.84647064773196
E0_repro__ppo__r314159,full_day,3001,81,52,1.5325138534824996,1.999802624679775,1.999802624679775,False,True,False,11.531526976881375,11.99881574807865,11.99881574807865
E0_repro__ppo__r314159,full_day,3001,84,52,1.5285426939712838,1.999802624679775,1.999802624679775,False,True,False,11.527555817370159,11.99881574807865,11.99881574807865
E0_repro__ppo__r314159,full_day,3001,87,52,1.5145546176077314,1.999802624679775,1.999802624679775,False,True,False,11.513567741006607,11.99881574807865,11.99881574807865
E0_repro__ppo__r314159,full_day,3001,90,52,1.5314895392465202,1.999802624679775,1.999802624679775,False,True,False,11.530502662645397,11.99881574807865,11.99881574807865
E0_repro__ppo__r314159,full_day,3001,93,52,1.5360908905058115,1.999802624679775,1.999802624679775,False,True,False,11.535104013904688,11.99881574807865,11.99881574807865
E0_repro__ppo__r314159,full_day,3001,96,52,1.5076784436094293,1.999802624679775,1.999802624679775,False,True,False,11.506691567008305,11.99881574807865,11.99881574807865
E0_repro__ppo__r314159,full_day,3001,99,52,1.5324852005770713,1.999802624679775,1.999802624679775,False,True,False,11.531498323975947,11.99881574807865,11.99881574807865
E0_repro__ppo__r314159,full_day,3001,102,52,1.5126094041214206,1.999802624679775,1.999802624679775,False,True,False,11.511622527520297,11.99881574807865,11.99881574807865
E0_repro__ppo__r314159,full_day,3001,105,52,1.5060262430156466,1.999802624679775,1.999802624679775,False,True,False,11.505039366414522,11.99881574807865,11.99881574807865
E0_repro__ppo__r314159,full_day,3001,108,52,1.516530748395482,1.999802624679775,1.999802624679775,False,True,False,11.515543871794357,11.99881574807865,11.99881574807865
E0_repro__ppo__r314159,full_day,3001,111,52,1.5106774793995474,1.999802624679775,1.999802624679775,False,True,False,11.509690602798424,11.99881574807865,11.99881574807865
E0_repro__ppo__r314159,full_day,3001,114,52,1.5125530457935459,1.999802624679775,1.999802624679775,False,True,False,11.511566169192422,11.99881574807865,11.99881574807865
E0_repro__ppo__r314159,full_day,3001,117,52,1.5242945531919498,1.999802624679775,1.999802624679775,False,True,False,11.523307676590825,11.99881574807865,11.99881574807865
E0_repro__ppo__r314159,full_day,3001,120,52,1.5181512183210455,1.999802624679775,1.999802624679775,False,True,False,11.517164341719921,11.99881574807865,11.99881574807865
E0_repro__ppo__r314159,full_day,3001,123,52,1.5040905525922184,1.999802624679775,1.999802624679775,False,True,False,11.503103675991094,11.99881574807865,11.99881574807865
E0_repro__ppo__r314159,full_day,3001,126,52,1.5161442835298273,1.999802624679775,1.999802624679775,False,True,False,11.515157406928703,11.99881574807865,11.99881574807865
E0_repro__ppo__r314159,full_day,3001,129,52,1.51992964343357,1.999802624679775,1.999802624679775,False,True,False,11.518942766832446,11.99881574807865,11.99881574807865
E0_repro__ppo__r314159,full_day,3001,132,52,1.5279746595573998,1.999802624679775,1.999802624679775,False,True,False,11.514538439035784,11.986366404158158,11.986366404158158
E0_repro__ppo__r314159,full_day,3001,135,52,1.5283435273947787,1.999802624679775,1.999802624679775,False,True,False,11.514907306873162,11.986366404158158,11.986366404158158
E0_repro__ppo__r314159,full_day,3001,138,52,1.5432475340085414,1.999802624679775,1.999802624679775,False,True,False,11.502639865225435,11.959194955896669,11.959194955896669
E0_repro__ppo__r314159,full_day,3001,141,52,1.5309938877507536,1.999802624679775,1.999802624679775,False,True,False,11.490386218967647,11.959194955896669,11.959194955896669
E0_repro__ppo__r314159,full_day,3001,144,52,1.5447452257802128,1.999802624679775,1.999802624679775,False,True,False,11.543758349179088,11.99881574807865,11.99881574807865
E0_repro__ppo__r314159,full_day,3001,147,52,1.5454052736203827,1.999802624679775,1.999802624679775,False,True,False,11.544418397019259,11.99881574807865,11.99881574807865
E0_repro__ppo__r314159,full_day,3001,150,52,1.5431798536300914,1.999802624679775,1.999802624679775,False,True,False,11.40720204923155,11.863824820281234,11.863824820281234
E0_repro__ppo__r314159,full_day,3001,153,52,1.5474619535971694,1.999802624679775,1.999802624679775,False,True,False,11.411484149198628,11.863824820281234,11.863824820281234
E0_repro__ppo__r314159,full_day,3001,156,52,1.5379694318574817,1.999802624679775,1.999802624679775,False,True,False,11.536982555256357,11.99881574807865,11.99881574807865
E0_repro__ppo__r314159,full_day,3001,159,52,1.510950488636707,1.999802624679775,1.999802624679775,False,True,False,10.428588938913673,10.917441074956741,10.917441074956741
E0_repro__ppo__r314159,full_day,3001,162,52,1.5292550631565354,1.999802624679775,1.999802624679775,False,True,False,10.263937833194326,10.734485394717565,10.734485394717565
E0_repro__ppo__r314159,full_day,3001,165,52,1.412855298540473,1.8949064418312602,1.8949064418312602,False,True,False,10.701736120630725,11.183787263921513,11.183787263921513
E0_repro__ppo__r314159,full_day,3001,168,52,0.9054084776857163,1.3677298207618134,1.3677298207618134,False,True,False,10.904421601084591,11.36674294416069,11.36674294416069
E0_repro__ppo__r314159,full_day,3001,171,52,1.5253923170982904,1.999802624679775,1.999802624679775,False,True,False,11.524405440497166,11.99881574807865,11.99881574807865
E0_repro__ppo__r314159,full_day,3001,174,52,1.511136038418419,1.999802624679775,1.999802624679775,False,True,False,11.487147121601769,11.99881574807865,11.99881574807865
E0_repro__ppo__r314159,full_day,3001,177,52,1.5222986268987628,1.999802624679775,1.999802624679775,False,True,False,11.128038623652472,11.582540581217959,11.582540581217959
E0_repro__ppo__r314159,full_day,3001,180,52,1.5249228291833028,1.999802624679775,1.999802624679775,False,True,False,9.192732481764969,9.66761227726144,9.66761227726144
E0_repro__ppo__r314159,full_day,3001,183,52,1.3100897161360252,1.7903117930949701,1.7903117930949701,False,True,False,8.55190113817198,9.032123215130925,9.032123215130925
E0_repro__ppo__r314159,full_day,3001,186,52,1.5172716101045445,1.999802624679775,1.999802624679775,False,True,False,10.487522544727737,10.970053559302967,10.970053559302967
E0_repro__ppo__r314159,full_day,3001,189,52,1.5266670353424736,1.999802624679775,1.999802624679775,False,True,False,11.21985676353238,11.692992352869682,11.692992352869682
E0_repro__ppo__r314159,full_day,3001,192,52,1.2300328328295418,1.6939792294708074,1.6939792294708074,False,True,False,11.229045956228417,11.692992352869682,11.692992352869682
E0_repro__ppo__r314159,full_day,3001,195,52,1.528602530148997,1.999802624679775,1.999802624679775,False,True,False,11.146351492348435,11.617551586879213,11.617551586879213
E0_repro__ppo__r314159,full_day,3001,198,52,1.5248643321745186,1.999802624679775,1.999802624679775,False,True,False,9.81856145156055,10.293499744065807,10.293499744065807
E0_repro__ppo__r314159,full_day,3001,201,52,0.8549006282662281,1.3195020671412725,1.3195020671412725,False,True,False,10.2101624663902,10.674763905265245,10.674763905265245
E0_repro__ppo__r314159,full_day,3001,204,52,1.532808982946473,1.999802624679775,1.999802624679775,False,True,False,8.631239019030286,9.098232660763587,9.098232660763587
E0_repro__ppo__r314159,full_day,3001,207,52,0.40405767554655597,0.871612725333885,0.871612725333885,False,True,False,8.035834162176364,8.503389211963693,8.503389211963693
E0_repro__ppo__r314159,full_day,3001,210,52,1.2041097425895717,1.6787055547533398,1.6787055547533398,False,True,False,10.642298886669167,11.116894698832935,11.116894698832935
E0_repro__ppo__r314159,full_day,3001,213,52,1.5120900030747233,1.999802624679775,1.999802624679775,False,True,False,8.119184784398366,8.606897406003418,8.606897406003418
E0_repro__ppo__r314159,full_day,3001,216,52,0.3772802388896715,0.8400603396088104,1.6032576322955117,False,False,False,7.405945542042087,9.501837379461843,8.074152748674047
E0_repro__ppo__r314159,full_day,3001,219,52,0.7918117377506293,1.2672311619969263,1.2672311619969263,False,True,False,10.165381564732435,10.43537388306591,10.43537388306591
E0_repro__ppo__r314159,full_day,3001,222,52,1.346439297155042,1.825577165256748,1.825577165256748,False,True,False,9.826233902531353,10.305371770633059,10.305371770633059
E0_repro__ppo__r314159,full_day,3001,225,52,1.2200792504826505,1.6788466846430878,1.6788466846430878,False,True,False,9.093003945751839,9.056493031500219,9.056493031500219
E0_repro__ppo__r314159,full_day,3001,228,52,0.8636069870086334,1.3225040670294683,1.3225040670294683,False,True,False,6.65161283294292,7.877465996937259,7.877465996937259
E0_repro__ppo__r314159,full_day,3001,231,52,0.65048087040974,0.9322245463141154,1.553604999711295,False,False,False,4.704656777482334,0.37867911800571474,4.909856023730673
E0_repro__ppo__r314159,full_day,3001,234,52,0.9494187391752522,1.4270597709258095,1.4270597709258095,False,True,False,3.66280472181212,4.140113821301483,4.140113821301483
E0_repro__ppo__r314159,full_day,3001,237,52,0.04059250732466013,0.5161295723728015,0.5161295723728015,False,True,False,3.9222604095472784,4.397898829062105,4.397898829062105
E0_repro__ppo__r314159,full_day,3001,240,52,1.2977660002218132,1.7712616947219033,1.7712616947219033,False,True,False,3.1947779068653306,3.668273601386346,3.668273601386346
E0_repro__ppo__r314159,full_day,3001,243,52,-0.4853336596204149,-0.014975306143385592,0.25558999484928335,False,False,False,0.36601748226788966,6.485045463791011,0.8363758356544329
E0_repro__ppo__r314159,full_day,3001,246,52,-0.6127272472449262,-0.14519248128664944,1.1832790248336884,False,False,False,0.35275359274830975,1.5326189806229338,0.8202883587970726
E0_repro__ppo__r314159,full_day,3001,249,52,-0.4856322291694676,-0.012643702166263367,-0.012643702166263367,False,True,False,3.424336258065024,3.897324785068228,3.897324785068228
E0_repro__ppo__r314159,full_day,3001,252,52,1.004043339133961,1.4735641582605918,1.4735641582605918,False,True,False,4.9524030608577245,5.424920532532959,5.424920532532959
E0_repro__ppo__r314159,full_day,3001,255,52,0.39869523779264876,0.8648877160597824,0.8648877160597824,False,True,False,5.560630012651963,6.026837549474617,6.026837549474617
E0_repro__ppo__r314159,full_day,3001,258,52,0.6571640111882358,1.1520684152089282,1.1520684152089282,False,True,False,3.503291013311249,3.9981954173319414,3.9981954173319414
E0_repro__ppo__r314159,full_day,3001,261,52,0.3917408896725774,0.850330558582297,0.850330558582297,False,True,False,0.39466726458796036,0.8527211632345798,0.8527211632345798
E0_repro__ppo__r314159,full_day,3001,264,52,-0.2708720600295228,0.19639952641934597,0.19639952641934597,False,True,False,-1.1573048857909798,-0.6894975290209198,-0.6894975290209198
E0_repro__ppo__r314159,full_day,3001,267,52,-1.0501348037742992,-0.5946789122647673,-0.5321020992119387,False,False,False,-0.8312692601210045,-2.800872362859323,-0.37581336866272064
E0_repro__ppo__r314159,full_day,3001,270,52,0.3473347581692355,0.8075975833570608,0.8075975833570608,False,True,False,2.176168396969025,2.63643122215685,2.63643122215685
E0_repro__ppo__r314159,full_day,3001,273,52,0.3640321088564283,0.8315152309940531,0.8315152309940531,False,True,False,5.604790119560068,6.072273241697693,6.072273241697693
E0_repro__ppo__r314159,full_day,3001,276,52,0.5909813095070227,1.062789018226976,1.062789018226976,False,True,False,3.7745434820679855,4.246351190787939,4.246351190787939
E0_repro__ppo__r314159,full_day,3001,279,52,0.041061076710130706,0.5102466676610228,0.5102466676610228,False,True,False,0.019923213948039975,0.48910880489893205,0.48910880489893205
E0_repro__ppo__r314159,full_day,3001,282,52,-0.12012460765216607,0.3383025235755329,0.5755812289175688,False,False,False,-0.7846533564237408,0.018742090643577004,-0.3262262251960418
E0_repro__ppo__r314159,full_day,3001,285,52,-0.7249225075605457,-0.2636424836396748,0.0681345632391333,False,False,False,-0.7510279982356722,1.5618659502331487,-0.2897479743148013
E0_repro__ppo__r314159,full_day,3002,0,49,-0.5482998788155701,-0.35014636884561656,0.19322683332679094,False,False,False,-3.6714282053157477,-4.3368011661900905,-5.5979385546250935
E0_repro__ppo__r314159,full_day,3002,3,45,-0.42174737005168783,-0.7502970668235456,-0.42174737005168783,False,False,True,-2.5758403725540786,-2.5758403725540786,-2.9102148509270047
E0_repro__ppo__r314159,full_day,3002,6,46,0.7258677969391159,0.8783902549045052,0.8783902549045052,False,True,False,0.9860849287938649,1.1386073867592543,1.1386073867592543
E0_repro__ppo__r314159,full_day,3002,9,46,-1.412450166044566,-0.9656810619206813,-0.5845530141081552,False,False,False,0.7109919574055221,1.5353853135256528,1.157761061529407
E0_repro__ppo__r314159,full_day,3002,12,52,0.0826369784259322,0.5617923491258549,0.5617923491258549,False,True,False,0.32787501909917127,0.8070303897990939,0.8070303897990939
E0_repro__ppo__r314159,full_day,3002,15,49,0.3455461272311305,0.8122918437786273,0.8122918437786273,False,True,False,1.4517070266004939,1.9184527431479905,1.9184527431479905
E0_repro__ppo__r314159,full_day,3002,18,51,-0.19085036771308322,0.2583762990455647,0.2583762990455647,False,True,False,1.0210052177781375,1.4702318845367854,1.4702318845367854
E0_repro__ppo__r314159,full_day,3002,21,48,0.1460005954670407,0.5972390535539651,0.5972390535539651,False,True,False,4.325026371245959,4.776264829332883,4.776264829332883
E0_repro__ppo__r314159,full_day,3002,24,52,-0.009842994282409867,0.43719458866704436,0.5555719875967876,False,False,False,2.4323005112154763,3.2981329812551547,2.8793380941649303
E0_repro__ppo__r314159,full_day,3002,27,52,0.4578021387741596,0.9060557158067607,0.9274363781644092,False,False,False,-0.14151764324540878,0.8845195880286545,0.3067359337871923
E0_repro__ppo__r314159,full_day,3002,30,51,-1.4221615202723854,-0.9687717034659057,-0.939957575661589,False,False,False,3.1183215387099112,3.8535097654811916,3.571711355516391
E0_repro__ppo__r314159,full_day,3002,33,52,1.4098794321058334,1.871582247717416,1.871582247717416,False,True,False,5.1538378395002855,5.615540655111868,5.615540655111868
E0_repro__ppo__r314159,full_day,3002,36,52,0.42389580224252216,0.8836777193941796,0.8836777193941796,False,True,False,2.1233525388343146,2.583134455985972,2.583134455985972
E0_repro__ppo__r314159,full_day,3002,39,52,0.13962482266150472,0.5979925602901042,0.5979925602901042,False,True,False,0.5430309504447135,1.001398688073313,1.001398688073313
E0_repro__ppo__r314159,full_day,3002,42,52,-0.8387922371429466,-0.37785266842212006,-0.37785266842212006,False,True,False,-0.3145933077371851,0.14634626098364145,0.14634626098364145
E0_repro__ppo__r314159,full_day,3002,45,52,-0.8774430751283733,-0.4258125298695654,-0.4258125298695654,False,True,False,1.110242789086667,1.561873334345475,1.561873334345475
E0_repro__ppo__r314159,full_day,3002,48,52,0.6540881300866674,1.1130318130779981,1.1130318130779981,False,True,False,4.295688348790006,4.754632031781337,4.754632031781337
E0_repro__ppo__r314159,full_day,3002,51,52,1.5409981096531926,1.999802624679775,1.999802624679775,False,True,False,7.4669206851984375,7.92572520022502,7.92572520022502
E0_repro__ppo__r314159,full_day,3002,54,52,1.5477749055184582,2.007864337061367,2.007864337061367,False,True,False,10.135344234478282,10.595433666021192,10.595433666021192
E0_repro__ppo__r314159,full_day,3002,57,52,1.2739175430167233,1.7442742965159035,1.7442742965159035,False,True,False,7.955847372002973,8.426204125502153,8.426204125502153
E0_repro__ppo__r314159,full_day,3002,60,52,1.5415431463541562,2.0032794952649255,2.0032794952649255,False,True,False,4.749611924053353,5.211348272964122,5.211348272964122
E0_repro__ppo__r314159,full_day,3002,63,52,-0.048928855623429524,0.39939894021052513,0.39939894021052513,False,True,False,6.268149592935106,6.716477388769061,6.716477388769061
E0_repro__ppo__r314159,full_day,3002,66,52,0.5547825576149985,1.013407233530593,1.013407233530593,False,True,False,7.241578249433636,7.70020292534923,7.70020292534923
E0_repro__ppo__r314159,full_day,3002,69,52,0.8775835646150809,1.3336090505090206,1.3336090505090206,False,True,False,4.841308442124036,5.297333928017975,5.297333928017975
E0_repro__ppo__r314159,full_day,3002,72,52,0.35086526473650187,0.817348275155233,0.817348275155233,False,True,False,7.041286011982468,7.507769022401199,7.507769022401199
E0_repro__ppo__r314159,full_day,3002,75,52,0.7074724724720867,1.173071885497833,1.173071885497833,False,True,False,10.10536962818137,10.570969041207116,10.570969041207116
E0_repro__ppo__r314159,full_day,3002,78,52,0.9558630180871344,1.433369722354432,1.433369722354432,False,True,False,9.56562433613997,10.043131040407268,10.043131040407268
E0_repro__ppo__r314159,full_day,3002,81,52,1.2138119762185198,1.6768449031008794,1.6768449031008794,False,True,False,10.1812140812145,10.64424700809686,10.64424700809686
E0_repro__ppo__r314159,full_day,3002,84,52,1.5384634869135185,1.999802624679775,1.999802624679775,False,True,False,11.537476610312394,11.99881574807865,11.99881574807865
E0_repro__ppo__r314159,full_day,3002,87,52,1.5080366654625232,1.999802624679775,1.999802624679775,False,True,False,11.507049788861398,11.99881574807865,11.99881574807865
E0_repro__ppo__r314159,full_day,3002,90,52,1.5224354060362397,1.999802624679775,1.999802624679775,False,True,False,11.521448529435116,11.99881574807865,11.99881574807865
E0_repro__ppo__r314159,full_day,3002,93,52,1.5341223559163064,1.999802624679775,1.999802624679775,False,True,False,11.533135479315181,11.99881574807865,11.99881574807865
E0_repro__ppo__r314159,full_day,3002,96,52,1.5390993254870489,1.999802624679775,1.999802624679775,False,True,False,11.538112448885924,11.99881574807865,11.99881574807865
E0_repro__ppo__r314159,full_day,3002,99,52,1.54495566100607,1.999802624679775,1.999802624679775,False,True,False,11.543968784404946,11.99881574807865,11.99881574807865
E0_repro__ppo__r314159,full_day,3002,102,52,1.5313026064761706,1.999802624679775,1.999802624679775,False,True,False,11.530315729875046,11.99881574807865,11.99881574807865
E0_repro__ppo__r314159,full_day,3002,105,52,1.5291878430724681,1.999802624679775,1.999802624679775,False,True,False,11.528200966471344,11.99881574807865,11.99881574807865
E0_repro__ppo__r314159,full_day,3002,108,52,1.5462983023123407,1.999802624679775,1.999802624679775,False,True,False,11.545311425711215,11.99881574807865,11.99881574807865
E0_repro__ppo__r314159,full_day,3002,111,52,1.5376349250596886,1.999802624679775,1.999802624679775,False,True,False,11.536648048458565,11.99881574807865,11.99881574807865
E0_repro__ppo__r314159,full_day,3002,114,52,1.5378087021402895,1.999802624679775,1.999802624679775,False,True,False,11.536821825539166,11.99881574807865,11.99881574807865
E0_repro__ppo__r314159,full_day,3002,117,52,1.5427667508995802,1.999802624679775,1.999802624679775,False,True,False,11.541779874298456,11.99881574807865,11.99881574807865
E0_repro__ppo__r314159,full_day,3002,120,52,1.5360695004124156,1.999802624679775,1.999802624679775,False,True,False,11.535082623811292,11.99881574807865,11.99881574807865
E0_repro__ppo__r314159,full_day,3002,123,52,1.52288021073778,1.999802624679775,1.999802624679775,False,True,False,11.521893334136655,11.99881574807865,11.99881574807865
E0_repro__ppo__r314159,full_day,3002,126,52,1.5193197934890192,1.999802624679775,1.999802624679775,False,True,False,11.438389160958572,11.918871992149327,11.918871992149327
E0_repro__ppo__r314159,full_day,3002,129,52,1.5408121389313134,1.999802624679775,1.999802624679775,False,True,False,11.460786153157597,11.91977663890606,11.91977663890606
E0_repro__ppo__r314159,full_day,3002,132,52,1.5420615196260028,2.000707271436507,2.000707271436507,False,True,False,11.541074643024878,11.999720394835382,11.999720394835382
E0_repro__ppo__r314159,full_day,3002,135,52,1.5279606116303073,1.999802624679775,1.999802624679775,False,True,False,11.526973735029182,11.99881574807865,11.99881574807865
E0_repro__ppo__r314159,full_day,3002,138,52,1.5249258257153409,1.999802624679775,1.999802624679775,False,True,False,11.523938949114216,11.99881574807865,11.99881574807865
E0_repro__ppo__r314159,full_day,3002,141,52,1.5139289990422593,1.999802624679775,1.999802624679775,False,True,False,11.512942122441135,11.99881574807865,11.99881574807865
E0_repro__ppo__r314159,full_day,3002,144,52,1.5328418002767743,1.999802624679775,1.999802624679775,False,True,False,11.531854923675649,11.99881574807865,11.99881574807865
E0_repro__ppo__r314159,full_day,3002,147,52,1.5266350735206347,1.999802624679775,1.999802624679775,False,True,False,11.52564819691951,11.99881574807865,11.99881574807865
E0_repro__ppo__r314159,full_day,3002,150,52,1.534758493513381,1.999802624679775,1.999802624679775,False,True,False,11.04091133301883,11.505955464185226,11.505955464185226
E0_repro__ppo__r314159,full_day,3002,153,52,1.5379468380537384,1.999802624679775,1.999802624679775,False,True,False,10.118744191169554,10.580599977795591,10.580599977795591
E0_repro__ppo__r314159,full_day,3002,156,52,1.058961965428553,1.5106462167938393,1.5106462167938393,False,True,False,10.62177601032373,11.073460261689016,11.073460261689016
E0_repro__ppo__r314159,full_day,3002,159,52,1.5452376747595393,1.999802624679775,1.999802624679775,False,True,False,11.481918504340431,11.936483454260665,11.936483454260665
E0_repro__ppo__r314159,full_day,3002,162,52,1.453417473916588,1.93627067477603,1.93627067477603,False,True,False,11.453630253401224,11.936483454260665,11.936483454260665
E0_repro__ppo__r314159,full_day,3002,165,52,1.5278187199591533,1.999802624679775,1.999802624679775,False,True,False,10.134071023358104,10.606054928078725,10.606054928078725
E0_repro__ppo__r314159,full_day,3002,168,52,1.515963772641668,1.9676841558441087,1.9676841558441087,False,True,False,9.105459081707348,9.557179464909789,9.557179464909789
E0_repro__ppo__r314159,full_day,3002,171,52,1.4182105763692296,1.86996470615834,1.86996470615834,False,True,False,10.498186155120603,10.949940284909713,10.949940284909713
E0_repro__ppo__r314159,full_day,3002,174,52,1.5410138672651104,1.999802624679775,1.999802624679775,False,True,False,11.180996277859734,11.639785035274398,11.639785035274398
E0_repro__ppo__r314159,full_day,3002,177,52,1.5199268608430376,1.999802624679775,1.999802624679775,False,True,False,11.077482711410157,11.557358475246895,11.557358475246895
E0_repro__ppo__r314159,full_day,3002,180,52,1.4581930094474012,1.9173760646522717,1.9173760646522717,False,True,False,11.392207043764893,11.851390098969762,11.851390098969762
E0_repro__ppo__r314159,full_day,3002,183,52,1.4563465763703733,1.9348035355983908,1.9348035355983908,False,True,False,11.254606040967094,11.733063000195111,11.733063000195111
E0_repro__ppo__r314159,full_day,3002,186,52,1.535074742029037,1.999802624679775,1.999802624679775,False,True,False,11.309225775604707,11.773953658255445,11.773953658255445
E0_repro__ppo__r314159,full_day,3002,189,52,1.5422477456732506,1.999802624679775,1.999802624679775,False,True,False,11.086938300430912,10.849688620526454,10.849688620526454
E0_repro__ppo__r314159,full_day,3002,192,52,1.5238468014900988,2.0002575212101545,2.0002575212101545,False,True,False,9.691415854363797,11.2665796512586,11.2665796512586
E0_repro__ppo__r314159,full_day,3002,195,52,1.2232139872238947,1.2938321472161252,1.548676780716412,False,False,False,11.22222711062277,11.547689904115288,11.292845270615
E0_repro__ppo__r314159,full_day,3002,198,52,1.5354349995031453,1.999802624679775,1.999802624679775,False,True,False,11.53444812290202,11.99881574807865,11.99881574807865
E0_repro__ppo__r314159,full_day,3002,201,52,1.5320414932936015,1.999802624679775,1.999802624679775,False,True,False,11.531054616692478,11.99881574807865,11.99881574807865
E0_repro__ppo__r314159,full_day,3002,204,52,1.521937502594268,1.999802624679775,1.999802624679775,False,True,False,11.295196793799644,11.773061915885151,11.773061915885151
E0_repro__ppo__r314159,full_day,3002,207,52,1.3071151448513163,1.769690509811927,1.769690509811927,False,True,False,11.31048655092454,11.773061915885151,11.773061915885151
E0_repro__ppo__r314159,full_day,3002,210,52,1.5458327387408812,1.999802624679775,1.999802624679775,False,True,False,11.176567770900611,11.630537656839506,11.630537656839506
E0_repro__ppo__r314159,full_day,3002,213,52,1.5444986063309885,1.999802624679775,1.999802624679775,False,True,False,9.45567199651746,9.910976014866247,9.910976014866247
E0_repro__ppo__r314159,full_day,3002,216,52,1.4816978886816863,1.943236148043002,1.943236148043002,False,True,False,9.602946785603665,10.064485044964982,10.064485044964982
E0_repro__ppo__r314159,full_day,3002,219,52,1.5396259490429367,1.999802624679775,1.999802624679775,False,True,False,10.725121575389865,11.185298251026705,11.185298251026705
E0_repro__ppo__r314159,full_day,3002,222,52,1.5241602720663114,2.003108494799635,2.003108494799635,False,True,False,9.701565387399965,10.18051361013329,10.18051361013329
E0_repro__ppo__r314159,full_day,3002,225,52,0.7584561459972814,1.2314702566767333,1.2314702566767333,False,True,False,10.117245849846089,10.590259960525541,10.590259960525541
E0_repro__ppo__r314159,full_day,3002,228,52,1.3451188433227668,1.8108005391604904,1.8108005391604904,False,True,False,9.39212196105023,9.857803656887954,9.857803656887954
E0_repro__ppo__r314159,full_day,3002,231,52,1.3708721535719108,1.8288406127333745,1.8288406127333745,False,True,False,7.595677346320994,8.05368742177566,8.05368742177566
E0_repro__ppo__r314159,full_day,3002,234,52,1.2596982983790477,1.7458962992555396,1.7458962992555396,False,True,False,5.454952549387904,5.941108933971194,5.941108933971194
E0_repro__ppo__r314159,full_day,3002,237,52,0.3726857575315246,0.8276737515352596,0.8276737515352596,False,True,False,3.2530658151909986,3.7080538091947335,3.7080538091947335
E0_repro__ppo__r314159,full_day,3002,240,52,0.4387009625581107,0.9238216724151228,0.9238216724151228,False,True,False,4.026794115109143,4.511914824966155,4.511914824966155
E0_repro__ppo__r314159,full_day,3002,243,52,-0.18710761261386738,0.2913885652965089,1.8092279398636093,False,False,False,4.1491808991060015,4.256381033390711,4.627872072279847
E0_repro__ppo__r314159,full_day,3002,246,52,0.4293114672784875,0.9054402294017065,0.9054402294017065,False,True,False,1.7180023857083513,2.1924069762141674,2.1924069762141674
E0_repro__ppo__r314159,full_day,3002,249,48,-0.32444291771738076,0.13894236109522234,0.13894236109522234,False,True,False,2.00250669790225,2.4672008840977213,2.4672008840977213
E0_repro__ppo__r314159,full_day,3002,252,48,-0.08773582321697487,0.3733588747664523,0.3733588747664523,False,True,False,1.9728599167825123,2.506259155177167,2.506259155177167
E0_repro__ppo__r314159,full_day,3002,255,52,-0.2778956016448019,0.20247447140742034,0.20247447140742034,False,True,False,3.3550733312670262,3.182765234171263,3.182765234171263
E0_repro__ppo__r314159,full_day,3002,258,52,-0.19405915054084452,0.6190558454568639,0.6950088070536309,False,False,False,5.395715343971088,5.785906521414988,6.465280714188663
E0_repro__ppo__r314159,full_day,3002,261,52,-0.20477060541174902,0.2523520767064915,0.2523520767064915,False,True,False,6.5463755947743065,7.003498276892548,7.003498276892548
E0_repro__ppo__r314159,full_day,3002,264,52,1.5030302074626802,1.999802624679775,1.999802624679775,False,True,False,3.718837466152571,4.215609883369666,4.215609883369666
E0_repro__ppo__r314159,full_day,3002,267,52,-0.8927570504420712,-0.425539299326918,-0.425539299326918,False,True,False,1.576711942337672,2.0439296934528253,2.0439296934528253
E0_repro__ppo__r314159,full_day,3002,270,51,0.4719640229115672,0.9200593161376717,0.9200593161376717,False,True,False,1.2981448670191567,1.746240160245261,1.746240160245261
E0_repro__ppo__r314159,full_day,3002,273,52,-0.7451055929189285,-0.2702335275436373,-0.2070444173440262,False,False,False,2.3057744748217215,3.544217858618371,2.780646540197013
E0_repro__ppo__r314159,full_day,3002,276,52,1.531809291005586,1.999802624679775,1.999802624679775,False,True,False,3.1974575396749505,3.6654508733491395,3.6654508733491395
E0_repro__ppo__r314159,full_day,3002,279,52,-0.5440944047283367,-0.07568642998677798,-0.07568642998677798,False,True,False,-0.049228358726191274,0.4191796160145792,0.4191796160145792
E0_repro__ppo__r314159,full_day,3002,282,52,0.9348781929620655,1.4043690135029476,1.6544220309112845,False,False,False,-0.2124985720232873,2.361063387654702,0.25699224851838304
E0_repro__ppo__r314159,full_day,3002,285,52,-0.5020491508560412,-0.03198605346554352,0.07507215056967478,False,False,False,0.14094903688601665,0.8370296646943524,0.6110121342765144
E0_repro__ppo__r314159,full_day,3003,0,49,-2.237112317475864,-2.475649936138907,-1.7111804042364678,False,False,False,-11.377504763645813,-8.405240416738927,-13.947834599507578
E0_repro__ppo__r314159,full_day,3003,3,45,-1.619411369526797,-1.9643449492388596,-1.619411369526797,False,False,True,-5.495783568017618,-5.495783568017618,-6.508753752928047
E0_repro__ppo__r314159,full_day,3003,6,45,-1.1310557475399339,-0.978158940087863,-0.978158940087863,False,True,False,1.2457128351179503,1.3986096425700212,1.3986096425700212
E0_repro__ppo__r314159,full_day,3003,9,46,0.273157307296996,0.7361194844578758,0.7361194844578758,False,True,False,3.3084751612501226,3.7714373384110025,3.7714373384110025
E0_repro__ppo__r314159,full_day,3003,12,52,-0.08888474148125342,0.3590436692085709,0.3590436692085709,False,True,False,4.647678974982654,5.095607385672478,5.095607385672478
E0_repro__ppo__r314159,full_day,3003,15,52,-0.5925157958253745,-0.1381619204758278,-0.1381619204758278,False,True,False,1.4423069651841736,1.8966608405337202,1.8966608405337202
E0_repro__ppo__r314159,full_day,3003,18,52,0.32352117465302827,0.7745460334065142,0.7745460334065142,False,True,False,-0.09993242945943959,0.3510924292940463,0.3510924292940463
E0_repro__ppo__r314159,full_day,3003,21,45,-0.4206008541747688,0.027875875190103146,0.027875875190103146,False,True,False,-0.1888249222914371,0.2596518070734348,0.2596518070734348
E0_repro__ppo__r314159,full_day,3003,24,51,-1.332551406318692,-0.876778488005306,-0.876778488005306,False,True,False,0.7329687079911081,1.1887416263044943,1.1887416263044943
E0_repro__ppo__r314159,full_day,3003,27,52,1.0128099697915973,1.4764756615026045,1.4764756615026045,False,True,False,1.6869205051477685,2.1505861968587756,2.1505861968587756
E0_repro__ppo__r314159,full_day,3003,30,52,-0.15213219283863447,0.3008759922479181,0.3008759922479181,False,True,False,1.8144923003716524,2.2675004854582053,2.2675004854582053
E0_repro__ppo__r314159,full_day,3003,33,51,-0.49159926024549083,-0.03819435361836971,-0.03819435361836971,False,True,False,6.723931720792098,7.177336627419219,7.177336627419219
E0_repro__ppo__r314159,full_day,3003,36,52,1.5233471271970231,1.999802624679775,1.999802624679775,False,True,False,2.3681012710537495,2.8445567685365014,2.8445567685365014
E0_repro__ppo__r314159,full_day,3003,39,52,-1.1732343699032823,-0.6956249515095614,-0.6956249515095614,False,True,False,-6.025619123257833,-5.5480097048641115,-5.5480097048641115
E0_repro__ppo__r314159,full_day,3003,42,51,-1.4423470354936594,-0.9781120429724934,-0.9781120429724934,False,True,False,0.28328030447120567,0.7475152969923716,0.7475152969923716
E0_repro__ppo__r314159,full_day,3003,45,51,-0.1600789540896343,0.30357697940461237,0.30357697940461237,False,True,False,7.974925161343483,8.43858109483773,8.43858109483773
E0_repro__ppo__r314159,full_day,3003,48,52,1.0693185841929973,1.554981597572301,1.8096495461567148,False,False,False,6.984963697863871,7.995262233365091,7.470626711243175
E0_repro__ppo__r314159,full_day,3003,51,52,1.3709529004044465,1.8362700288659346,1.8362700288659346,False,True,False,5.493458845904832,5.95877597436632,5.95877597436632
E0_repro__ppo__r314159,full_day,3003,54,52,-0.4560437696332903,0.003787303646733041,0.003787303646733041,False,True,False,3.596229719003968,4.056060792283992,4.056060792283992
E0_repro__ppo__r314159,full_day,3003,57,52,-0.46255266177910537,0.00018928400523056735,0.00018928400523056735,False,True,False,2.071191402057709,2.533933347842045,2.533933347842045
E0_repro__ppo__r314159,full_day,3003,60,52,1.2667604973424906,1.7171751274014149,1.8152575517609457,False,False,False,3.2958309875866076,4.371363461475846,3.746245617645532
E0_repro__ppo__r314159,full_day,3003,63,52,0.02132068476407617,0.4681999878088308,0.4681999878088308,False,True,False,2.2525354584059465,2.699414761450701,2.699414761450701
E0_repro__ppo__r314159,full_day,3003,66,51,-0.8463344579678636,-0.3834161117667548,-0.3834161117667548,False,True,False,3.1973887934055414,3.6603071396066498,3.6603071396066498
E0_repro__ppo__r314159,full_day,3003,69,51,-0.49411098629331796,-0.04558341338758462,-0.04558341338758462,False,True,False,7.324358420344748,7.772885993250481,7.772885993250481
E0_repro__ppo__r314159,full_day,3003,72,52,1.543064582638108,1.999802624679775,1.999802624679775,False,True,False,9.486704269463232,9.943442311504898,9.943442311504898
E0_repro__ppo__r314159,full_day,3003,75,52,1.5429475164625277,1.999802624679775,1.999802624679775,False,True,False,9.1217708204915,9.578625928708748,9.578625928708748
E0_repro__ppo__r314159,full_day,3003,78,52,0.9540297580243531,1.4136475000393198,1.4136475000393198,False,True,False,10.055365996946518,10.514983738961485,10.514983738961485
E0_repro__ppo__r314159,full_day,3003,81,52,1.5328490221917281,1.999802624679775,1.999802624679775,False,True,False,11.531862145590603,11.99881574807865,11.99881574807865
E0_repro__ppo__r314159,full_day,3003,84,52,1.5353607042546795,1.999802624679775,1.999802624679775,False,True,False,11.534373827653555,11.99881574807865,11.99881574807865
E0_repro__ppo__r314159,full_day,3003,87,52,1.5213949387637806,1.999802624679775,1.999802624679775,False,True,False,11.520408062162655,11.99881574807865,11.99881574807865
E0_repro__ppo__r314159,full_day,3003,90,52,1.537824736375924,1.999802624679775,1.999802624679775,False,True,False,11.5368378597748,11.99881574807865,11.99881574807865
E0_repro__ppo__r314159,full_day,3003,93,52,1.537264002209208,1.999802624679775,1.999802624679775,False,True,False,11.536277125608084,11.99881574807865,11.99881574807865
E0_repro__ppo__r314159,full_day,3003,96,52,1.5223956900136624,1.999802624679775,1.999802624679775,False,True,False,11.521408813412538,11.99881574807865,11.99881574807865
E0_repro__ppo__r314159,full_day,3003,99,52,1.510742986663057,1.999802624679775,1.999802624679775,False,True,False,11.509756110061932,11.99881574807865,11.99881574807865
E0_repro__ppo__r314159,full_day,3003,102,52,1.536520554815257,1.999802624679775,1.999802624679775,False,True,False,11.535533678214133,11.99881574807865,11.99881574807865
E0_repro__ppo__r314159,full_day,3003,105,52,1.5374779317477865,1.999802624679775,1.999802624679775,False,True,False,11.536491055146662,11.99881574807865,11.99881574807865
E0_repro__ppo__r314159,full_day,3003,108,52,1.5269466837989365,1.999802624679775,1.999802624679775,False,True,False,11.525959807197811,11.99881574807865,11.99881574807865
E0_repro__ppo__r314159,full_day,3003,111,52,1.5203056686946532,1.999802624679775,1.999802624679775,False,True,False,11.519318792093529,11.99881574807865,11.99881574807865
E0_repro__ppo__r314159,full_day,3003,114,52,1.5328548488533167,1.999802624679775,1.999802624679775,False,True,False,11.531867972252192,11.99881574807865,11.99881574807865
E0_repro__ppo__r314159,full_day,3003,117,52,1.5355133818421256,1.999802624679775,1.999802624679775,False,True,False,11.534526505241,11.99881574807865,11.99881574807865
E0_repro__ppo__r314159,full_day,3003,120,52,1.5211067975383823,1.999802624679775,1.999802624679775,False,True,False,11.520119920937258,11.99881574807865,11.99881574807865
E0_repro__ppo__r314159,full_day,3003,123,52,1.5286828380440063,1.999802624679775,1.999802624679775,False,True,False,11.527695961442882,11.99881574807865,11.99881574807865
E0_repro__ppo__r314159,full_day,3003,126,52,1.5458544905446507,1.999802624679775,1.999802624679775,False,True,False,11.544867613943527,11.99881574807865,11.99881574807865
E0_repro__ppo__r314159,full_day,3003,129,52,1.5394922823972388,1.999802624679775,1.999802624679775,False,True,False,11.538505405796114,11.99881574807865,11.99881574807865
E0_repro__ppo__r314159,full_day,3003,132,52,1.5332170199678612,1.999802624679775,1.999802624679775,False,True,False,11.532230143366737,11.99881574807865,11.99881574807865
E0_repro__ppo__r314159,full_day,3003,135,52,1.5218098127518112,1.999802624679775,1.999802624679775,False,True,False,11.520822936150687,11.99881574807865,11.99881574807865
E0_repro__ppo__r314159,full_day,3003,138,52,1.5372623117898163,1.999802624679775,1.999802624679775,False,True,False,11.536275435188692,11.99881574807865,11.99881574807865
E0_repro__ppo__r314159,full_day,3003,141,52,1.5350323981003402,1.999802624679775,1.999802624679775,False,True,False,11.534045521499216,11.99881574807865,11.99881574807865
E0_repro__ppo__r314159,full_day,3003,144,52,1.512075505694554,1.999802624679775,1.999802624679775,False,True,False,11.511088629093429,11.99881574807865,11.99881574807865
E0_repro__ppo__r314159,full_day,3003,147,52,1.5218951659504456,1.999802624679775,1.999802624679775,False,True,False,11.520908289349322,11.99881574807865,11.99881574807865
E0_repro__ppo__r314159,full_day,3003,150,52,1.5375893141916925,1.999802624679775,1.999802624679775,False,True,False,11.536602437590568,11.99881574807865,11.99881574807865
E0_repro__ppo__r314159,full_day,3003,153,52,1.535145205755952,1.999802624679775,1.999802624679775,False,True,False,11.366530953546906,11.831188372470729,11.831188372470729
E0_repro__ppo__r314159,full_day,3003,156,52,1.3457009850177921,1.8321752490718535,1.8321752490718535,False,True,False,11.344714108416667,11.831188372470729,11.831188372470729
E0_repro__ppo__r314159,full_day,3003,159,52,1.521078845633212,1.999802624679775,1.999802624679775,False,True,False,11.520091969032087,11.99881574807865,11.99881574807865
E0_repro__ppo__r314159,full_day,3003,162,52,1.508798975359899,1.999802624679775,1.999802624679775,False,True,False,11.507812098758775,11.99881574807865,11.99881574807865
E0_repro__ppo__r314159,full_day,3003,165,52,1.533830679765707,1.999802624679775,1.999802624679775,False,True,False,11.532843803164582,11.99881574807865,11.99881574807865
E0_repro__ppo__r314159,full_day,3003,168,52,1.5124163787299723,1.999802624679775,1.999802624679775,False,True,False,10.892309198119948,11.37969544406975,11.37969544406975
E0_repro__ppo__r314159,full_day,3003,171,52,1.5139018576493046,1.999802624679775,1.999802624679775,False,True,False,10.139212268708032,10.625113035738503,10.625113035738503
E0_repro__ppo__r314159,full_day,3003,174,52,0.7932052520844084,1.245220216348527,1.245220216348527,False,True,False,10.792218375483284,11.244233339747403,11.244233339747403
E0_repro__ppo__r314159,full_day,3003,177,52,1.5299330077425384,1.999802624679775,1.999802624679775,False,True,False,11.528946131141414,11.99881574807865,11.99881574807865
E0_repro__ppo__r314159,full_day,3003,180,52,1.5109893231313036,1.999802624679775,1.999802624679775,False,True,False,11.51000244653018,11.99881574807865,11.99881574807865
E0_repro__ppo__r314159,full_day,3003,183,52,1.5305938654595974,1.999802624679775,1.999802624679775,False,True,False,11.529606988858474,11.803832747121916,11.803832747121916
E0_repro__ppo__r314159,full_day,3003,186,52,1.5204162975449995,1.999802624679775,1.999802624679775,False,True,False,9.852907101815761,10.523585786033328,10.523585786033328
E0_repro__ppo__r314159,full_day,3003,189,52,0.5610122571668403,1.0555646868983346,1.0555646868983346,False,True,False,9.374448240433207,9.8690006701647,9.8690006701647
E0_repro__ppo__r314159,full_day,3003,192,52,1.0279328457248644,1.5003623611410937,1.5003623611410937,False,True,False,10.120271785297211,10.59270130071344,10.59270130071344
E0_repro__ppo__r314159,full_day,3003,195,52,1.169246523228576,1.6425550340811779,1.6425550340811779,False,True,False,10.77766854960341,11.250977060456012,11.250977060456012
E0_repro__ppo__r314159,full_day,3003,198,52,1.5226107362340935,1.999802624679775,1.999802624679775,False,True,False,11.52162385963297,11.99881574807865,11.99881574807865
E0_repro__ppo__r314159,full_day,3003,201,52,1.5190190278316098,1.999802624679775,1.999802624679775,False,True,False,11.446096945686953,11.92688054253512,11.92688054253512
E0_repro__ppo__r314159,full_day,3003,204,52,1.522609913919455,1.999802624679775,1.999802624679775,False,True,False,10.870873423613572,11.348066134373893,11.348066134373893
E0_repro__ppo__r314159,full_day,3003,207,52,1.021113363438362,1.4846815458232536,1.4846815458232536,False,True,False,10.366484440596123,10.830052622981015,10.830052622981015
E0_repro__ppo__r314159,full_day,3003,210,52,1.5156120900435983,1.999802624679775,1.999802624679775,False,True,False,10.924676496506066,11.408867031142243,11.408867031142243
E0_repro__ppo__r314159,full_day,3003,213,52,1.5376538071276282,1.999802624679775,1.999802624679775,False,True,False,10.924773356357711,10.560737213042156,10.560737213042156
E0_repro__ppo__r314159,full_day,3003,216,52,1.537282735455987,1.999802624679775,1.999802624679775,False,True,False,9.652639955733367,10.958318466416408,10.958318466416408
E0_repro__ppo__r314159,full_day,3003,219,52,1.269278514798603,1.7280051264191953,1.7280051264191953,False,True,False,9.395786926070553,9.803917162457623,9.803917162457623
E0_repro__ppo__r314159,full_day,3003,222,52,0.9170566006777889,1.3961466702812484,1.3961466702812484,False,True,False,7.207398011072804,7.732424059432486,7.732424059432486
E0_repro__ppo__r314159,full_day,3003,225,52,0.7075807889429246,1.18586088981231,1.18586088981231,False,True,False,8.681491103962122,9.144552643899978,9.144552643899978
E0_repro__ppo__r314159,full_day,3003,228,52,1.2709913438018252,1.72376453129899,1.72376453129899,False,True,False,9.077121850867224,10.33644609747834,10.33644609747834
E0_repro__ppo__r314159,full_day,3003,231,52,1.5038022962546658,1.7103836061248574,1.8305606489083364,False,False,False,9.214231628793026,9.540989981446696,8.514469942933031
E0_repro__ppo__r314159,full_day,3003,234,52,0.8291223279014814,1.7276955489071826,1.7276955489071826,False,True,False,9.263702217332439,10.162275438338138,10.162275438338138
E0_repro__ppo__r314159,full_day,3003,237,52,0.9694362941449046,1.44784335728475,1.44784335728475,False,True,False,6.918357884192279,7.396764947332124,7.396764947332124
E0_repro__ppo__r314159,full_day,3003,240,52,0.3710716357784157,0.8356286625700732,0.8356286625700732,False,True,False,5.37752724700058,5.842084273792238,5.842084273792238
E0_repro__ppo__r314159,full_day,3003,243,52,0.5511010226681101,1.0238363039101976,1.0238363039101976,False,True,False,5.831458274825082,6.30419355606717,6.30419355606717
E0_repro__ppo__r314159,full_day,3003,246,52,0.20549160250953818,0.6742421725348303,0.6742421725348303,False,True,False,4.912819260956227,5.381569830981519,5.381569830981519
E0_repro__ppo__r314159,full_day,3003,249,52,-0.05384584029849271,0.4001920806420965,0.4001920806420965,False,True,False,6.125236484368233,6.533244508441496,6.533244508441496
E0_repro__ppo__r314159,full_day,3003,252,52,0.903655868665977,1.3712482301081774,1.789127349767198,False,False,False,3.561108253342018,1.972588844475412,4.0730827378935
E0_repro__ppo__r314159,full_day,3003,255,52,-0.7984030383458653,-0.305046580581255,-0.018471012796110797,False,False,False,-0.3298630540997029,0.989866902506724,0.16349340366490744
E0_repro__ppo__r314159,full_day,3003,258,52,0.15433219522962283,0.6167520585023184,0.6167520585023184,False,True,False,-1.2523545145827235,-0.7899346513100279,-0.7899346513100279
E0_repro__ppo__r314159,full_day,3003,261,52,-0.17437473197183623,0.28006974842671883,0.28006974842671883,False,True,False,-0.8588962696773232,-0.4044517892787682,-0.4044517892787682
E0_repro__ppo__r314159,full_day,3003,264,51,-0.277420289598733,0.19094758205535858,0.19094758205535858,False,True,False,-0.49722817985204115,-0.028860308197949602,-0.028860308197949602
E0_repro__ppo__r314159,full_day,3003,267,52,-0.7392046225387954,-0.2811668310541227,0.040240162549756764,False,False,False,-3.128508533102506,-2.3530834385818062,-2.6704707416178337
E0_repro__ppo__r314159,full_day,3003,270,52,-1.2174960856772716,-0.7672120588397007,-0.3187857769263567,False,False,False,-2.644795894042324,0.08600875233638386,-2.194511867204753
E0_repro__ppo__r314159,full_day,3003,273,52,-0.8607901142769374,-0.4006513105397855,-0.2118201013771161,False,False,False,-0.39049630619110687,1.275850101813924,0.06964249754604507
E0_repro__ppo__r314159,full_day,3003,276,52,-0.8477892291570843,-0.3988163035698897,-0.3988163035698897,False,True,False,-0.26706613995904965,0.181906785628145,0.181906785628145
E0_repro__ppo__r314159,full_day,3003,279,52,-0.28594363145914564,0.1631823974130166,0.1631823974130166,False,True,False,0.6530756797327807,1.102201708604943,1.102201708604943
E0_repro__ppo__r314159,full_day,3003,282,52,0.36782428979673193,0.8163680379498881,1.2176048009807308,False,False,False,-0.6048420217531244,1.4159434106077229,-0.15629827359996823
E0_repro__ppo__r314159,full_day,3003,285,52,-1.0586076087648115,-0.6032177069485216,-0.38897435506594524,False,False,False,-1.6202317897631489,-0.5751883968788022,-1.164841887946859
E0_repro__ppo__r314159,evening_peak,3001,0,49,0.7758659497933256,-0.3408104263252053,1.002543584070132,False,False,False,6.225625323658224,5.1885755691036515,-1.1221681523774574
E0_repro__ppo__r314159,evening_peak,3001,3,46,-0.5248325592524546,0.7920616996903727,0.9350283460824522,False,False,False,2.4994130744040355,9.364599705286148,9.221635327553592
E0_repro__ppo__r314159,evening_peak,3001,6,46,1.8126186808018891,1.999802624679775,1.999802624679775,False,True,False,10.855842879281411,11.043026823159297,11.043026823159297
E0_repro__ppo__r314159,evening_peak,3001,9,46,1.53344378043011,2.0021594745207403,2.0021594745207403,False,True,False,8.235181670237246,8.703897364327876,8.703897364327876
E0_repro__ppo__r314159,evening_peak,3001,12,52,0.7251406769238584,1.188822448735571,1.188822448735571,False,True,False,3.609040144776486,4.072488634520975,4.072488634520975
E0_repro__ppo__r314159,evening_peak,3001,15,49,-0.04278706698433565,0.4182015876924691,0.4182015876924691,False,True,False,6.686494426532987,6.9197154348746315,6.9197154348746315
E0_repro__ppo__r314159,evening_peak,3001,18,52,0.8023610787481417,1.5070567185356227,1.5070567185356227,False,True,False,8.85428082068126,10.216222423497886,10.216222423497886
E0_repro__ppo__r314159,evening_peak,3001,21,49,1.228761610639324,1.6980412480547589,1.7913658552750897,False,False,False,6.946354425388689,3.7979989896391944,6.8136145004633555
E0_repro__ppo__r314159,evening_peak,3001,24,52,0.8735982072628206,1.340057131001831,1.340057131001831,False,True,False,4.116022043515541,4.582411927648551,4.582411927648551
E0_repro__ppo__r314159,evening_peak,3001,27,52,-0.038112146479603204,0.415836984902573,0.415836984902573,False,True,False,2.301805947841527,2.755755079071458,2.755755079071458
E0_repro__ppo__r314159,evening_peak,3001,30,52,0.2642004607738609,0.7394286349546098,1.0441946021385464,False,False,False,-2.42738892069845,4.591317912219043,-1.9521607455769083
E0_repro__ppo__r314159,evening_peak,3001,33,52,-1.286923718500217,-0.8262928355204296,0.7704635411789625,False,False,False,-1.92120870661729,2.8444543385071874,-1.6714204054737516
E0_repro__ppo__r314159,evening_peak,3001,36,52,-0.6483384717841426,-0.08406226203158636,0.373739514388434,False,False,False,1.7243713019985751,2.1215534619967023,2.427777659507353
E0_repro__ppo__r314159,evening_peak,3001,39,52,0.19149833034012043,0.6368718947903385,0.6368718947903385,False,True,False,2.1257574273385798,2.57531295122482,2.57531295122482
E0_repro__ppo__r314159,evening_peak,3001,42,52,-0.21772745247442782,0.23426606448091522,0.2925732144830645,False,False,False,1.0291400174534495,-1.239278719345658,1.9401979352941812
E0_repro__ppo__r314159,evening_peak,3001,45,52,0.3026794966592588,0.7669344594981717,0.7669344594981717,False,True,False,0.6864950437882212,0.5333619037608999,0.5333619037608999
E0_repro__ppo__r314159,evening_peak,3001,48,52,-0.22367295007433638,0.39442929970289037,0.46200631930075425,False,False,False,0.9901326361184829,1.878628331751757,1.6376112254429311
E0_repro__ppo__r314159,evening_peak,3001,51,52,0.31325858172362137,0.7756084442720953,0.7756084442720953,False,True,False,1.5539301391884766,2.015535478376063,2.015535478376063
E0_repro__ppo__r314159,evening_peak,3001,54,52,-0.4733161987662472,-0.00874124497638228,-0.00874124497638228,False,True,False,2.3973873798859415,2.861641612979138,2.861641612979138
E0_repro__ppo__r314159,evening_peak,3001,57,52,0.11587442293692812,0.5911815814027798,0.5911815814027798,False,True,False,2.660001238451593,3.135629117614113,3.135629117614113
E0_repro__ppo__r314159,evening_peak,3001,60,52,-0.23238772681872652,0.24842932382420763,0.24842932382420763,False,True,False,1.2003271359522738,1.6811944288264167,1.6811944288264167
E0_repro__ppo__r314159,evening_peak,3001,63,52,0.5699985235372085,1.0452131239466322,1.0452131239466322,False,True,False,-1.8165778373934736,-1.341413479158402,-1.341413479158402
E0_repro__ppo__r314159,evening_peak,3001,66,52,-0.9828784178556473,-0.5115896565017333,-0.5115896565017333,False,True,False,-4.46544742413809,-3.9816104633546536,-3.9816104633546536
E0_repro__ppo__r314159,evening_peak,3001,69,52,-1.494371670164922,-1.0453983584228252,-0.8842341594139991,False,False,False,-2.343900348269382,-1.5389154958966265,-1.9265330443844968
E0_repro__ppo__r314159,evening_peak,3001,72,52,-0.24854819762160857,0.23821950137528355,0.23821950137528355,False,True,False,-1.386085853593403,-0.8509054877909656,-0.8509054877909656
E0_repro__ppo__r314159,evening_peak,3001,75,52,-0.8764473244387028,-0.3908116043753964,-0.3908116043753964,False,True,False,-5.055458245009995,-4.586819993560589,-4.586819993560589
E0_repro__ppo__r314159,evening_peak,3001,78,52,-1.693966429548247,-1.2126321689117598,-1.083602503944348,False,False,False,-4.27938121184795,-2.5428370329531775,-3.798046951131493
E0_repro__ppo__r314159,evening_peak,3001,81,51,-0.5097123971071857,-0.03989641319772144,-0.03989641319772144,False,True,False,-0.7929591771214709,-0.3231431932120066,-0.3231431932120066
E0_repro__ppo__r314159,evening_peak,3002,0,49,1.8006026393942154,0.09192297146728638,1.823459782251358,False,False,False,7.509185546387185,6.580945327286724,-0.9335603990425944
E0_repro__ppo__r314159,evening_peak,3002,3,46,1.3288500664979568,1.4890839254693788,1.8394995484590955,False,False,False,6.20200977318509,7.562670118606122,6.112577745479447
E0_repro__ppo__r314159,evening_peak,3002,6,46,1.3021660827464256,1.461974487482369,1.461974487482369,False,True,False,5.91448234164178,6.894006624973277,6.894006624973277
E0_repro__ppo__r314159,evening_peak,3002,9,46,0.46274790020145923,0.9167647972752719,0.9954767542585279,False,False,False,9.817846432250807,8.639063975296216,9.607748789488499
E0_repro__ppo__r314159,evening_peak,3002,12,52,1.184237915310647,1.999802624679775,1.999802624679775,False,True,False,10.422563444044979,11.250328685740332,11.250328685740332
E0_repro__ppo__r314159,evening_peak,3002,15,49,1.2665882362994354,1.6687640565327322,1.6687640565327322,False,True,False,9.364852054039597,9.767027874272893,9.767027874272893
E0_repro__ppo__r314159,evening_peak,3002,18,52,1.2491336250000775,1.7073241769738268,1.7073241769738268,False,True,False,6.261755720481528,6.719851839092652,6.719851839092652
E0_repro__ppo__r314159,evening_peak,3002,21,49,0.6306119609134213,1.0895910582242208,1.0895910582242208,False,True,False,6.651779950703461,7.11085357904594,7.11085357904594
E0_repro__ppo__r314159,evening_peak,3002,24,52,0.8723764600264357,1.3246186852627306,1.3246186852627306,False,True,False,7.507807324937114,7.960049550173409,7.960049550173409
E0_repro__ppo__r314159,evening_peak,3002,27,52,1.000867041934324,1.4536046989425877,1.4536046989425877,False,True,False,5.005886376588425,5.458624033561586,5.458624033561586
E0_repro__ppo__r314159,evening_peak,3002,30,52,0.1983344320499807,0.6665531992250001,0.9484375958153469,False,False,False,4.335436937740283,4.166491283274331,4.850040558929168
E0_repro__ppo__r314159,evening_peak,3002,33,52,0.5407854792025657,0.9597564761590439,0.9840722156598073,False,False,False,4.172448274354545,1.6696530147530264,4.119682874954694
E0_repro__ppo__r314159,evening_peak,3002,36,52,0.1764054628999031,0.8524904049721472,0.8524904049721472,False,True,False,1.3673571915079712,2.314902522746661,2.314902522746661
E0_repro__ppo__r314159,evening_peak,3002,39,52,0.15215839772875495,0.6179883628664996,0.6179883628664996,False,True,False,0.180045621509191,0.6478636129822372,0.6478636129822372
E0_repro__ppo__r314159,evening_peak,3002,42,48,-0.7856608872385977,-0.3159949558681478,-0.3159949558681478,False,True,False,-1.0234534973696239,0.14428072168603667,0.14428072168603667
E0_repro__ppo__r314159,evening_peak,3002,45,52,-0.4586972163263857,-0.12007101776844081,-0.12007101776844081,False,True,False,2.644511696192405,2.4048265002931504,2.4048265002931504
E0_repro__ppo__r314159,evening_peak,3002,48,52,0.3749951947087847,0.8439481112103648,0.8439481112103648,False,True,False,4.4384224288107585,4.907371808489724,4.907371808489724
E0_repro__ppo__r314159,evening_peak,3002,51,52,1.3128872838295336,1.7824309772406335,1.7824309772406335,False,True,False,4.049200723966698,3.8768790444892183,3.8768790444892183
E0_repro__ppo__r314159,evening_peak,3002,54,52,0.5802513325471756,1.4646366233944765,1.4646366233944765,False,True,False,5.03877163526273,6.151719412611255,6.151719412611255
E0_repro__ppo__r314159,evening_peak,3002,57,52,0.8005680566533431,1.278637659072861,1.278637659072861,False,True,False,4.39112889012698,4.869198492546499,4.869198492546499
E0_repro__ppo__r314159,evening_peak,3002,60,52,0.8466012612389888,1.320665383229743,1.7458234460605488,False,False,False,1.7080424513426224,1.993364897270115,2.1821065738523533
E0_repro__ppo__r314159,evening_peak,3002,63,52,-0.6309674828761046,-0.17687306699350006,-0.17687306699350006,False,True,False,1.970217625452825,2.4243120413354298,2.4243120413354298
E0_repro__ppo__r314159,evening_peak,3002,66,52,-0.4965385098335119,-0.02672832992697028,-0.02672832992697028,False,True,False,3.235652140395722,3.7065095391039766,3.7065095391039766
E0_repro__ppo__r314159,evening_peak,3002,69,52,0.6762389387933436,1.1406980881793494,1.1406980881793494,False,True,False,0.134114237349822,0.5975207727857522,0.5975207727857522
E0_repro__ppo__r314159,evening_peak,3002,72,51,-0.8846151783887273,-0.4078054141889769,-0.4078054141889769,False,True,False,-1.0165292152562164,-0.5397199936489969,-0.5397199936489969
E0_repro__ppo__r314159,evening_peak,3002,75,51,-0.8553319211716721,-0.38323413222056957,-0.38323413222056957,False,True,False,0.1848564196876315,0.6554240078179415,0.6554240078179415
E0_repro__ppo__r314159,evening_peak,3002,78,52,-0.5368076708782827,-0.052492819198957645,-0.052492819198957645,False,True,False,-3.5424227605863274,-3.0565777081620644,-3.0565777081620644
E0_repro__ppo__r314159,evening_peak,3002,81,51,-1.3877156114205231,-0.9220953172347159,-0.9220953172347159,False,True,False,-3.387806859965185,-2.922186565712572,-2.922186565712572
E0_repro__ppo__r314159,evening_peak,3003,0,49,0.6137248380447823,-1.0811630974890503,0.8519417842661007,False,False,False,0.4245985391710597,2.5217983292038695,-5.931489961988699
E0_repro__ppo__r314159,evening_peak,3003,3,46,0.07698868813637177,1.2365946725366352,1.2365946725366352,False,True,False,-4.233448441796841,2.014239197319914,2.014239197319914
E0_repro__ppo__r314159,evening_peak,3003,6,46,0.18621107493689162,0.3508740129690523,0.3508740129690523,False,True,False,2.600106044727818,2.76122027127649,2.76122027127649
E0_repro__ppo__r314159,evening_peak,3003,9,42,0.011153589061267233,0.48384326376876907,0.48384326376876907,False,True,False,4.756164093924878,5.2289582553241045,5.2289582553241045
E0_repro__ppo__r314159,evening_peak,3003,12,52,0.34739361562749754,0.8002334786609049,0.8002334786609049,False,True,False,5.868122611038154,6.320950410831837,6.320950410831837
E0_repro__ppo__r314159,evening_peak,3003,15,46,0.7674657245065015,1.2302362473940336,1.2302362473940336,False,True,False,8.487204341673538,8.86810560745745,8.86810560745745
E0_repro__ppo__r314159,evening_peak,3003,18,52,0.8867006191838414,1.342489025072394,1.342489025072394,False,True,False,8.963916097387628,9.419704503276181,9.419704503276181
E0_repro__ppo__r314159,evening_peak,3003,21,52,0.5474374623030445,1.001423329525737,1.5906901298376535,False,False,False,9.821394416489468,10.304085355907603,9.482649896308965
E0_repro__ppo__r314159,evening_peak,3003,24,52,1.5283318930142,1.999802624679775,1.999802624679775,False,True,False,8.28810715557322,9.551425716672217,9.551425716672217
E0_repro__ppo__r314159,evening_peak,3003,27,52,1.5168533286633878,2.000685182649551,2.000685182649551,False,True,False,6.564250288927198,7.04808214291336,7.04808214291336
E0_repro__ppo__r314159,evening_peak,3003,30,52,0.31230206994107595,0.7757000762525611,0.9743596982017678,False,False,False,5.185281291104435,2.9478789130699936,5.763759399702129
E0_repro__ppo__r314159,evening_peak,3003,33,52,0.2573211691805036,0.7207091355199535,0.7207091355199535,False,True,False,4.3094467732432795,4.134976262856895,4.134976262856895
E0_repro__ppo__r314159,evening_peak,3003,36,52,-0.25245022592100547,0.23711010504565244,0.23711010504565244,False,True,False,1.3857553575505852,3.1893216909923305,3.1893216909923305
E0_repro__ppo__r314159,evening_peak,3003,39,52,-0.7017721915529265,-0.39635583048920364,0.4743957964439197,False,False,False,4.214568887929736,6.120036549431881,3.9117085620409364
E0_repro__ppo__r314159,evening_peak,3003,42,52,0.733176115970819,1.2174137625189347,1.2174137625189347,False,True,False,3.843784625232766,5.38708960832722,5.38708960832722
E0_repro__ppo__r314159,evening_peak,3003,45,52,-0.2532880873422393,0.2276956754407671,0.6146230629024559,False,False,False,3.7309879759086226,4.350701823817331,1.7908212877084875
E0_repro__ppo__r314159,evening_peak,3003,48,52,-0.44464761069219183,0.733164691076622,0.733164691076622,False,True,False,1.608642060885074,3.5479552020037164,3.5479552020037164
E0_repro__ppo__r314159,evening_peak,3003,51,52,0.8207375367066718,1.2317937209323175,1.2317937209323175,False,True,False,3.1734884233042653,3.585946690440225,3.585946690440225
E0_repro__ppo__r314159,evening_peak,3003,54,52,-0.1945105336102907,0.27513694806949046,0.27513694806949046,False,True,False,3.9508443554294317,4.4204659332020215,4.4204659332020215
E0_repro__ppo__r314159,evening_peak,3003,57,52,0.6413775936981936,1.1190464604551469,1.1190464604551469,False,True,False,-0.44850792857072824,0.028029049487004645,0.028029049487004645
E0_repro__ppo__r314159,evening_peak,3003,60,52,-0.3331168537746344,0.12263367397176084,0.3342663887440148,False,False,False,-5.4424326183123855,-3.8863612103428737,-4.547636905226398
E0_repro__ppo__r314159,evening_peak,3003,63,49,-1.4285857385174678,-1.03733555338476,-0.7723499655944743,False,False,False,-6.523454739016495,-7.607543425530718,-6.523961711710638
E0_repro__ppo__r314159,evening_peak,3003,66,52,-1.391162711991985,-0.899018329739591,-0.8378329180042385,False,False,False,-3.5593432137980794,-2.6043652759730085,-3.067389940671713
E0_repro__ppo__r314159,evening_peak,3003,69,51,-1.055580895003469,-0.6035719128584491,-0.6035719128584491,False,True,False,1.6036709871162824,2.0556799692613024,2.0556799692613024
E0_repro__ppo__r314159,evening_peak,3003,72,52,0.804344144025027,1.2656013761803,1.2656013761803,False,True,False,0.6751692019934257,1.1366297184952772,1.1366297184952772
E0_repro__ppo__r314159,evening_peak,3003,75,52,0.842211781461442,1.3012382234858118,1.3012382234858118,False,True,False,-5.204303667123324,-4.745613402464937,-4.745613402464937
E0_repro__ppo__r314159,evening_peak,3003,78,49,-1.8795800615325535,-1.4165396763439397,-1.026576431043406,False,False,False,-5.646859585342023,-2.5939065316787038,-5.183819200007095
E0_repro__ppo__r314159,evening_peak,3003,81,49,-1.485081637160932,-1.0144058966501697,-0.6718755196311328,False,False,False,-1.4176937348095051,-0.2607051947368286,-0.9470179942671958
E0_repro__ppo__r314159,flash_crowd,3001,0,49,0.7766660813297129,-0.5904520800299945,0.7995232241868558,False,False,False,5.779231811863735,5.802088954720878,-3.029676332479674
E0_repro__ppo__r314159,flash_crowd,3001,3,46,-0.8343712399535551,0.674252703846261,0.8356723444165192,False,False,False,0.15476857410326567,8.576857725013404,8.4154544872215
E0_repro__ppo__r314159,flash_crowd,3001,6,46,1.761612749859644,1.9488917679519262,1.9488917679519262,False,True,False,9.047000156601099,9.282019243526426,9.282019243526426
E0_repro__ppo__r314159,flash_crowd,3001,9,46,1.5359140894022452,2.004422475614896,2.004422475614896,False,True,False,3.7873744798539097,4.25588286606656,4.25588286606656
E0_repro__ppo__r314159,flash_crowd,3001,12,52,-0.2191168699554645,0.2439952712001124,0.2439952712001124,False,True,False,-3.3327663035419093,-2.616839568907786,-2.616839568907786
E0_repro__ppo__r314159,flash_crowd,3001,15,46,-1.0279032659456673,-0.5675458305805796,-0.5675458305805796,False,True,False,-9.115949107867145,-9.018178428785813,-9.018178428785813
E0_repro__ppo__r314159,flash_crowd,3001,18,49,-3.251300263462557,-2.596725054292735,-2.394646489149664,False,False,False,-14.9525361838825,-12.427165636031509,-13.96866625312219
E0_repro__ppo__r314159,flash_crowd,3001,21,49,-2.4457862959418573,-2.113343917119855,-1.5077333954901997,False,False,False,-17.144508160128357,-16.32129207409227,-17.17887430011384
E0_repro__ppo__r314159,flash_crowd,3001,24,46,-4.561328056615116,-3.949263980241047,-3.6554632952172326,False,False,False,-20.20244667293398,-17.470882239674687,-19.05121634475925
E0_repro__ppo__r314159,flash_crowd,3001,27,49,-4.62651318384844,-4.245490172669907,-3.9937788084511143,False,False,False,-21.01252734332559,-19.354022252134527,-21.408945040715423
E0_repro__ppo__r314159,flash_crowd,3001,30,49,-3.236451190172124,-2.6092929879796376,-2.4170138459165034,False,False,False,-15.897267629200545,-12.937807718252317,-15.039617198544635
E0_repro__ppo__r314159,flash_crowd,3001,33,52,-1.6014231351706147,-1.1407834307875053,0.27829771806194337,False,False,False,-5.701861504330636,-2.5241469618508505,-5.449886148569543
E0_repro__ppo__r314159,flash_crowd,3001,36,52,-1.1767498763709883,-0.666628577621165,-0.003890982328259962,False,False,False,-2.5479544857767213,0.028488944973301282,-1.8357034670238925
E0_repro__ppo__r314159,flash_crowd,3001,39,51,-0.7249447201381308,-0.29290276736207405,-0.09504076713766352,False,False,False,-1.7127819329188316,-0.4901561792412088,-1.2776504896131888
E0_repro__ppo__r314159,flash_crowd,3001,42,52,-0.7508562909205815,-0.30009022563843235,0.1385481031885549,False,False,False,-2.9743575467515075,-1.7876019146023394,-2.424057938595206
E0_repro__ppo__r314159,flash_crowd,3001,45,52,-0.37337516495407114,0.0867661900081105,0.126402914456818,False,False,False,-4.266536260888891,-3.2852412713544363,-3.9137167274105855
E0_repro__ppo__r314159,flash_crowd,3001,48,52,-0.8962235382882764,-0.4106645516107571,-0.3675712723560467,False,False,False,-1.7618147232899548,-0.8902475597596862,-1.2762557366809564
E0_repro__ppo__r314159,flash_crowd,3001,51,52,0.056068191282964586,0.514237112849844,0.5879552413548406,False,False,False,0.7118260870825506,0.9345375852238851,1.16999500864943
E0_repro__ppo__r314159,flash_crowd,3001,54,51,-0.48550606654122125,-0.02593424660931381,-0.02593424660931381,False,True,False,2.8276347914409445,3.2872066113728518,3.2872066113728518
E0_repro__ppo__r314159,flash_crowd,3001,57,52,-0.12243314124826932,0.3447221011834039,0.3447221011834039,False,True,False,2.1517859495634264,2.6189411919950993,2.6189411919950993
E0_repro__ppo__r314159,flash_crowd,3002,0,49,1.6810072666068459,-0.3988003116689949,1.6810072666068459,False,False,True,6.8492188689075775,6.8492188689075775,-2.813084875834195
E0_repro__ppo__r314159,flash_crowd,3002,3,46,1.0569939610658232,1.3715668675315222,1.4364173330709789,False,False,False,1.294906633848827,4.985503517959475,4.106576881540836
E0_repro__ppo__r314159,flash_crowd,3002,6,46,1.2428097272755643,1.402526352935484,1.402526352935484,False,True,False,3.309522716014669,4.403287057682304,4.403287057682304
E0_repro__ppo__r314159,flash_crowd,3002,9,46,-0.017674841881347936,0.43617807795297,0.43617807795297,False,True,False,8.06285991774705,7.343748529048529,7.343748529048529
E0_repro__ppo__r314159,flash_crowd,3002,12,52,0.6767712517840612,1.6554655909218063,1.6840220716095051,False,False,False,5.317938448769215,7.617533743846959,6.361586379386832
E0_repro__ppo__r314159,flash_crowd,3002,15,49,1.1964095510351183,1.182126283940332,1.5194365298224228,False,False,False,-6.141494580915248,-5.894029679881184,-6.84868618121421
E0_repro__ppo__r314159,flash_crowd,3002,18,49,-3.8703067428268714,-3.220056725859941,-2.9259344458039087,False,False,False,-17.711661656067605,-13.761885072413513,-16.219019091327574
E0_repro__ppo__r314159,flash_crowd,3002,21,42,-3.3110233356494176,-2.9289188544128892,-2.347753089852945,False,False,False,-15.716204075247513,-12.87495770253773,-15.701603053772583
E0_repro__ppo__r314159,flash_crowd,3002,24,43,-3.0533937445164434,-2.553311518053805,-2.187322270652254,False,False,False,-14.77451910997627,-11.80324584376999,-14.185300924212413
E0_repro__ppo__r314159,flash_crowd,3002,27,46,-2.673820970535086,-2.241639251736066,-2.048005077512325,False,False,False,-14.795034643342763,-13.680384672669216,-15.233737340397266
E0_repro__ppo__r314159,flash_crowd,3002,30,46,-3.1991564406220867,-2.681626577025786,-1.8704083956380717,False,False,False,-7.005107974101503,-10.534029426761158,-5.683705289115492
E0_repro__ppo__r314159,flash_crowd,3002,33,46,0.4882283783190409,0.9515983608393982,0.9515983608393982,False,True,False,-1.3324627537876073,-1.050080482122671,-1.050080482122671
E0_repro__ppo__r314159,flash_crowd,3002,36,46,-0.4602644606666989,0.16354128034858678,0.16354128034858678,False,True,False,-1.1679460908507004,-0.3553697901076126,-0.3553697901076126
E0_repro__ppo__r314159,flash_crowd,3002,39,49,0.04913551554243195,0.5153717185992592,0.5153717185992592,False,True,False,-1.944116679785307,-1.4773553242908029,-1.4773553242908029
E0_repro__ppo__r314159,flash_crowd,3002,42,52,-1.0386127586424094,-0.5695880865164824,-0.5695880865164824,False,True,False,-2.8539926657406895,-2.199611965709293,-2.199611965709293
E0_repro__ppo__r314159,flash_crowd,3002,45,52,-0.9433048582530486,-0.4892487307514812,-0.4892487307514812,False,True,False,0.6929713517824019,0.9639835615197807,0.9639835615197807
E0_repro__ppo__r314159,flash_crowd,3002,48,52,0.25825500073644064,0.7235467793452933,0.7235467793452933,False,True,False,2.341587848054866,2.8068796266553306,2.8068796266553306
E0_repro__ppo__r314159,flash_crowd,3002,51,52,0.8823414071089168,1.3476274478305887,1.3476274478305887,False,True,False,3.2909249878186793,3.756211028548739,3.756211028548739
E0_repro__ppo__r314159,flash_crowd,3002,54,52,1.1101720823242425,1.575540266902841,1.575540266902841,False,True,False,5.947273421447052,6.412641606025651,6.412641606025651
E0_repro__ppo__r314159,flash_crowd,3002,57,52,0.6413594955540043,1.1164051347627733,1.1164051347627733,False,True,False,2.484207138392007,2.959252777600776,2.959252777600776
E0_repro__ppo__r314159,flash_crowd,3003,0,49,0.6272210249826279,-1.2162048579719567,0.6500781678397708,False,False,False,0.002194193969649122,0.02505133682679203,-7.056610646568407
E0_repro__ppo__r314159,flash_crowd,3003,3,46,-0.2156394655400355,1.0876033040379502,1.0876033040379502,False,True,False,-5.921132950684603,0.838211892046786,0.838211892046786
E0_repro__ppo__r314159,flash_crowd,3003,6,42,0.07983680596321335,0.24450359681539896,0.24450359681539896,False,True,False,1.57476890025444,1.7341377978932615,1.7341377978932615
E0_repro__ppo__r314159,flash_crowd,3003,9,42,-0.06453817458109407,0.4080210926147276,0.4080210926147276,False,True,False,4.110115910198827,4.582749802463612,4.582749802463612
E0_repro__ppo__r314159,flash_crowd,3003,12,52,0.28264266215441186,0.735226999757365,0.735226999757365,False,True,False,2.753951181109858,3.299059098671859,3.299059098671859
E0_repro__ppo__r314159,flash_crowd,3003,15,46,0.5822601678533446,1.0418746362483065,1.0418746362483065,False,True,False,-9.225062728087725,-8.968677211732219,-8.968677211732219
E0_repro__ppo__r314159,flash_crowd,3003,18,50,-3.637493276514791,-3.1365976477595336,-3.032206735052091,False,False,False,-13.745089399805535,-12.247638278979698,-13.271995342604962
E0_repro__ppo__r314159,flash_crowd,3003,21,46,-2.108699633523777,-1.6389061249155685,-1.6204756893519041,False,False,False,-9.87082907954875,-8.782142563544344,-9.55129851494995
E0_repro__ppo__r314159,flash_crowd,3003,24,52,-2.177422350093789,-1.6807851995220757,-1.6807851995220757,False,True,False,-13.256597084435532,-12.542874479701865,-12.542874479701865
E0_repro__ppo__r314159,flash_crowd,3003,27,49,-2.182007343078854,-1.6826043562064865,-1.5714383403588659,False,False,False,-16.76987993910687,-15.368108688387533,-16.479351333558157
E0_repro__ppo__r314159,flash_crowd,3003,30,49,-3.901974613000782,-3.404132697855298,-3.19109150470422,False,False,False,-8.782620523714076,-7.592878650884503,-8.241777913864542
E0_repro__ppo__r314159,flash_crowd,3003,33,52,-0.367159459279487,0.09612005033772124,0.09612005033772124,False,True,False,2.8278800395618404,2.9746291096071062,2.9746291096071062
E0_repro__ppo__r314159,flash_crowd,3003,36,52,-0.2617650349311323,0.22940439710093405,0.22940439710093405,False,True,False,0.22901748156472307,1.1765241816479244,1.1765241816479244
E0_repro__ppo__r314159,flash_crowd,3003,39,52,-1.0350382018732982,-0.5801007964023762,-0.02324506937900407,False,False,False,-1.306581511129127,-0.06655612131227379,-0.9604320261335962
E0_repro__ppo__r314159,flash_crowd,3003,42,51,-0.47453940288138713,0.005670463349161755,0.005670463349161755,False,True,False,0.4918211122931024,0.9973332281976978,0.9973332281976978
E0_repro__ppo__r314159,flash_crowd,3003,45,51,-0.58257887187563,-0.10558622967386182,0.3796600702907803,False,False,False,2.1860084226029928,3.1636631991757302,2.6135296841017346
E0_repro__ppo__r314159,flash_crowd,3003,48,52,-0.061027182012577896,0.45313455115100304,0.7321785268320944,False,False,False,2.0805279195356583,3.381989978417913,2.6069821335683794
E0_repro__ppo__r314159,flash_crowd,3003,51,52,0.8175669708469373,1.2894589433327575,1.2894589433327575,False,True,False,3.041619845133099,3.513511817618919,3.513511817618919
E0_repro__ppo__r314159,flash_crowd,3003,54,52,-0.31032812944989585,0.15405285113768397,0.15405285113768397,False,True,False,2.5564689616547374,3.020849942242317,3.020849942242317
E0_repro__ppo__r314159,flash_crowd,3003,57,52,-0.4654056829451926,0.003779122155202312,0.003779122155202312,False,True,False,-0.012583128031651236,0.45660167706874366,0.45660167706874366
E0_repro__ppo__r314159,link_failure,3001,0,49,0.849818582680083,-0.27700269523218124,0.9832838780276029,False,False,False,6.729877362052173,5.1992627676527245,-0.8577309349908468
E0_repro__ppo__r314159,link_failure,3001,3,46,-0.5144604326688835,0.851268361062308,1.0265079772998746,False,False,False,2.301490403084902,10.065487323116443,9.831470750282342
E0_repro__ppo__r314159,link_failure,3001,6,46,1.8119356125226114,1.999802624679775,1.999802624679775,False,True,False,11.127482283402331,11.315349295559495,11.315349295559495
E0_repro__ppo__r314159,link_failure,3001,9,46,1.530446676677149,1.999802624679775,1.999802624679775,False,True,False,4.476152900117578,4.9455088481202045,4.9455088481202045
E0_repro__ppo__r314159,link_failure,3001,12,32,0.7345112323928772,0.23711585248852698,0.8122723722315586,False,False,False,0.35654866573044003,0.8638909810567283,-2.9080867826883856
E0_repro__ppo__r314159,link_failure,3001,15,26,-0.33362986561128494,-0.16247679820696162,-0.056487008468427816,False,False,False,-7.601669158001107,-7.324526300768663,-1.5305740400604764
E0_repro__ppo__r314159,link_failure,3001,18,29,-0.7771163767711016,-1.8457470881760676,-0.3264312199432703,False,False,False,-0.7501834272271369,1.8958022304346596,-9.11627513396544
E0_repro__ppo__r314159,link_failure,3001,21,28,-1.9792830592089459,-0.22410713845814187,0.4769431128480194,False,False,False,-7.27794990766349,-1.6029176539291792,-1.7233782159519284
E0_repro__ppo__r314159,link_failure,3001,24,27,-0.40275565857185114,-1.2379560564350771,0.071323032168821,False,False,False,-2.8673282160418543,-1.6136580634148532,-6.012512027643605
E0_repro__ppo__r314159,link_failure,3001,27,26,-1.1275213332424165,-0.09793586395383455,-0.09793586395383455,False,True,False,-10.088709598012429,-3.5285411069942603,-3.5285411069942603
E0_repro__ppo__r314159,link_failure,3001,30,26,-1.5508554961048429,-2.0132165633737684,-0.2500413540210933,False,False,False,-6.562904997552276,-5.22245123294051,-12.191419397840612
E0_repro__ppo__r314159,link_failure,3001,33,29,-2.6595171178885804,-1.0545278245566965,-1.0545278245566965,False,True,False,-13.752953657322635,-7.394432875420938,-7.394432875420938
E0_repro__ppo__r314159,link_failure,3001,36,47,-2.2577712484558963,-2.0907468448726374,-0.48760395400934364,False,False,False,-11.807237151540477,0.4935726820810748,-11.640212747957218
E0_repro__ppo__r314159,link_failure,3001,39,46,-0.10778327378142816,0.13593516107112297,0.1866149247317499,False,False,False,0.7435718897233292,1.0362727414430322,0.9953549715590544
E0_repro__ppo__r314159,link_failure,3001,42,49,0.04140048896796575,0.04140048896796575,0.04140048896796575,True,True,True,0.4600920854502147,0.4600920854502147,0.4600920854502147
E0_repro__ppo__r314159,link_failure,3001,45,49,0.6170019985796664,0.6170019985796664,0.6170019985796664,True,True,True,-0.9062102665076324,-0.9062102665076324,-0.9062102665076324
E0_repro__ppo__r314159,link_failure,3001,48,49,0.10097894958901024,0.10097894958901024,0.12393894439194136,True,False,False,0.6494688089157407,0.9030112063035314,0.6494688089157407
E0_repro__ppo__r314159,link_failure,3001,51,49,0.7040042060322078,0.7040042060322078,0.7040042060322078,True,True,True,1.8684358405593928,1.8684358405593928,1.8684358405593928
E0_repro__ppo__r314159,link_failure,3001,54,49,-0.017026183190124625,-0.017026183190124625,-0.017026183190124625,True,True,True,3.503422958532398,3.503422958532398,3.503422958532398
E0_repro__ppo__r314159,link_failure,3001,57,49,0.489595978559992,0.489595978559992,0.489595978559992,True,True,True,2.6009419334962964,2.6009419334962964,2.6009419334962964
E0_repro__ppo__r314159,link_failure,3002,0,49,1.8351064724483543,0.05004901911579217,1.857963615305497,False,False,False,8.015003504570991,7.1664712002971065,-0.8771385339169763
E0_repro__ppo__r314159,link_failure,3002,3,46,1.4560769012850292,1.616702788025822,1.838048839944532,False,False,False,6.459912653371895,7.376097147549719,6.355260738854636
E0_repro__ppo__r314159,link_failure,3002,6,46,1.3552136316329444,1.5152131088336467,1.5152131088336467,False,True,False,5.330115055715444,5.490114532916147,5.490114532916147
E0_repro__ppo__r314159,link_failure,3002,9,46,0.5847160301297769,1.039063660026809,1.039063660026809,False,True,False,-0.762447131950471,-0.30809950205343883,-0.30809950205343883
E0_repro__ppo__r314159,link_failure,3002,12,32,0.5499980307024342,-0.5987090702222377,0.5977893194988234,False,False,False,1.746135359417805,1.648827095647862,-6.175833885750609
E0_repro__ppo__r314159,link_failure,3002,15,26,-1.8529353602207532,-0.3031443463267432,0.44766929018605306,False,False,False,-5.402185829343366,0.0696928979912051,1.850935131358688
E0_repro__ppo__r314159,link_failure,3002,18,29,0.5614926461434511,-0.25611349610492407,0.5697152855110651,False,False,False,-2.6413241162869454,-5.192346630604268,-5.9205045675763985
E0_repro__ppo__r314159,link_failure,3002,21,28,-1.4891964655131733,-0.5125464668876633,-0.5125464668876633,False,True,False,-8.749379383989355,-3.6175193998673323,-3.6175193998673323
E0_repro__ppo__r314159,link_failure,3002,24,29,-0.9275938748452504,-1.2999692437785417,-0.431727245628498,False,False,False,-0.6380697326589087,-0.5458179101815359,-7.939419104468904
E0_repro__ppo__r314159,link_failure,3002,27,29,-1.7874507171269156,-0.44617688194954475,-0.44617688194954475,False,True,False,-8.147098389788129,-0.09260534313785104,-0.09260534313785104
E0_repro__ppo__r314159,link_failure,3002,30,29,-0.722477488171253,-1.3846960333075304,0.07445117937404333,False,False,False,-5.106335393797755,-3.801454540843398,-9.685010200119748
E0_repro__ppo__r314159,link_failure,3002,33,29,-2.5335784020941627,-1.2549990867696326,-1.032085504758883,False,False,False,-12.923656878114581,-8.851888325410831,-8.551947824104039
E0_repro__ppo__r314159,link_failure,3002,36,47,-2.0031063207181363,-1.8359516729292316,0.3438783997888627,False,False,False,-13.686484947224514,-2.87769774129729,-13.535175314066183
E0_repro__ppo__r314159,link_failure,3002,39,46,-0.4089808234338828,0.04041854538539312,0.5253159793250839,False,False,False,-3.096128672377077,-0.7232164197784465,-2.646915613009516
E0_repro__ppo__r314159,link_failure,3002,42,49,-0.9437498312871299,-0.9437498312871299,-0.766915593343363,True,False,False,-2.347363848350366,-1.394834279483408,-2.347363848350366
E0_repro__ppo__r314159,link_failure,3002,45,49,-0.28140472690991375,-0.28140472690991375,-0.28140472690991375,True,True,True,1.5427703861858741,1.5427703861858741,1.5427703861858741
E0_repro__ppo__r314159,link_failure,3002,48,49,0.731773423900917,0.731773423900917,0.731773423900917,True,True,True,3.5343180505419443,3.5343180505419443,3.5343180505419443
E0_repro__ppo__r314159,link_failure,3002,51,49,1.1916074245695294,1.1916074245695294,1.4322073109050546,True,False,False,3.129765007122652,2.0222715724429525,3.129765007122652
E0_repro__ppo__r314159,link_failure,3002,54,49,1.3531032955003355,1.3531032955003355,1.3531032955003355,True,True,True,5.878726239956124,5.878726239956124,5.878726239956124
E0_repro__ppo__r314159,link_failure,3002,57,49,1.3540847239158382,1.3540847239158382,1.3540847239158382,True,True,True,3.3841180094305585,3.3841180094305585,3.3841180094305585
E0_repro__ppo__r314159,link_failure,3003,0,49,0.711234910052436,-1.0299222363241287,0.8348122136405463,False,False,False,1.0177695080846958,2.7755406142424683,-5.599288494343817
E0_repro__ppo__r314159,link_failure,3003,3,46,0.04986823878386651,1.3651610000745453,1.3651610000745453,False,True,False,-4.331899680008405,2.30027031534334,2.30027031534334
E0_repro__ppo__r314159,link_failure,3003,6,46,0.25610055826895267,0.4212166825780178,0.4212166825780178,False,True,False,2.1341047629474095,2.2961131196294646,2.2961131196294646
E0_repro__ppo__r314159,link_failure,3003,9,42,0.07569052735813109,0.5487076982747877,0.5487076982747877,False,True,False,1.9711912380876668,2.4442084090043235,2.4442084090043235
E0_repro__ppo__r314159,link_failure,3003,12,32,0.14794526092840818,0.41215380536444035,0.41215380536444035,False,True,False,1.3647897276820906,-2.367371754429275,-2.367371754429275
E0_repro__ppo__r314159,link_failure,3003,15,26,-1.2467424488362826,0.841192886433828,0.841192886433828,False,True,False,-4.322653935860803,2.425127794932343,2.425127794932343
E0_repro__ppo__r314159,link_failure,3003,18,29,-0.602701593426092,-0.8870046646494334,0.40268592801389597,False,False,False,0.8994875785226357,4.64502269177577,-3.690556483621822
E0_repro__ppo__r314159,link_failure,3003,21,28,-1.5682935303305119,-0.42827824277470583,0.2608593978280041,False,False,False,-7.467634687744278,-2.1246013248635784,-0.8322113766433085
E0_repro__ppo__r314159,link_failure,3003,24,29,-0.5721023331253599,-1.110242423249931,0.9823517536221599,False,False,False,-1.178461982330385,2.321124035704379,-7.441303082703148
E0_repro__ppo__r314159,link_failure,3003,27,29,-1.3924462187437447,0.9249663904381142,0.97603609752321,False,False,False,-7.853731885924328,1.5527040617946763,1.1594834461771133
E0_repro__ppo__r314159,link_failure,3003,30,29,-0.0972339994061873,-1.041508892940276,0.39399534419078813,False,False,False,-1.0988590334063084,-3.07160733444369,-7.955218838159734
E0_repro__ppo__r314159,link_failure,3003,33,29,-1.8129504289524496,-0.6367211555401393,-0.6367211555401393,False,True,False,-9.343762520154783,-4.974871328898859,-4.974871328898859
E0_repro__ppo__r314159,link_failure,3003,36,49,-1.3372067206585772,-1.1844883870278398,0.09653778333988747,False,False,False,-8.986239247146859,0.24902127861109222,-8.870681640582182
E0_repro__ppo__r314159,link_failure,3003,39,46,-0.8112999696279692,-0.7800858231962168,0.2872724415864394,False,False,False,1.680053526623871,3.430884799219532,1.368903604034313
E0_repro__ppo__r314159,link_failure,3003,42,49,0.6658326747749612,0.6658326747749612,0.6658326747749612,True,True,True,3.5877913128585783,3.5877913128585783,3.5877913128585783
E0_repro__ppo__r314159,link_failure,3003,45,49,0.13824741570597998,0.13824741570597998,0.34636868369323215,True,False,False,2.2893249219262994,3.8369745955946346,2.2893249219262994
E0_repro__ppo__r314159,link_failure,3003,48,49,0.6673067451224612,0.6673067451224612,0.6673067451224612,True,True,True,2.395335560467168,2.395335560467168,2.395335560467168
E0_repro__ppo__r314159,link_failure,3003,51,49,0.8755638572305886,0.8755638572305886,1.1171556319935885,True,False,False,2.994876777499486,3.6878599165446047,2.994876777499486
E0_repro__ppo__r314159,link_failure,3003,54,49,0.22811491834720324,0.22811491834720324,0.22811491834720324,True,True,True,4.313610498506369,4.313610498506369,4.313610498506369
E0_repro__ppo__r314159,link_failure,3003,57,49,0.7009664371722631,0.7009664371722631,0.7009664371722631,True,True,True,1.5507766278213468,1.5507766278213468,1.5507766278213468
E0_repro__ppo__r314159,deceptive_local_optimum,3001,0,52,1.799408947375868,1.9025832832126246,1.9025832832126246,False,True,False,11.798422070774743,11.064498832235834,11.064498832235834
E0_repro__ppo__r314159,deceptive_local_optimum,3001,3,46,1.74803705323545,1.999802624679775,1.999802624679775,False,True,False,11.239235777233592,11.491001348677916,11.491001348677916
E0_repro__ppo__r314159,deceptive_local_optimum,3001,6,46,1.8186453189816707,1.999802624679775,1.999802624679775,False,True,False,10.444523087245088,10.625680392943192,10.625680392943192
E0_repro__ppo__r314159,deceptive_local_optimum,3001,9,46,1.5459723156150915,2.009465478211833,2.009465478211833,False,True,False,6.4880960076598075,6.9515891702565495,6.9515891702565495
E0_repro__ppo__r314159,deceptive_local_optimum,3001,12,52,0.2936948967190787,0.7535032740292475,0.7535032740292475,False,True,False,2.0272028515692893,2.487011228879458,2.487011228879458
E0_repro__ppo__r314159,deceptive_local_optimum,3001,15,52,-0.05602555512211793,0.4019839637548824,0.4019839637548824,False,True,False,2.9398045772785664,3.3978140961555665,3.3978140961555665
E0_repro__ppo__r314159,deceptive_local_optimum,3001,18,52,-0.46861345436729246,-0.00038525786374929427,0.6981799729584544,False,False,False,6.0769707823200605,9.016843997733563,6.545198978823604
E0_repro__ppo__r314159,deceptive_local_optimum,3001,21,52,0.8263386341236398,1.2902670444536908,1.3650422224414607,False,False,False,6.175435550033937,6.503538549427528,6.639363960363988
E0_repro__ppo__r314159,deceptive_local_optimum,3001,24,52,0.4373673392261233,0.9006096555112584,1.6954184345485868,False,False,False,5.210161039024498,7.538134409813441,5.673403355309633
E0_repro__ppo__r314159,deceptive_local_optimum,3001,27,49,0.1203607338653429,0.5746435207982638,0.8733847915037701,False,False,False,4.850720757999259,5.689625070784236,5.3050035449321795
E0_repro__ppo__r314159,deceptive_local_optimum,3001,30,52,0.7312467465217116,1.2005617193250269,1.7972783738623486,False,False,False,0.962614833031576,7.583623808484547,1.4319298058348913
E0_repro__ppo__r314159,deceptive_local_optimum,3001,33,49,-0.7260285220716625,-0.26670171399582504,1.1611061316420799,False,False,False,1.0601099781619736,5.918692767766019,1.519436786237811
E0_repro__ppo__r314159,deceptive_local_optimum,3001,36,52,-0.045889513130746684,0.4136175647769309,1.1048167296723304,False,False,False,4.684681761485902,7.076714678948794,5.14418883939358
E0_repro__ppo__r314159,deceptive_local_optimum,3001,39,52,0.5869550406263326,1.062246048041055,1.062246048041055,False,True,False,6.05823576096218,6.533526768376903,6.533526768376903
E0_repro__ppo__r314159,deceptive_local_optimum,3001,42,52,0.369843620164049,0.8207892615813271,1.1072372797859762,False,False,False,9.350941387923848,8.864856997251822,9.801887029341126
E0_repro__ppo__r314159,deceptive_local_optimum,3001,45,52,1.53462418075037,1.999802624679775,1.999802624679775,False,True,False,11.533637304149245,11.99881574807865,11.99881574807865
E0_repro__ppo__r314159,deceptive_local_optimum,3001,48,52,1.517026720489964,1.999802624679775,1.999802624679775,False,True,False,11.516039843888839,11.99881574807865,11.99881574807865
E0_repro__ppo__r314159,deceptive_local_optimum,3001,51,52,1.535413659342652,1.999802624679775,1.999802624679775,False,True,False,11.534426782741527,11.99881574807865,11.99881574807865
E0_repro__ppo__r314159,deceptive_local_optimum,3001,54,52,1.5334783270859096,1.999802624679775,1.999802624679775,False,True,False,11.532491450484786,11.99881574807865,11.99881574807865
E0_repro__ppo__r314159,deceptive_local_optimum,3001,57,52,1.5259179864037846,1.999802624679775,1.999802624679775,False,True,False,5.525523235763335,5.999407874039325,5.999407874039325
E0_repro__ppo__r314159,deceptive_local_optimum,3002,0,52,1.799408947375868,1.999802624679775,1.999802624679775,False,True,False,11.553436711734214,10.363904976128287,10.363904976128287
E0_repro__ppo__r314159,deceptive_local_optimum,3002,3,46,1.8418245604371062,1.999802624679775,1.999802624679775,False,True,False,10.186317190162264,10.344295254404933,10.344295254404933
E0_repro__ppo__r314159,deceptive_local_optimum,3002,6,46,1.83815762704643,1.999802624679775,1.999802624679775,False,True,False,7.810855459764328,7.972500457397673,7.972500457397673
E0_repro__ppo__r314159,deceptive_local_optimum,3002,9,46,-0.14893278503345075,0.3043701133741966,0.5965384730295984,False,False,False,8.28874177946617,10.595551596428473,8.742044677873817
E0_repro__ppo__r314159,deceptive_local_optimum,3002,12,52,0.9951497325776666,1.4779964748777112,1.8339967781272772,False,False,False,8.976092754269954,11.833009901526152,9.45893949657
E0_repro__ppo__r314159,deceptive_local_optimum,3002,15,52,0.7295453960724081,1.2035819189482506,1.842723377197714,False,False,False,9.070663049213541,11.841736500596589,9.544699572089383
E0_repro__ppo__r314159,deceptive_local_optimum,3002,18,52,1.0097858719074402,1.467112576076613,1.8359737933469016,False,False,False,9.030755194994367,11.433049645196993,9.48808189916354
E0_repro__ppo__r314159,deceptive_local_optimum,3002,21,49,1.5415043690443246,1.999802624679775,1.999802624679775,False,True,False,10.023757481921189,10.482055737556639,10.482055737556639
E0_repro__ppo__r314159,deceptive_local_optimum,3002,24,52,0.9351128684251908,1.3852979262682719,1.3852979262682719,False,True,False,8.491461755248327,8.94164681309141,8.94164681309141
E0_repro__ppo__r314159,deceptive_local_optimum,3002,27,49,1.0952349140950663,1.548172108775673,1.548172108775673,False,True,False,6.607755527904981,7.060692722585587,7.060692722585587
E0_repro__ppo__r314159,deceptive_local_optimum,3002,30,52,0.42874928281100205,0.8935948699113311,1.468688925761163,False,False,False,8.009288210816875,5.250632786586774,8.474133797917203
E0_repro__ppo__r314159,deceptive_local_optimum,3002,33,52,1.2224671646430785,1.689056747513359,1.795787503137043,False,False,False,8.726583304668724,8.608674708767868,9.193181947477022
E0_repro__ppo__r314159,deceptive_local_optimum,3002,36,52,1.101870177763547,1.5714157649724934,1.5714157649724934,False,True,False,8.474213362566378,8.941946962171642,8.941946962171642
E0_repro__ppo__r314159,deceptive_local_optimum,3002,39,52,0.7742870391221395,1.2384801680417876,1.3239394785268757,False,False,False,9.385902015678559,7.162113740122249,9.809208395139121
E0_repro__ppo__r314159,deceptive_local_optimum,3002,42,52,1.5321930409840174,1.999802624679775,1.999802624679775,False,True,False,10.239027485513551,10.747523818668395,10.747523818668395
E0_repro__ppo__r314159,deceptive_local_optimum,3002,45,52,1.5381849813904391,1.999802624679775,1.999802624679775,False,True,False,11.537198104789315,11.99881574807865,11.99881574807865
E0_repro__ppo__r314159,deceptive_local_optimum,3002,48,52,1.5308691709801372,1.999802624679775,1.999802624679775,False,True,False,11.529882294379012,11.99881574807865,11.99881574807865
E0_repro__ppo__r314159,deceptive_local_optimum,3002,51,52,1.5298695881565414,1.999802624679775,1.999802624679775,False,True,False,11.528882711555417,11.99881574807865,11.99881574807865
E0_repro__ppo__r314159,deceptive_local_optimum,3002,54,52,1.5294681488826352,1.999802624679775,1.999802624679775,False,True,False,11.52848127228151,11.99881574807865,11.99881574807865
E0_repro__ppo__r314159,deceptive_local_optimum,3002,57,52,1.5196965113813798,1.999802624679775,1.999802624679775,False,True,False,5.51930176074093,5.999407874039325,5.999407874039325
E0_repro__ppo__r314159,deceptive_local_optimum,3003,0,52,1.7564556827375517,1.3606242712142085,1.8172556518196497,False,False,False,9.840977104461171,11.816268775218525,7.2692037755603485
E0_repro__ppo__r314159,deceptive_local_optimum,3003,3,46,1.8303177509181572,1.999802624679775,1.999802624679775,False,True,False,9.507918821882857,11.579187884488316,11.579187884488316
E0_repro__ppo__r314159,deceptive_local_optimum,3003,6,46,1.8355597198054983,1.999802624679775,1.999802624679775,False,True,False,10.146041874473223,10.3102847793475,10.3102847793475
E0_repro__ppo__r314159,deceptive_local_optimum,3003,9,46,1.358754992141134,1.8260814215341585,1.8260814215341585,False,True,False,8.853447286682602,9.320773716075626,9.320773716075626
E0_repro__ppo__r314159,deceptive_local_optimum,3003,12,52,1.50656223143734,1.9592816607173211,1.9592816607173211,False,True,False,7.516868122961022,7.969587552241004,7.969587552241004
E0_repro__ppo__r314159,deceptive_local_optimum,3003,15,52,0.2262169391894862,0.6862555710314887,1.8555153797550927,False,False,False,6.865332637128107,11.48497091220982,7.32537126897011
E0_repro__ppo__r314159,deceptive_local_optimum,3003,18,52,1.2851650511733075,1.7418623070871984,1.8363367797808015,False,False,False,9.495803246154892,11.835349903179678,9.952500502068784
E0_repro__ppo__r314159,deceptive_local_optimum,3003,21,52,1.1325098015260444,1.5874069480964799,1.8304341837785927,False,False,False,9.708634454780972,11.21359017714533,10.163531601351407
E0_repro__ppo__r314159,deceptive_local_optimum,3003,24,52,1.5339878088801522,1.999802624679775,1.999802624679775,False,True,False,8.030220350109898,8.496035165909522,8.496035165909522
E0_repro__ppo__r314159,deceptive_local_optimum,3003,27,52,1.0955317589041105,1.5699060022506854,1.8423570337281672,False,False,False,7.013564371332874,8.383705323469787,7.487938614679449
E0_repro__ppo__r314159,deceptive_local_optimum,3003,30,52,0.6598993375481899,1.1210167047748643,1.3356160602508993,False,False,False,8.407696633658876,8.10838731109482,8.868814000885552
E0_repro__ppo__r314159,deceptive_local_optimum,3003,33,52,1.5377696433740644,1.999802624679775,1.999802624679775,False,True,False,9.982958652995723,10.444991634301433,10.444991634301433
E0_repro__ppo__r314159,deceptive_local_optimum,3003,36,52,1.5184657069525642,1.999802624679775,1.999802624679775,False,True,False,7.713624504080514,8.194961217988936,8.194961217988936
E0_repro__ppo__r314159,deceptive_local_optimum,3003,39,46,0.06400347976637422,0.5434624770002631,1.2759026687210222,False,False,False,8.163655349202669,10.612936005550761,8.643114346436558
E0_repro__ppo__r314159,deceptive_local_optimum,3003,42,52,1.3573463376768622,1.8332908792294047,1.8332908792294047,False,True,False,11.121850243364307,11.59779478491685,11.59779478491685
E0_repro__ppo__r314159,deceptive_local_optimum,3003,45,52,1.5200920363378498,1.999802624679775,1.999802624679775,False,True,False,11.519105159736725,11.99881574807865,11.99881574807865
E0_repro__ppo__r314159,deceptive_local_optimum,3003,48,52,1.4973174924743735,1.999802624679775,1.999802624679775,False,True,False,11.49633061587325,11.99881574807865,11.99881574807865
E0_repro__ppo__r314159,deceptive_local_optimum,3003,51,52,1.5237629288117698,1.999802624679775,1.999802624679775,False,True,False,11.522776052210645,11.99881574807865,11.99881574807865
E0_repro__ppo__r314159,deceptive_local_optimum,3003,54,52,1.5294365231608358,1.999802624679775,1.999802624679775,False,True,False,11.52844964655971,11.99881574807865,11.99881574807865
E0_repro__ppo__r314159,deceptive_local_optimum,3003,57,52,1.5241007540009643,1.999802624679775,1.999802624679775,False,True,False,5.523706003360514,5.999407874039325,5.999407874039325
E0_repro__ppo__r314159,ood_double_failure,3001,0,52,1.595734648246842,1.275457178731701,1.8267113525195318,False,False,False,10.595127990544047,11.104346353652552,7.910577950029781
E0_repro__ppo__r314159,ood_double_failure,3001,3,46,0.891940714113522,1.659445766636822,1.8445815149501168,False,False,False,10.239001710177305,11.796055785948088,11.610920037634793
E0_repro__ppo__r314159,ood_double_failure,3001,6,46,1.814836266866013,1.999802624679775,1.999802624679775,False,True,False,10.73255924555355,10.917525603367313,10.917525603367313
E0_repro__ppo__r314159,ood_double_failure,3001,9,46,1.533158864073816,1.999802624679775,1.999802624679775,False,True,False,2.5595737533321183,3.0262175139380774,3.0262175139380774
E0_repro__ppo__r314159,ood_double_failure,3001,12,43,1.3499122803909145,-0.5043518232357053,1.3499122803909145,False,False,True,-4.323187543957554,-4.323187543957554,-14.149591360544127
E0_repro__ppo__r314159,ood_double_failure,3001,15,43,0.8526150279663531,0.8526150279663531,0.8526150279663531,True,True,True,-37.49766584980259,-37.49766584980259,-37.49766584980259
E0_repro__ppo__r314159,ood_double_failure,3001,18,27,-9.458180464991626,-10.847607056957239,-9.41517449671941,False,False,False,-51.51945707952803,-51.34521189990719,-55.790688617837965
E0_repro__ppo__r314159,ood_double_failure,3001,21,28,-8.369555404338268,-8.369555404338268,-8.289524462966124,True,False,False,-53.809000898303836,-52.210021876573855,-53.809000898303836
E0_repro__ppo__r314159,ood_double_failure,3001,24,28,-9.15917399225151,-9.15917399225151,-8.72167199074189,True,False,False,-55.5177679572526,-53.724368044660196,-55.5177679572526
E0_repro__ppo__r314159,ood_double_failure,3001,27,26,-9.268213058600761,-9.268213058600761,-8.96026514868889,True,False,False,-55.15690115951743,-52.36088922278228,-55.15690115951743
E0_repro__ppo__r314159,ood_double_failure,3001,30,28,-8.719917264965337,-8.719917264965337,-8.719917264965337,True,True,True,-57.86927699848225,-57.86927699848225,-57.86927699848225
E0_repro__ppo__r314159,ood_double_failure,3001,33,28,-9.507314728823633,-9.507314728823633,-8.803622874025132,True,False,False,-59.31961562261583,-53.19683715333754,-59.31961562261583
E0_repro__ppo__r314159,ood_double_failure,3001,36,28,-10.160046541896625,-10.160046541896625,-8.969489770431245,True,False,False,-57.33516396796638,-54.68984693155138,-57.33516396796638
E0_repro__ppo__r314159,ood_double_failure,3001,39,28,-9.048130600594327,-9.048130600594327,-9.048130600594327,True,True,True,-28.66935814170841,-28.66935814170841,-28.66935814170841
E0_repro__ppo__r314159,ood_double_failure,3001,42,40,-0.18673052885905678,-0.02328743185928291,1.3165755277346711,False,False,False,-0.8771148250617216,6.276852790837938,-0.713447338488798
E0_repro__ppo__r314159,ood_double_failure,3001,45,38,0.011170128115185123,0.011170128115185123,0.8433629545373367,True,False,False,0.03418329960897236,8.74940926932277,0.03418329960897236
E0_repro__ppo__r314159,ood_double_failure,3001,48,52,0.7124890683749765,0.1612028582429829,1.7455703702776688,False,False,False,8.495313516244709,7.001699626149771,-0.4437453384889163
E0_repro__ppo__r314159,ood_double_failure,3001,51,46,1.844093868457543,1.999802624679775,1.999802624679775,False,True,False,11.469180070234948,11.62488882645718,11.62488882645718
E0_repro__ppo__r314159,ood_double_failure,3001,54,49,1.6258757030583058,1.6258757030583058,1.6258757030583058,True,True,True,11.029944370958273,11.029944370958273,11.029944370958273
E0_repro__ppo__r314159,ood_double_failure,3001,57,49,1.999802624679775,1.999802624679775,1.999802624679775,True,True,True,5.404463418540417,5.404463418540417,5.404463418540417
E0_repro__ppo__r314159,ood_double_failure,3002,0,52,1.8062755171684424,2.0055508800321924,2.0055508800321924,False,True,False,10.031053004019398,7.760141538674924,7.760141538674924
E0_repro__ppo__r314159,ood_double_failure,3002,3,46,1.8410367156543992,1.999802624679775,1.999802624679775,False,True,False,11.013185086820053,11.17195099584543,11.17195099584543
E0_repro__ppo__r314159,ood_double_failure,3002,6,46,1.8405522137401737,1.999802624679775,1.999802624679775,False,True,False,10.736052738655232,10.895303149594834,10.895303149594834
E0_repro__ppo__r314159,ood_double_failure,3002,9,46,1.0839336210399002,1.5367908337971323,1.8530897630832874,False,False,False,9.670880466918307,10.440036608961694,10.12373767967554
E0_repro__ppo__r314159,ood_double_failure,3002,12,43,1.4482684298862902,1.6289787649750003,1.8286910711929454,False,False,False,0.9069669501545432,-0.7772446908310486,-0.9738627622410445
E0_repro__ppo__r314159,ood_double_failure,3002,15,43,1.7500850133334873,1.7500850133334873,1.8325780265512266,True,False,False,-29.924567794666316,-29.843533427206623,-29.924567794666316
E0_repro__ppo__r314159,ood_double_failure,3002,18,28,-8.794774928802008,-8.595483036566117,-8.595483036566117,False,True,False,-51.69858856148284,-52.5505355945603,-52.5505355945603
E0_repro__ppo__r314159,ood_double_failure,3002,21,28,-8.23244254721962,-8.23244254721962,-8.23244254721962,True,True,True,-51.680775516319656,-51.680775516319656,-51.680775516319656
E0_repro__ppo__r314159,ood_double_failure,3002,24,28,-9.071238402046303,-9.071238402046303,-9.071238402046303,True,True,True,-50.39946805368544,-50.39946805368544,-50.39946805368544
E0_repro__ppo__r314159,ood_double_failure,3002,27,28,-8.481778749475144,-8.481778749475144,-8.481778749475144,True,True,True,-50.694031180790084,-50.694031180790084,-50.694031180790084
E0_repro__ppo__r314159,ood_double_failure,3002,30,28,-8.738032458957175,-8.738032458957175,-8.738032458957175,True,True,True,-51.33210006333868,-51.33210006333868,-51.33210006333868
E0_repro__ppo__r314159,ood_double_failure,3002,33,28,-8.297703515729413,-8.297703515729413,-8.297703515729413,True,True,True,-52.772715837237484,-52.772715837237484,-52.772715837237484
E0_repro__ppo__r314159,ood_double_failure,3002,36,28,-9.126010793405785,-9.126010793405785,-9.126010793405785,True,True,True,-53.87270506729783,-53.87270506729783,-53.87270506729783
E0_repro__ppo__r314159,ood_double_failure,3002,39,28,-8.547067761776244,-8.547067761776244,-8.547067761776244,True,True,True,-28.918287448893008,-28.918287448893008,-28.918287448893008
E0_repro__ppo__r314159,ood_double_failure,3002,42,40,-0.47389594776280075,-0.3106963405668136,0.8504297847509528,False,False,False,-6.529648354251232,2.674580779632595,-6.366162218230656
E0_repro__ppo__r314159,ood_double_failure,3002,45,40,-0.9106125960328447,-1.4024055204308157,0.653909559912071,False,False,False,2.3821688253476045,4.054133882291145,-2.557281380913031
E0_repro__ppo__r314159,ood_double_failure,3002,48,52,1.3706456074440365,0.8965572878362074,1.3706456074440365,False,False,True,9.652782891635308,9.652782891635308,8.248231521990602
E0_repro__ppo__r314159,ood_double_failure,3002,51,46,1.999802624679775,1.999802624679775,1.999802624679775,True,True,True,11.462367195947152,11.462367195947152,11.462367195947152
E0_repro__ppo__r314159,ood_double_failure,3002,54,49,1.999802624679775,1.999802624679775,1.999802624679775,True,True,True,11.462367195947152,11.462367195947152,11.462367195947152
E0_repro__ppo__r314159,ood_double_failure,3002,57,49,1.999802624679775,1.999802624679775,1.999802624679775,True,True,True,5.999407874039325,5.999407874039325,5.999407874039325
E0_repro__ppo__r314159,ood_double_failure,3003,0,52,1.2272936588985337,0.6659663154357138,1.6363142112039233,False,False,False,5.544844502269892,9.653199928178875,1.5045276414565703
E0_repro__ppo__r314159,ood_double_failure,3003,3,46,1.5855996894523081,1.999802624679775,1.999802624679775,False,True,False,5.738935456214375,8.464886183040855,8.464886183040855
E0_repro__ppo__r314159,ood_double_failure,3003,6,46,1.444582117635309,1.6080738776598245,1.6080738776598245,False,True,False,8.238196250379715,8.40168801040423,8.40168801040423
E0_repro__ppo__r314159,ood_double_failure,3003,9,46,1.206401004000746,1.6777343920192025,1.6777343920192025,False,True,False,3.8352145074968775,4.306547895515334,4.306547895515334
E0_repro__ppo__r314159,ood_double_failure,3003,12,40,0.9458366757534195,-0.007499360516414855,0.9458366757534195,False,False,True,-1.6085369349645142,-1.6085369349645142,-6.538486715618618
E0_repro__ppo__r314159,ood_double_failure,3003,15,43,1.6027453236426956,1.6027453236426956,1.7653602319582913,True,False,False,-31.92345558027867,-31.519933599534127,-31.92345558027867
E0_repro__ppo__r314159,ood_double_failure,3003,18,28,-8.668593721975924,-8.82204313526684,-8.624936260980656,False,False,False,-49.64837079167569,-49.44871390621209,-52.859877264280684
E0_repro__ppo__r314159,ood_double_failure,3003,21,28,-8.394645680362379,-8.394645680362379,-8.173219186842795,True,False,False,-49.52757770856137,-48.992579927649224,-49.52757770856137
E0_repro__ppo__r314159,ood_double_failure,3003,24,28,-8.637703093162528,-8.637703093162528,-8.145919003340179,True,False,False,-50.34201862047906,-49.81496253298954,-50.34201862047906
E0_repro__ppo__r314159,ood_double_failure,3003,27,28,-7.978040847774668,-7.978040847774668,-7.978040847774668,True,True,True,-51.464162782628925,-51.464162782628925,-51.464162782628925
E0_repro__ppo__r314159,ood_double_failure,3003,30,28,-8.827422060934605,-8.827422060934605,-8.33112065499178,True,False,False,-52.12830521382685,-51.30101762212613,-52.12830521382685
E0_repro__ppo__r314159,ood_double_failure,3003,33,28,-8.751047769388137,-8.751047769388137,-8.751047769388137,True,True,True,-53.04640147070779,-53.04640147070779,-53.04640147070779
E0_repro__ppo__r314159,ood_double_failure,3003,36,28,-9.209359060627808,-9.209359060627808,-9.209359060627808,True,True,True,-52.74717703289026,-52.74717703289026,-52.74717703289026
E0_repro__ppo__r314159,ood_double_failure,3003,39,28,-8.815940478665825,-8.815940478665825,-8.584933976563464,True,False,False,-21.820160658854203,-21.16393868662424,-21.820160658854203
E0_repro__ppo__r314159,ood_double_failure,3003,42,43,0.9521723112381548,1.097655325399976,1.7954443184096518,False,False,False,5.248611272569364,10.090791944474399,5.394837356577365
E0_repro__ppo__r314159,ood_double_failure,3003,45,41,0.2732533423008822,0.2732533423008822,1.2708047267783997,True,False,False,2.224663084019557,7.593211068170556,2.224663084019557
E0_repro__ppo__r314159,ood_double_failure,3003,48,49,1.2877686998084494,0.5632999565094304,1.425855647557702,False,False,False,8.955839915923269,6.745577455898942,1.562912600438266
E0_repro__ppo__r314159,ood_double_failure,3003,51,46,1.5394901691667364,1.999802624679775,1.999802624679775,False,True,False,11.299781871668387,11.760094327181424,11.760094327181424
E0_repro__ppo__r314159,ood_double_failure,3003,54,49,1.999802624679775,1.999802624679775,1.999802624679775,True,True,True,11.89154179855752,11.89154179855752,11.89154179855752
E0_repro__ppo__r314159,ood_double_failure,3003,57,49,1.999802624679775,1.999802624679775,1.999802624679775,True,True,True,5.999407874039325,5.999407874039325,5.999407874039325
E0_repro__ppo__r314159,overload_stress,3001,0,49,-0.9823637715064077,-1.9896327059994559,-0.9595066286492648,False,False,False,-6.434734229954783,-6.853014421631532,-13.539656175942017
E0_repro__ppo__r314159,overload_stress,3001,3,45,-2.667214970673231,-1.3244497547096705,-0.9196309419054375,False,False,False,-11.110764234413704,-1.3449404965988305,-3.074276119499936
E0_repro__ppo__r314159,overload_stress,3001,6,46,-0.11621720513154307,0.2999220200825564,0.5237776365741564,False,False,False,-2.753991212664063,0.8123191426125033,-0.2576516141314382
E0_repro__ppo__r314159,overload_stress,3001,9,46,0.42524327648057697,0.8873024443398896,0.8873024443398896,False,True,False,-5.56940058399411,-5.840197942991593,-5.840197942991593
E0_repro__ppo__r314159,overload_stress,3001,12,49,-1.9535130890986159,-1.4382304293789006,-1.4382304293789006,False,True,False,-14.418939105172338,-12.648143555874599,-12.648143555874599
E0_repro__ppo__r314159,overload_stress,3001,15,47,-3.124419941817753,-2.6634869655819764,-2.5275101668473536,False,False,False,-11.363370337329453,-13.08686433172943,-11.503828955694878
E0_repro__ppo__r314159,overload_stress,3001,18,45,-2.2380266778844566,-1.5248767823795362,-1.5248767823795362,False,True,False,-6.570782224340596,-4.653246234309924,-4.653246234309924
E0_repro__ppo__r314159,overload_stress,3001,21,49,-1.0122993195741505,-0.7235678690208117,-0.2388843570370379,False,False,False,-7.855152204917426,-8.896529495612244,-8.795186252668199
E0_repro__ppo__r314159,overload_stress,3001,24,52,-2.0999244074810712,-1.4049203532845236,-1.2275142307420857,False,False,False,-13.418246677102712,-11.568277912986094,-11.978176927613303
E0_repro__ppo__r314159,overload_stress,3001,27,43,-3.3483122877994687,-2.9570039760856854,-2.8541125643442236,False,False,False,-16.03695347213466,-14.32774691947136,-16.858100796511202
E0_repro__ppo__r314159,overload_stress,3001,30,49,-3.699680380517584,-2.8431267629508294,-2.346083278400048,False,False,False,-21.258052211891243,-16.867397053340007,-19.883463843118314
E0_repro__ppo__r314159,overload_stress,3001,33,49,-3.2525423128400064,-3.0445496838169173,-2.323652003194957,False,False,False,-20.251777628713477,-19.222783021157714,-21.44115539730354
E0_repro__ppo__r314159,overload_stress,3001,36,46,-4.423202058549958,-3.421445364804763,-3.2881064497996935,False,False,False,-18.635708442406653,-15.564517505398342,-16.341141988191996
E0_repro__ppo__r314159,overload_stress,3001,39,46,-3.366766548628386,-3.130020028394024,-2.596320005611793,False,False,False,-15.2508879266608,-13.510233140288731,-15.331888952176545
E0_repro__ppo__r314159,overload_stress,3001,42,48,-2.550072547147019,-2.099306481744156,-2.099306481744156,False,True,False,-17.284021642037924,-16.468114835674886,-16.468114835674886
E0_repro__ppo__r314159,overload_stress,3001,45,45,-2.9786697656341183,-2.5300817741450383,-2.146417933875036,False,False,False,-9.494737416106435,-7.841545872099305,-9.368916513572024
E0_repro__ppo__r314159,overload_stress,3002,0,49,0.09586241558712091,-2.0644378261136804,0.09586241558712091,False,False,True,-3.591255787415201,-3.591255787415201,-12.400619377038652
E0_repro__ppo__r314159,overload_stress,3002,3,46,-1.0558583157205226,-0.45163448555119684,-0.07535013063706505,False,False,False,-11.835950379239842,-5.340848909492264,-7.4450031221985284
E0_repro__ppo__r314159,overload_stress,3002,6,43,-1.8154177047239923,-0.7015674688472513,-0.7015674688472513,False,True,False,-14.12801474049345,-8.280948954323808,-8.280948954323808
E0_repro__ppo__r314159,overload_stress,3002,9,46,-2.140623928684851,-2.223786080141883,-1.780791102032817,False,False,False,-2.032341873844877,-2.3927567777983545,-6.503871876370806
E0_repro__ppo__r314159,overload_stress,3002,12,49,-1.8003575874029691,0.3420949394485251,0.5430824764121163,False,False,False,-4.023734418632313,-3.711659634277362,0.691672660301467
E0_repro__ppo__r314159,overload_stress,3002,15,48,-0.4325445354931633,-0.7612636555278733,-0.11013733703854361,False,False,False,-4.838943021640777,-5.334545116565588,-5.557749096296288
E0_repro__ppo__r314159,overload_stress,3002,18,52,-1.063740598259023,-0.5985510454267842,-0.5985510454267842,False,True,False,-11.696613563097632,-10.734689529211117,-10.734689529211117
E0_repro__ppo__r314159,overload_stress,3002,21,44,-2.2106401244082847,-1.753129123141863,-1.435087114466085,False,False,False,-12.19048577681247,-9.512055721742236,-11.93526668256538
E0_repro__ppo__r314159,overload_stress,3002,24,44,-2.747725492970656,-2.2615758338464396,-2.1292301844682524,False,False,False,-12.253735851942665,-10.115752493254874,-11.732027643119423
E0_repro__ppo__r314159,overload_stress,3002,27,44,-2.4771604109531293,-2.0257061700492307,-1.78155357268269,False,False,False,-12.051032839530183,-11.570141749524362,-12.058148751718377
E0_repro__ppo__r314159,overload_stress,3002,30,46,-2.557556404227265,-2.0835685978204164,-2.0686763041756313,False,False,False,-13.895055287725475,-12.96227170753674,-12.23628793576486
E0_repro__ppo__r314159,overload_stress,3002,33,50,-1.9546750445118437,-1.9055013543357853,-1.4499854684628604,False,False,False,-16.98751545136642,-14.045062747418319,-17.831263036044028
E0_repro__ppo__r314159,overload_stress,3002,36,43,-3.4906904247353903,-2.881492543170115,-2.525607566240127,False,False,False,-18.52484848185086,-14.292037713769428,-16.136741063106093
E0_repro__ppo__r314159,overload_stress,3002,39,43,-2.588450078453116,-2.2880230373264583,-2.2803726582543002,False,False,False,-15.715592544710224,-16.104273661808428,-17.288176357490542
E0_repro__ppo__r314159,overload_stress,3002,42,48,-2.8744726795693647,-2.4054690489998154,-2.1819322472635463,False,False,False,-20.641586420085225,-17.38864452062145,-18.639975632111856
E0_repro__ppo__r314159,overload_stress,3002,45,45,-3.9374034822912223,-3.8769301108308794,-3.4939017582989838,False,False,False,-11.000274092611377,-10.157829508915306,-11.377304494679903
E0_repro__ppo__r314159,overload_stress,3003,0,49,-1.9050733842626988,-2.702710203458543,-1.9050733842626988,False,False,True,-11.647161067662935,-11.647161067662935,-17.059065495527477
E0_repro__ppo__r314159,overload_stress,3003,3,46,-1.8736135690954239,-1.0707634583015668,-0.9453911868370934,False,False,False,-15.338662269302471,-11.243624234899308,-12.043619391278455
E0_repro__ppo__r314159,overload_stress,3003,6,41,-4.290022060902986,-3.088888819716405,-2.6690249969711775,False,False,False,-16.44956540494353,-10.994616053827675,-12.269165381585527
E0_repro__ppo__r314159,overload_stress,3003,9,42,-2.0081292913938684,-1.5346993052825342,-1.5346993052825342,False,True,False,-8.424650884655373,-8.503744798398127,-8.503744798398127
E0_repro__ppo__r314159,overload_stress,3003,12,45,-2.0720910262432293,-1.6202220325228842,-1.2795967513660802,False,False,False,-7.925527487236218,-6.707702877943101,-7.048607594313495
E0_repro__ppo__r314159,overload_stress,3003,15,40,-2.173192404475478,-2.093134682177298,-1.7224768840410274,False,False,False,-5.740344915675654,-5.340882607576189,-7.165854296409925
E0_repro__ppo__r314159,overload_stress,3003,18,49,-1.5666391027793256,-1.1111726348222284,-1.1111726348222284,False,True,False,-4.835602792642712,-4.353568448079628,-4.353568448079628
E0_repro__ppo__r314159,overload_stress,3003,21,50,-1.7309145740891394,-1.3047451063253137,-0.7171938725316107,False,False,False,-3.5466092721166484,-3.0473234898757546,-4.466033686180352
E0_repro__ppo__r314159,overload_stress,3003,24,51,-1.0040664846597764,-0.36351314386114464,-0.36351314386114464,False,True,False,-7.464594745817011,-5.3461728926386245,-5.3461728926386245
E0_repro__ppo__r314159,overload_stress,3003,27,50,-0.3878425790778466,0.05611716809254555,0.05611716809254555,False,True,False,-9.436484958680325,-9.316919029296589,-9.316919029296589
E0_repro__ppo__r314159,overload_stress,3003,30,49,-2.6117383736717183,-2.097816915397091,-1.7527005720337427,False,False,False,-11.749032953835641,-12.503038360387798,-10.229083665220614
E0_repro__ppo__r314159,overload_stress,3003,33,51,-2.2525763618383605,-1.7885015305236425,-1.7885015305236425,False,True,False,-9.291709463014428,-11.806038758028915,-11.806038758028915
E0_repro__ppo__r314159,overload_stress,3003,36,48,-2.8170273557668506,-1.727751796489188,-1.727751796489188,False,True,False,-14.483890271671925,-10.520815308877442,-10.520815308877442
E0_repro__ppo__r314159,overload_stress,3003,39,46,-2.551106349751954,-2.6309573885525683,-2.234438400002174,False,False,False,-12.267251535780833,-12.12328103645494,-13.576779477797903
E0_repro__ppo__r314159,overload_stress,3003,42,46,-2.6190489359561275,-1.8454740261318583,-1.8454740261318583,False,True,False,-11.10428647181693,-8.950680706478193,-8.950680706478193
E0_repro__ppo__r314159,overload_stress,3003,45,49,-2.1202943911447765,-1.9315159839467133,-1.464830570772922,False,False,False,-4.139890975007022,-3.0465441701090117,-5.0247453340785535
