protected_disconnect,unprotected_disconnect,sla_severity,delivered_ratio,max_util,overload_ratio,mean_util,util_std,mean_delay_ms,loss_ratio,sla_violation_fraction,flow_solver_residual,max_delay_ms,gross_max_util,sla_violations,congested_links,disconnected_demands,protected_disconnected_demands,offered_mbps,delivered_mbps,flow_solver_iterations_max,t_min,hour,step,n_demands,accepted_te_changes,rejected_te_requests,te_reversals,frr_changes,frr_disconnections,recovery_restorations,step_index,action,action_accepted,valid_action_count,reward,moved_mbps,dwell_active_demands,dwell_remaining_mean,n_failed_links,rc_delivery,rc_protected_disconnect,rc_unprotected_disconnect,rc_sla_severity,rc_max_util,rc_overload,rc_potential,rc_move_fixed,rc_move_volume,rc_move_divergence,rc_reversal,rc_invalid,chosen,score_chosen,score_noop,score_margin,policy,prob_chosen,prob_noop,entropy,demand_idx,path_idx
0.0,0.0,0.0,1.0,0.5089002633604314,0.0,0.09833654502904868,0.1388381122675417,14.121348726916604,0.0,0.0,0.0,17.475930983536774,0.5089002633604314,0,0,0,0,1168.150736910813,1168.150736910813,1,5.0,9.083333333333334,1,17,1,0,0,0,0,0,0,18,True,52,1.794398508962507,90.0,0,0.0,0,2.0,-0.0,-0.0,-0.0,-0.0,-0.0,-0.00019737532022490178,-0.08,-0.022546972860125258,-0.10285714285714284,0.0,0.0,18.0,1.162438988685608,1.0558037757873535,0.07150423526763916,E0_repro__bandit__r314159,,,,4,1
0.0,0.0,0.0,1.0,0.5598881849696359,0.0,0.09699857702670993,0.14046518285238524,14.364448100783784,0.0,0.0,0.0,18.262697521501345,0.5598881849696359,0,0,0,0,1156.8931069239047,1156.8931069239047,1,10.0,9.166666666666666,2,17,1,0,0,0,0,0,1,58,True,49,1.826717096701422,48.64906795268393,1,0.11764705882352941,0,2.0,-0.0,-0.0,-0.0,-0.0,-0.0,-0.00019737532022490178,-0.08,-0.013085527978353039,-0.07999999999999999,0.0,0.0,58.0,1.4194260835647583,1.3915903568267822,0.027835726737976074,E0_repro__bandit__r314159,,,,14,1
0.0,0.0,0.0,1.0,0.7040312084484788,0.0,0.1097020218075958,0.1586401588089736,15.20711533948845,0.0,0.0,0.0,20.875504730744733,0.7040312084484788,0,0,0,0,1282.5406968782754,1282.5406968782754,1,15.0,9.25,3,17,0,0,0,0,0,0,2,0,False,46,1.9731068629779667,0.0,2,0.17647058823529413,0,2.0,-0.0,-0.0,-0.0,-0.02669576170180848,-0.0,-0.00019737532022490178,0.0,0.0,0.0,0.0,0.0,0.0,1.3661646842956543,1.3661646842956543,0.015497326850891113,E0_repro__bandit__r314159,,,,-1,-1
0.0,0.0,0.0,1.0,0.7125792092078449,0.0,0.11796364560586566,0.16514218193308458,15.354751698202207,0.0,0.0,0.0,20.45963483080386,0.7125792092078449,0,0,0,0,1372.9432390908976,1372.9432390908976,1,20.0,9.333333333333334,4,17,0,0,0,0,0,0,3,0,False,49,1.9176517609449726,0.0,1,0.058823529411764705,0,2.0,-0.0,-0.0,-0.0,-0.0821508637348025,-0.0,-0.00019737532022490178,0.0,0.0,0.0,0.0,0.0,0.0,1.3269411325454712,1.3269411325454712,0.007593035697937012,E0_repro__bandit__r314159,,,,-1,-1
0.0,0.0,0.0,1.0,0.6464404694590489,0.0,0.10876667738472005,0.15317734364438512,14.828805658684749,0.0,0.0,0.0,18.973686987231904,0.6464404694590489,0,0,0,0,1277.9029576934765,1277.9029576934765,1,25.0,9.416666666666666,5,17,0,0,0,0,0,0,4,0,False,52,1.999802624679775,0.0,0,0.0,0,2.0,-0.0,-0.0,-0.0,-0.0,-0.0,-0.00019737532022490178,0.0,0.0,0.0,0.0,0.0,0.0,1.2824355363845825,1.2824355363845825,0.0445857048034668,E0_repro__bandit__r314159,,,,-1,-1
0.0,0.0,0.0,1.0,0.5982032281593606,0.0,0.1029232514879523,0.14755410614066491,14.660158518125025,0.0,0.0,0.0,18.427195805234167,0.5982032281593606,0,0,0,0,1235.7803161426978,1235.7803161426978,1,30.0,9.5,6,17,0,0,0,0,0,0,5,0,False,52,1.999802624679775,0.0,0,0.0,0,2.0,-0.0,-0.0,-0.0,-0.0,-0.0,-0.00019737532022490178,0.0,0.0,0.0,0.0,0.0,0.0,1.4099714756011963,1.4099714756011963,0.03302633762359619,E0_repro__bandit__r314159,,,,-1,-1
0.0,0.0,0.0,1.0,0.5024276200335813,0.0,0.0972459898275439,0.13781600858155255,14.172570040034248,0.0,0.0,0.0,17.55766760118735,0.5024276200335813,0,0,0,0,1160.063374495247,1160.063374495247,1,35.0,9.583333333333334,7,17,0,0,0,0,0,0,6,0,False,52,1.999802624679775,0.0,0,0.0,0,2.0,-0.0,-0.0,-0.0,-0.0,-0.0,-0.00019737532022490178,0.0,0.0,0.0,0.0,0.0,0.0,1.5403631925582886,1.5403631925582886,0.03050839900970459,E0_repro__bandit__r314159,,,,-1,-1
0.0,0.0,0.0,1.0,0.5669599231774239,0.0,0.098413238801412,0.1440453649276985,14.43852820009457,0.0,0.0,0.0,18.681633277293802,0.5669599231774239,0,0,0,0,1158.443664870538,1158.443664870538,1,40.0,9.666666666666666,8,17,0,0,0,0,0,0,7,0,False,52,1.999802624679775,0.0,0,0.0,0,2.0,-0.0,-0.0,-0.0,-0.0,-0.0,-0.00019737532022490178,0.0,0.0,0.0,0.0,0.0,0.0,1.434690237045288,1.434690237045288,0.004199504852294922,E0_repro__bandit__r314159,,,,-1,-1
0.0,0.0,0.0,1.0,0.7848610671920724,0.0,0.10714818644753751,0.1488951922279991,15.232930629822059,0.0,0.0,0.0,21.494882850983238,0.7848610671920724,0,0,0,0,1214.8114910501959,1214.8114910501959,1,45.0,9.75,9,17,1,0,0,0,0,0,8,24,True,52,1.271932828653264,200.99158309082068,0,0.0,0,2.0,-0.0,-0.0,-0.0,-0.4981998601363369,-0.0,-0.009811914584622217,-0.08,-0.05005539662577654,-0.09,0.0,0.0,24.0,1.3402976989746094,1.2954001426696777,0.04489755630493164,E0_repro__bandit__r314159,,,,5,3
0.0,0.0,0.0,1.0,0.6627781421868727,0.0,0.1094166929143338,0.15381467843455193,15.205121364778572,0.0,0.0,0.0,21.22964900972474,0.6627781421868727,0,0,0,0,1258.5055929771174,1258.5055929771174,1,50.0,9.833333333333334,10,17,0,0,0,0,0,0,9,0,False,49,2.009465478211833,0.0,1,0.11764705882352941,0,2.0,-0.0,-0.0,-0.0,-0.0,-0.0,0.009465478211832702,0.0,0.0,0.0,0.0,0.0,0.0,1.2383664846420288,1.2383664846420288,0.08605027198791504,E0_repro__bandit__r314159,,,,-1,-1
0.0,0.0,0.0,1.0,0.682994868281804,0.0,0.11103741323029433,0.15845239325150934,15.323126098379797,0.0,0.0,0.0,21.287130639580404,0.682994868281804,0,0,0,0,1291.5974008553508,1291.5974008553508,1,55.0,9.916666666666666,11,17,0,0,0,0,0,0,10,0,False,49,1.999802624679775,0.0,1,0.058823529411764705,0,2.0,-0.0,-0.0,-0.0,-0.0,-0.0,-0.00019737532022490178,0.0,0.0,0.0,0.0,0.0,0.0,1.4713952541351318,1.4713952541351318,0.06353938579559326,E0_repro__bandit__r314159,,,,-1,-1
0.0,0.0,0.0,1.0,0.8212374648541528,0.0,0.11169263075784497,0.17057779467769107,16.441088694769157,0.0,0.0,0.0,21.880200635318122,0.8212374648541528,0,0,0,0,1295.9842161370266,1295.9842161370266,1,60.0,10.0,12,17,0,0,0,0,0,0,11,0,False,52,1.307835839173307,0.0,0,0.0,0,2.0,-0.0,-0.0,-0.0,-0.6788284990896779,-0.0,-0.01333566173701528,0.0,0.0,0.0,0.0,0.0,0.0,1.2565208673477173,1.2565208673477173,0.04386556148529053,E0_repro__bandit__r314159,,,,-1,-1
0.0,0.0,0.0,0.999011742108108,0.9555507170245493,0.0,0.1298614901398786,0.19976399530973293,22.67103912211337,0.000955468595797125,0.0,0.0,48.40949055003397,0.9555507170245493,0,1,0,0,1485.2986449808661,1483.8307868731472,1,65.0,10.083333333333334,13,17,1,0,0,0,0,0,12,2,True,52,0.5917691931036834,17.30423142260934,0,0.0,0,1.998023484216216,-0.0,-0.0,-0.0,-1.2323548600601584,-0.0,-0.00997012621287363,-0.08,-0.003929304839500569,-0.07999999999999999,0.0,0.0,2.0,1.0476793050765991,1.0394492149353027,0.008230090141296387,E0_repro__bandit__r314159,,,,0,1
0.0,0.0,0.0,1.0,0.8888778262131953,0.0,0.13345226583257402,0.20219001736715586,19.045632038616795,0.0,0.0,0.0,28.36005310988792,0.8888778262131953,0,0,0,0,1507.0750702169285,1507.0750702169285,1,70.0,10.166666666666666,14,17,1,0,0,0,0,0,13,8,True,49,0.8852304248575615,53.306558478567645,1,0.11764705882352941,0,2.0,-0.0,-0.0,-0.0,-0.9766602789152568,-0.0,0.012350053175603799,-0.08,-0.010459349402785431,-0.06,0.0,0.0,8.0,0.6722176671028137,0.5852928161621094,0.08692485094070435,E0_repro__bandit__r314159,,,,1,3
0.0,0.0,0.0,1.0,0.814279356275944,0.0,0.13530616216309865,0.19909981108922287,18.117561017756504,0.0,0.0,0.0,27.568832527305403,0.814279356275944,0,0,0,0,1505.78661353024,1505.78661353024,1,75.0,10.25,15,17,0,0,0,0,0,0,14,0,False,46,1.3546821702477863,0.0,2,0.17647058823529413,0,2.0,-0.0,-0.0,-0.0,-0.6455160904503019,-0.0,0.00019826069808818181,0.0,0.0,0.0,0.0,0.0,0.0,1.0062123537063599,1.0062123537063599,0.09224313497543335,E0_repro__bandit__r314159,,,,-1,-1
0.0,0.0,0.0,0.9999015661528868,0.9282251528456131,0.0,0.13719340069877722,0.20573035587845995,20.26308534083181,9.523851993172742e-05,0.0,0.0,41.135294593424966,0.9282251528456131,0,1,0,0,1502.48959827482,1502.3417024434143,1,80.0,10.333333333333334,16,17,0,0,0,0,0,0,15,0,False,49,0.8626313988945228,0.0,1,0.058823529411764705,0,1.9998031323057737,-0.0,-0.0,-0.0,-1.1314802880007264,-0.0,-0.0056914454105244485,0.0,0.0,0.0,0.0,0.0,0.0,0.9660971164703369,0.9660971164703369,0.0655440092086792,E0_repro__bandit__r314159,,,,-1,-1
0.0,0.0,0.0,0.999924936653203,0.9251231498769803,0.0,0.14395580676126346,0.20652356718854192,19.007111816768898,7.59606113692077e-05,0.0,0.0,42.13422226881442,0.9251231498769803,0,1,0,0,1555.7857836413214,1555.6690011535022,1,85.0,10.416666666666666,17,17,0,0,0,0,0,0,16,0,False,52,0.8957787553742882,0.0,0,0.0,0,1.999849873306406,-0.0,-0.0,-0.0,-1.1197006632442998,-0.0,0.015629545312181924,0.0,0.0,0.0,0.0,0.0,0.0,0.8934153318405151,0.8934153318405151,0.07013773918151855,E0_repro__bandit__r314159,,,,-1,-1
0.0,0.0,0.0,1.0,0.8659878684466908,0.0,0.14881136749213159,0.21157003989747122,18.482307907159328,0.0,0.0,0.0,27.02954357433767,0.8659878684466908,0,0,0,0,1651.4377732065848,1651.4377732065848,1,90.0,10.5,18,17,0,0,0,0,0,0,17,0,False,52,1.1019511331221272,0.0,0,0.0,0,2.0,-0.0,-0.0,-0.0,-0.8807542515087416,-0.0,-0.017294615369131107,0.0,0.0,0.0,0.0,0.0,0.0,1.1133047342300415,1.1133047342300415,0.08647823333740234,E0_repro__bandit__r314159,,,,-1,-1
0.0,0.0,0.0,1.0,0.8829442742598141,0.0,0.13356345756642374,0.18689974507734347,17.03088713003921,0.0,0.0,0.0,28.55724182385104,0.8829442742598141,0,0,0,0,1508.443451819479,1508.443451819479,1,95.0,10.583333333333334,19,17,0,0,0,0,0,0,18,0,False,52,1.0647481842338755,0.0,0,0.0,0,2.0,-0.0,-0.0,-0.0,-0.952237596273946,-0.0,0.016985780507821534,0.0,0.0,0.0,0.0,0.0,0.0,0.874794602394104,0.874794602394104,0.027243077754974365,E0_repro__bandit__r314159,,,,-1,-1
0.0,0.0,0.0,1.0,0.6781312609649633,0.0,0.12000423691312345,0.16129510634400723,15.409518883440194,0.0,0.0,0.0,23.360898100667626,0.6781312609649633,0,0,0,0,1361.1158661647498,1361.1158661647498,1,100.0,10.666666666666666,20,17,0,0,0,0,0,0,19,0,False,52,1.999802624679775,0.0,0,0.0,0,2.0,-0.0,-0.0,-0.0,-0.0,-0.0,-0.00019737532022490178,0.0,0.0,0.0,0.0,0.0,0.0,1.5125880241394043,1.5125880241394043,0.09050977230072021,E0_repro__bandit__r314159,,,,-1,-1
0.0,0.0,0.0,1.0,0.7320799724537419,0.0,0.13152607983184453,0.18066304151955906,16.14158566619972,0.0,0.0,0.0,22.701257173300522,0.7320799724537419,0,0,0,0,1469.8007281207645,1469.8007281207645,1,105.0,10.75,21,17,0,0,0,0,0,0,20,0,False,52,1.7966159324039548,0.0,0,0.0,0,2.0,-0.0,-0.0,-0.0,-0.20318669227582029,-0.0,-0.00019737532022490178,0.0,0.0,0.0,0.0,0.0,0.0,1.581470251083374,1.581470251083374,0.10765254497528076,E0_repro__bandit__r314159,,,,-1,-1
0.0,0.0,0.0,1.0,0.6440042538090679,0.0,0.11981133887109238,0.16156077397756718,15.17867879226796,0.0,0.0,0.0,20.813605639645502,0.6440042538090679,0,0,0,0,1400.4861345371548,1400.4861345371548,1,110.0,10.833333333333334,22,17,0,0,0,0,0,0,21,0,False,52,1.999802624679775,0.0,0,0.0,0,2.0,-0.0,-0.0,-0.0,-0.0,-0.0,-0.00019737532022490178,0.0,0.0,0.0,0.0,0.0,0.0,1.2065982818603516,1.2065982818603516,0.08540022373199463,E0_repro__bandit__r314159,,,,-1,-1
0.0,0.0,0.0,1.0,0.6211096654548767,0.0,0.1215524826979107,0.16623203299431588,15.495037376000358,0.0,0.0,0.0,21.5687439362487,0.6211096654548767,0,0,0,0,1402.275516036306,1402.275516036306,1,115.0,10.916666666666666,23,17,0,0,0,0,0,0,22,0,False,52,1.999802624679775,0.0,0,0.0,0,2.0,-0.0,-0.0,-0.0,-0.0,-0.0,-0.00019737532022490178,0.0,0.0,0.0,0.0,0.0,0.0,1.4538838863372803,1.4538838863372803,0.05397379398345947,E0_repro__bandit__r314159,,,,-1,-1
0.0,0.0,0.0,1.0,0.7164800466880809,0.0,0.13135121819437107,0.18106523391921775,16.145159474051773,0.0,0.0,0.0,22.848001302580048,0.7164800466880809,0,0,0,0,1494.8494329139453,1494.8494329139453,1,120.0,11.0,24,17,0,0,0,0,0,0,23,0,False,52,1.8928471820774926,0.0,0,0.0,0,2.0,-0.0,-0.0,-0.0,-0.10695544260228244,-0.0,-0.00019737532022490178,0.0,0.0,0.0,0.0,0.0,0.0,1.300379753112793,1.300379753112793,0.013252973556518555,E0_repro__bandit__r314159,,,,-1,-1
0.0,0.0,0.0,1.0,0.7226286607223655,0.0,0.1373511349556395,0.19147923600633757,16.77094933491737,0.0,0.0,0.0,22.187828396825182,0.7226286607223655,0,0,0,0,1522.7689413839435,1522.7689413839435,1,125.0,11.083333333333334,25,17,1,0,0,0,0,0,24,14,True,52,1.6387047501930112,165.90072404441347,0,0.0,0,2.0,-0.0,-0.0,-0.0,-0.1454390599947374,-0.0,-0.00019737532022490178,-0.08,-0.032801671634883546,-0.10285714285714284,0.0,0.0,14.0,1.2190967798233032,1.2182399034500122,0.0008568763732910156,E0_repro__bandit__r314159,,,,3,1
0.0,0.0,0.0,1.0,0.730130395703369,0.0,0.13554770444937908,0.19319569341252713,17.295696038883648,0.0,0.0,0.0,25.33332119550737,0.730130395703369,0,0,0,0,1446.7176854585405,1446.7176854585405,1,130.0,11.166666666666666,26,17,0,0,0,0,0,0,25,0,False,49,1.8047180335752837,0.0,1,0.11764705882352941,0,2.0,-0.0,-0.0,-0.0,-0.19141048050545262,-0.0,-0.0038714859192637455,0.0,0.0,0.0,0.0,0.0,0.0,1.2262238264083862,1.2262238264083862,0.1312645673751831,E0_repro__bandit__r314159,,,,-1,-1
0.0,0.0,0.0,1.0,0.8787458377261782,0.0,0.14511926292872798,0.21110102448949108,18.904627841216122,0.0,0.0,0.0,30.18502215747249,0.8787458377261782,0,0,0,0,1570.765870861122,1570.765870861122,1,135.0,11.25,27,17,0,0,0,0,0,0,26,0,False,49,1.0586286426729505,0.0,1,0.058823529411764705,0,2.0,-0.0,-0.0,-0.0,-0.93477474351265,-0.0,-0.006596613814399244,0.0,0.0,0.0,0.0,0.0,0.0,0.9987324476242065,0.9987324476242065,0.09650564193725586,E0_repro__bandit__r314159,,,,-1,-1
0.0,0.0,0.004744972194805326,0.998563106591467,0.9989493197544179,0.0,0.15069136631293242,0.21938627006474745,24.281132067152036,0.0014023750871344123,0.011764705882352941,0.0,80.81375131275426,0.9989493197544179,1,1,0,0,1679.5281271114104,1677.1148242161184,1,140.0,11.333333333333334,28,17,0,0,0,0,0,0,27,0,False,52,0.5746435207982638,0.0,0,0.0,0,1.997126213182934,-0.0,-0.0,-0.028469833168831955,-1.382789023580659,-0.0,-0.01122383563517917,0.0,0.0,0.0,0.0,0.0,0.0,0.9559518098831177,0.9559518098831177,0.0680621862411499,E0_repro__bandit__r314159,,,,-1,-1
0.0,0.0,0.0,1.0,0.8533998723840482,0.0,0.14356188850637575,0.20247524640530035,17.804194593948175,0.0,0.0,0.0,26.538824620540407,0.8533998723840482,0,0,0,0,1621.2074668720209,1621.2074668720209,1,145.0,11.416666666666666,29,17,0,0,0,0,0,0,28,0,False,52,1.1950940224811186,0.0,0,0.0,0,2.0,-0.0,-0.0,-0.0,-0.8259839639056079,-0.0,0.02107798638672647,0.0,0.0,0.0,0.0,0.0,0.0,0.9344997406005859,0.9344997406005859,0.04639124870300293,E0_repro__bandit__r314159,,,,-1,-1
0.0,0.0,0.0,1.0,0.84202028399802,0.0,0.14353537974138236,0.20030752918285094,17.612212673128912,0.0,0.0,0.0,25.957044658574176,0.84202028399802,0,0,0,0,1638.21398305879,1638.21398305879,1,150.0,11.5,30,17,0,0,0,0,0,0,29,0,False,52,1.2096317557372378,0.0,0,0.0,0,2.0,-0.0,-0.0,-0.0,-0.7751465955335088,-0.0,-0.015221648729253252,0.0,0.0,0.0,0.0,0.0,0.0,1.2852915525436401,1.2852915525436401,0.09375154972076416,E0_repro__bandit__r314159,,,,-1,-1
0.0,0.0,0.0,1.0,0.847290489975055,0.0,0.14040727871852784,0.19433952732424867,16.907454675656947,0.0,0.0,0.0,25.428972122669347,0.847290489975055,0,0,0,0,1651.1451331036835,1651.1451331036835,1,155.0,11.583333333333334,31,17,0,0,0,0,0,0,30,0,False,52,1.2005617193250269,0.0,0,0.0,0,2.0,-0.0,-0.0,-0.0,-0.7988515492041809,-0.0,-0.0005867314707922567,0.0,0.0,0.0,0.0,0.0,0.0,1.1464123725891113,1.1464123725891113,0.06984055042266846,E0_repro__bandit__r314159,,,,-1,-1
0.0,0.0,0.0,0.9992529324412666,0.9570386998842787,0.0,0.14771207219892418,0.21591845820599195,22.570048172454275,0.0007176267317204083,0.0,0.0,54.24785838654435,0.9570386998842787,0,1,0,0,1717.3862128169112,1716.1032092914998,1,160.0,11.666666666666666,32,17,0,0,0,0,0,0,31,0,False,52,0.7519651905313602,0.0,0,0.0,0,1.9985058648825331,-0.0,-0.0,-0.0,-1.2377044840068825,-0.0,-0.008836190344290418,0.0,0.0,0.0,0.0,0.0,0.0,1.1248068809509277,1.1248068809509277,0.0649104118347168,E0_repro__bandit__r314159,,,,-1,-1
0.0,0.0,0.016012518498872075,0.9934992675352529,1.0400021485939948,0.00012481363108295075,0.15450675820943538,0.2280292320017899,30.84196585574055,0.006328595874657857,0.047058823529411764,0.0,82.84897196572159,1.0400021485939948,2,1,0,0,1765.6701589554893,1754.1920096311321,1,165.0,11.75,33,17,0,0,0,0,0,0,32,0,False,52,0.373107336059172,0.0,0,0.0,0,1.9869985350705057,-0.0,-0.0,-0.09607511099323246,-1.5153781177399963,-0.0007488817864977045,-0.001689088491607216,0.0,0.0,0.0,0.0,0.0,0.0,0.6068363189697266,0.6068363189697266,0.029698848724365234,E0_repro__bandit__r314159,,,,-1,-1
0.0,0.0,0.048361756419217174,0.9659080465362749,1.168694842347726,0.0010999459161471453,0.14579573501232032,0.22525130115502243,36.16713831699347,0.03403334267437301,0.10588235294117647,0.0,81.5627247989703,1.168694842347726,2,1,0,0,1745.2084782976303,1685.710912071009,1,170.0,11.833333333333334,34,17,1,0,0,0,0,0,33,23,True,52,-0.4185519885308472,119.31621402498006,0,0.0,0,1.9318160930725499,-0.0,-0.0,-0.29017053851530306,-1.8818231841976223,-0.006599675496882872,-0.01992440885856667,-0.08,-0.020421703106450712,-0.05142857142857142,0.0,0.0,23.0,0.5013694167137146,0.4889950454235077,0.01237437129020691,E0_repro__bandit__r314159,,,,5,2
0.0,0.0,0.04709587531020904,0.9680392212077752,1.2058638662095114,0.001067562884424205,0.1534199445015096,0.2306933438001387,35.27998663544777,0.03125619792004446,0.10588235294117647,0.0,80.98056676457848,1.2058638662095114,2,1,0,0,1815.9860927171376,1757.9457629180483,1,175.0,11.916666666666666,35,17,1,0,0,0,0,0,34,59,True,49,-0.5092389458812783,106.53344048329258,1,0.11764705882352941,0,1.9360784424155504,-0.0,-0.0,-0.28257525186125426,-1.976264706201314,-0.0064053773065452305,-0.0022093111930228575,-0.08,-0.017862741734692388,-0.07999999999999999,0.0,0.0,59.0,0.004977252334356308,-0.0035740546882152557,0.008551307022571564,E0_repro__bandit__r314159,,,,14,2
0.0,0.0,0.04549439931302616,0.9672835449880753,1.200125457123287,0.0012010873730164703,0.1672096385556277,0.24613819818162827,35.077353899718894,0.03245380853743228,0.10588235294117647,0.0,81.99757617016951,1.200125457123287,2,1,0,0,1955.0499468010553,1891.0876431704728,1,180.0,12.0,36,17,0,0,0,0,0,0,35,0,False,46,-0.29562652193825684,0.0,2,0.17647058823529413,0,1.9345670899761507,-0.0,-0.0,-0.27296639587815696,-1.9619721242412886,-0.0072065242380988225,0.011951432443136926,0.0,0.0,0.0,0.0,0.0,0.0,-0.1311362385749817,-0.1311362385749817,0.12726694345474243,E0_repro__bandit__r314159,,,,-1,-1
0.0,0.0,0.008560298662894782,0.9965144957642917,1.0439651054397874,9.770023431063843e-05,0.15738409514956775,0.22526509455328073,22.779489354843697,0.0034353306591909786,0.023529411764705882,0.0,81.6138841676687,1.0439651054397874,2,1,0,0,1835.1750884270464,1828.7785778830676,1,185.0,12.083333333333334,37,17,0,0,0,0,0,0,36,0,False,49,0.4136175647769309,0.0,1,0.058823529411764705,0,1.9930289915285835,-0.0,-0.0,-0.05136179197736869,-1.5277241317608645,-0.0005862014058638306,0.00026069839244455343,0.0,0.0,0.0,0.0,0.0,0.0,0.11592162400484085,0.11592162400484085,0.1240822821855545,E0_repro__bandit__r314159,,,,-1,-1
0.0,0.0,0.0,0.999644506533247,0.942477349247198,0.0,0.15483334723840203,0.22453622834971054,21.443799876756994,0.0003519418302605066,0.0,0.0,47.2824633255663,0.942477349247198,0,1,0,0,1816.7270498587695,1816.0812152616713,1,190.0,12.166666666666666,38,17,0,0,0,0,0,0,37,0,False,52,0.8337853626328802,0.0,0,0.0,0,1.999289013066494,-0.0,-0.0,-0.0,-1.1847277146940498,-0.0,0.01922406426043602,0.0,0.0,0.0,0.0,0.0,0.0,0.17425991594791412,0.17425991594791412,0.012082144618034363,E0_repro__bandit__r314159,,,,-1,-1
0.0,0.0,0.0,1.0,0.7161980512223323,0.0,0.1505076226026072,0.2080638612843914,17.38251306685231,0.0,0.0,0.0,22.206124583332873,0.7161980512223323,0,0,0,0,1743.9332871157906,1743.9332871157906,1,195.0,12.25,39,17,0,0,0,0,0,0,38,0,False,52,1.911203266456116,0.0,0,0.0,0,2.0,-0.0,-0.0,-0.0,-0.10517257396589975,-0.0,0.016375840422015828,0.0,0.0,0.0,0.0,0.0,0.0,1.037172555923462,1.037172555923462,0.05446815490722656,E0_repro__bandit__r314159,,,,-1,-1
0.0,0.0,0.0,1.0,0.7753595351149088,0.0,0.15503222275598855,0.21549511607881594,18.034990391355812,0.0,0.0,0.0,24.858652416359305,0.7753595351149088,0,0,0,0,1751.5244852044211,1751.5244852044211,1,200.0,12.333333333333334,40,17,0,0,0,0,0,0,39,0,False,52,1.547029696434453,0.0,0,0.0,0,2.0,-0.0,-0.0,-0.0,-0.4482037046070616,-0.0,-0.004766598958485413,0.0,0.0,0.0,0.0,0.0,0.0,1.1084364652633667,1.1084364652633667,0.07127046585083008,E0_repro__bandit__r314159,,,,-1,-1
0.0,0.0,0.0,1.0,0.727925325170326,0.0,0.14184225495795283,0.20115105359139926,17.262118586313626,0.0,0.0,0.0,22.434164462209417,0.727925325170326,0,0,0,0,1623.7081131072798,1623.7081131072798,1,205.0,12.416666666666666,41,17,0,0,0,0,0,0,40,0,False,52,1.822971948931302,0.0,0,0.0,0,2.0,-0.0,-0.0,-0.0,-0.17800688128839964,-0.0,0.0009788302197017984,0.0,0.0,0.0,0.0,0.0,0.0,1.0259554386138916,1.0259554386138916,0.0478973388671875,E0_repro__bandit__r314159,,,,-1,-1
0.0,0.0,0.009496584107023259,0.9935096114372534,1.068852259474143,0.00015300502105365115,0.14554076560389567,0.21994539685208436,27.987943893951307,0.006368229598434141,0.023529411764705882,0.0,82.41471212776341,1.068852259474143,2,1,0,0,1667.072890936488,1656.2529401118888,1,210.0,12.5,42,17,0,0,0,0,0,0,41,0,False,52,0.2906111385352793,0.0,0,0.0,0,1.9870192228745067,-0.0,-0.0,-0.05697950464213955,-1.603561446454938,-0.0009180301263219069,-0.034949103115828044,0.0,0.0,0.0,0.0,0.0,0.0,1.2435789108276367,1.2435789108276367,0.05805611610412598,E0_repro__bandit__r314159,,,,-1,-1
0.0,0.0,0.0,0.9997400880282614,0.946168872874966,0.0,0.1383497899298107,0.20455211532942416,20.71902578588027,0.0002621818405364498,0.0,0.0,46.93197078237385,0.946168872874966,0,1,0,0,1551.9256555341333,1551.5222914770118,1,215.0,12.583333333333334,43,17,1,0,0,0,0,0,42,58,True,52,0.6492510555376864,65.67354213092426,0,0.0,0,1.9994801760565228,-0.0,-0.0,-0.0,-1.1982914884958005,-0.0,0.01960057402060482,-0.08,-0.011538206043640918,-0.07999999999999999,0.0,0.0,58.0,0.1046825498342514,0.09715771675109863,0.007524833083152771,E0_repro__bandit__r314159,,,,14,1
0.0,0.0,0.0,1.0,0.8781040782567697,0.0,0.1494506294565639,0.21123335550046055,19.098839519230935,0.0,0.0,0.0,30.97973225994396,0.8781040782567697,0,0,0,0,1666.086159454339,1666.086159454339,1,220.0,12.666666666666666,44,17,0,0,0,0,0,0,43,0,False,49,1.0764608770088866,0.0,1,0.11764705882352941,0,2.0,-0.0,-0.0,-0.0,-0.9320919421457139,-0.0,0.0085528191546004,0.0,0.0,0.0,0.0,0.0,0.0,1.0386238098144531,1.0386238098144531,0.13470280170440674,E0_repro__bandit__r314159,,,,-1,-1
0.0,0.0,0.0,1.0,0.716098917572011,0.0,0.1482581418629169,0.19865319675058582,17.03645095964291,0.0,0.0,0.0,21.92893551679685,0.716098917572011,0,0,0,0,1628.5670878721587,1628.5670878721587,1,225.0,12.75,45,17,0,0,0,0,0,0,44,0,False,49,1.9052290167115875,0.0,1,0.058823529411764705,0,2.0,-0.0,-0.0,-0.0,-0.10454544047625162,-0.0,0.00977445718783912,0.0,0.0,0.0,0.0,0.0,0.0,1.1517586708068848,1.1517586708068848,0.15125763416290283,E0_repro__bandit__r314159,,,,-1,-1
0.0,0.0,0.0,1.0,0.5542883501646397,0.0,0.13310653847508475,0.16841656747625047,15.49780064942371,0.0,0.0,0.0,21.34109970982172,0.5542883501646397,0,0,0,0,1480.9880409269992,1480.9880409269992,1,230.0,12.833333333333334,46,17,0,0,0,0,0,0,45,0,False,52,1.999802624679775,0.0,0,0.0,0,2.0,-0.0,-0.0,-0.0,-0.0,-0.0,-0.00019737532022490178,0.0,0.0,0.0,0.0,0.0,0.0,1.617097020149231,1.617097020149231,0.1668328046798706,E0_repro__bandit__r314159,,,,-1,-1
0.0,0.0,0.0,1.0,0.5497205845742218,0.0,0.13414247243241512,0.1717705424795932,15.574370593239532,0.0,0.0,0.0,18.38384132307817,0.5497205845742218,0,0,0,0,1530.482888235499,1530.482888235499,1,235.0,12.916666666666666,47,17,0,0,0,0,0,0,46,0,False,52,1.999802624679775,0.0,0,0.0,0,2.0,-0.0,-0.0,-0.0,-0.0,-0.0,-0.00019737532022490178,0.0,0.0,0.0,0.0,0.0,0.0,1.7076739072799683,1.7076739072799683,0.15880250930786133,E0_repro__bandit__r314159,,,,-1,-1
0.0,0.0,0.0,1.0,0.5822750885633532,0.0,0.1330623212835496,0.17206460918809335,15.538924800095424,0.0,0.0,0.0,18.180950942166092,0.5822750885633532,0,0,0,0,1525.7545979897236,1525.7545979897236,1,240.0,13.0,48,17,0,0,0,0,0,0,47,0,False,52,1.999802624679775,0.0,0,0.0,0,2.0,-0.0,-0.0,-0.0,-0.0,-0.0,-0.00019737532022490178,0.0,0.0,0.0,0.0,0.0,0.0,1.6794458627700806,1.6794458627700806,0.16838443279266357,E0_repro__bandit__r314159,,,,-1,-1
0.0,0.0,0.0,1.0,0.5219421735623578,0.0,0.12205236425977581,0.15848387766440664,15.03148065634864,0.0,0.0,0.0,19.44379029225029,0.5219421735623578,0,0,0,0,1417.8446789976542,1417.8446789976542,1,245.0,13.083333333333332,49,17,0,0,0,0,0,0,48,0,False,52,1.999802624679775,0.0,0,0.0,0,2.0,-0.0,-0.0,-0.0,-0.0,-0.0,-0.00019737532022490178,0.0,0.0,0.0,0.0,0.0,0.0,1.5510365962982178,1.5510365962982178,0.16133177280426025,E0_repro__bandit__r314159,,,,-1,-1
0.0,0.0,0.0,1.0,0.607110917366623,0.0,0.12921581144568953,0.1708057207762274,15.61972991054543,0.0,0.0,0.0,19.730756177543185,0.607110917366623,0,0,0,0,1444.7148421324455,1444.7148421324455,1,250.0,13.166666666666668,50,17,0,0,0,0,0,0,49,0,False,52,1.999802624679775,0.0,0,0.0,0,2.0,-0.0,-0.0,-0.0,-0.0,-0.0,-0.00019737532022490178,0.0,0.0,0.0,0.0,0.0,0.0,1.652754306793213,1.652754306793213,0.17893731594085693,E0_repro__bandit__r314159,,,,-1,-1
0.0,0.0,0.0,1.0,0.4942295560370769,0.0,0.11209356153673589,0.1486391855119456,14.967158781239103,0.0,0.0,0.0,17.91968127450368,0.4942295560370769,0,0,0,0,1245.8127251093363,1245.8127251093363,1,255.0,13.25,51,17,0,0,0,0,0,0,50,0,False,52,1.999802624679775,0.0,0,0.0,0,2.0,-0.0,-0.0,-0.0,-0.0,-0.0,-0.00019737532022490178,0.0,0.0,0.0,0.0,0.0,0.0,1.6344611644744873,1.6344611644744873,0.1638185977935791,E0_repro__bandit__r314159,,,,-1,-1
0.0,0.0,0.0,1.0,0.4532605132987668,0.0,0.11694180425181458,0.15240435676449904,15.090270315800481,0.0,0.0,0.0,18.490742994745418,0.4532605132987668,0,0,0,0,1288.9710028435186,1288.9710028435186,1,260.0,13.333333333333332,52,17,0,0,0,0,0,0,51,0,False,52,1.999802624679775,0.0,0,0.0,0,2.0,-0.0,-0.0,-0.0,-0.0,-0.0,-0.00019737532022490178,0.0,0.0,0.0,0.0,0.0,0.0,1.7003717422485352,1.7003717422485352,0.11582005023956299,E0_repro__bandit__r314159,,,,-1,-1
0.0,0.0,0.0,1.0,0.5492702291464853,0.0,0.11948080437498217,0.15721794821437238,15.277227865976679,0.0,0.0,0.0,19.356026146261883,0.5492702291464853,0,0,0,0,1326.1795606963274,1326.1795606963274,1,265.0,13.416666666666668,53,17,0,0,0,0,0,0,52,0,False,52,1.999802624679775,0.0,0,0.0,0,2.0,-0.0,-0.0,-0.0,-0.0,-0.0,-0.00019737532022490178,0.0,0.0,0.0,0.0,0.0,0.0,1.7797690629959106,1.7797690629959106,0.06610250473022461,E0_repro__bandit__r314159,,,,-1,-1
0.0,0.0,0.0,1.0,0.5688064463280776,0.0,0.11991300500052851,0.1592445665709598,15.33948985913231,0.0,0.0,0.0,22.36891614386442,0.5688064463280776,0,0,0,0,1338.253270498488,1338.253270498488,1,270.0,13.5,54,17,0,0,0,0,0,0,53,0,False,52,1.999802624679775,0.0,0,0.0,0,2.0,-0.0,-0.0,-0.0,-0.0,-0.0,-0.00019737532022490178,0.0,0.0,0.0,0.0,0.0,0.0,1.7690696716308594,1.7690696716308594,0.10970568656921387,E0_repro__bandit__r314159,,,,-1,-1
0.0,0.0,0.0,1.0,0.6169918554013022,0.0,0.13637411376662287,0.18368113198620145,16.306260318647105,0.0,0.0,0.0,23.626628740228792,0.6169918554013022,0,0,0,0,1498.5611678869077,1498.5611678869077,1,275.0,13.583333333333332,55,17,0,0,0,0,0,0,54,0,False,52,1.999802624679775,0.0,0,0.0,0,2.0,-0.0,-0.0,-0.0,-0.0,-0.0,-0.00019737532022490178,0.0,0.0,0.0,0.0,0.0,0.0,1.4949761629104614,1.4949761629104614,0.17159628868103027,E0_repro__bandit__r314159,,,,-1,-1
0.0,0.0,0.0,1.0,0.564263348314588,0.0,0.12813633704222283,0.16892459641557372,15.652639116066865,0.0,0.0,0.0,21.158776410959415,0.564263348314588,0,0,0,0,1401.4765666524056,1401.4765666524056,1,280.0,13.666666666666668,56,17,0,0,0,0,0,0,55,0,False,52,1.999802624679775,0.0,0,0.0,0,2.0,-0.0,-0.0,-0.0,-0.0,-0.0,-0.00019737532022490178,0.0,0.0,0.0,0.0,0.0,0.0,1.5655676126480103,1.5655676126480103,0.17600512504577637,E0_repro__bandit__r314159,,,,-1,-1
0.0,0.0,0.0,1.0,0.5484636642222019,0.0,0.12786499681556768,0.1653705383770751,15.534675619874623,0.0,0.0,0.0,20.604214313124302,0.5484636642222019,0,0,0,0,1404.5653747547017,1404.5653747547017,1,285.0,13.75,57,17,0,0,0,0,0,0,56,0,False,52,1.999802624679775,0.0,0,0.0,0,2.0,-0.0,-0.0,-0.0,-0.0,-0.0,-0.00019737532022490178,0.0,0.0,0.0,0.0,0.0,0.0,1.6054925918579102,1.6054925918579102,0.18046140670776367,E0_repro__bandit__r314159,,,,-1,-1
0.0,0.0,0.0,1.0,0.5566312021367836,0.0,0.1290069462035251,0.16835093246877433,15.54650420458567,0.0,0.0,0.0,21.118633302398667,0.5566312021367836,0,0,0,0,1426.3058634001495,1426.3058634001495,1,290.0,13.833333333333332,58,17,0,0,0,0,0,0,57,0,False,52,1.999802624679775,0.0,0,0.0,0,2.0,-0.0,-0.0,-0.0,-0.0,-0.0,-0.00019737532022490178,0.0,0.0,0.0,0.0,0.0,0.0,1.7687557935714722,1.7687557935714722,0.12716686725616455,E0_repro__bandit__r314159,,,,-1,-1
0.0,0.0,0.0,1.0,0.5717157137729978,0.0,0.12745201002423412,0.16393856146208352,15.353520552614654,0.0,0.0,0.0,21.45097996088722,0.5717157137729978,0,0,0,0,1440.4735513785051,1440.4735513785051,1,295.0,13.916666666666668,59,17,0,0,0,0,0,0,58,0,False,52,1.999802624679775,0.0,0,0.0,0,2.0,-0.0,-0.0,-0.0,-0.0,-0.0,-0.00019737532022490178,0.0,0.0,0.0,0.0,0.0,0.0,1.6299328804016113,1.6299328804016113,0.1825319528579712,E0_repro__bandit__r314159,,,,-1,-1
0.0,0.0,0.0,1.0,0.6497053598853124,0.0,0.12834790995493486,0.17189963678781117,15.844522136795723,0.0,0.0,0.0,23.54658576955929,0.6497053598853124,0,0,0,0,1422.3232995754367,1422.3232995754367,1,300.0,14.0,60,17,0,0,0,0,0,0,59,0,False,52,1.999802624679775,0.0,0,0.0,0,2.0,-0.0,-0.0,-0.0,-0.0,-0.0,-0.00019737532022490178,0.0,0.0,0.0,0.0,0.0,0.0,1.590508222579956,1.590508222579956,0.1703627109527588,E0_repro__bandit__r314159,,,,-1,-1
0.0,0.0,0.0,1.0,0.6236730474324133,0.0,0.09810537652294313,0.14147887098826734,14.265148534747818,0.0,0.0,0.0,18.407457347446883,0.6236730474324133,0,0,0,0,1168.150736910813,1168.150736910813,1,5.0,9.083333333333334,1,17,1,0,0,0,0,0,0,14,True,52,1.799408947375868,70.0,0,0.0,0,2.0,-0.0,-0.0,-0.0,-0.0,-0.0,-0.00019737532022490178,-0.08,-0.01753653444676409,-0.10285714285714284,0.0,0.0,14.0,,,,E0_repro__ppo__r314159,0.0943414717912674,0.02196609228849411,3.3624963760375977,3,1
0.0,0.0,0.0,1.0,0.5780718865471984,0.0,0.09745762958806657,0.1373234684201797,14.249267360648549,0.0,0.0,0.0,17.768086881908733,0.5780718865471984,0,0,0,0,1156.8931069239047,1156.8931069239047,1,10.0,9.166666666666666,2,17,1,0,0,0,0,0,1,56,True,49,1.8530433538617268,25.129457969277134,1,0.11764705882352941,0,2.0,-0.0,-0.0,-0.0,-0.0,-0.0,-0.00019737532022490178,-0.08,-0.006759270818048248,-0.06,0.0,0.0,56.0,,,,E0_repro__ppo__r314159,0.09751705825328827,0.024764521047472954,3.3509085178375244,13,3
0.0,0.0,0.0,1.0,0.6122671155540507,0.0,0.1104785907004145,0.15276815450899175,14.816002889410452,0.0,0.0,0.0,19.048673056274517,0.6122671155540507,0,0,0,0,1282.5406968782754,1282.5406968782754,1,15.0,9.25,3,17,1,0,0,0,0,0,2,18,True,46,1.8063572161920838,41.25572081196209,2,0.17647058823529413,0,2.0,-0.0,-0.0,-0.0,-0.0,-0.0,-0.00019737532022490178,-0.08,-0.01058826563054848,-0.10285714285714284,0.0,0.0,18.0,,,,E0_repro__ppo__r314159,0.09464722871780396,0.0298109482973814,3.313119888305664,4,1
0.0,0.0,0.0,1.0,0.7125792092078449,0.0,0.11866097565697882,0.16519073090373834,15.402273250509893,0.0,0.0,0.0,20.45963483080386,0.7125792092078449,0,0,0,0,1372.9432390908976,1372.9432390908976,1,20.0,9.333333333333334,4,17,1,0,0,0,0,0,3,58,True,46,1.74803705323545,40.79737806562095,2,0.17647058823529413,0,2.0,-0.0,-0.0,-0.0,-0.0821508637348025,-0.0,-0.00019737532022490178,-0.08,-0.009614707709522576,-0.07999999999999999,0.0,0.0,58.0,,,,E0_repro__ppo__r314159,0.090203657746315,0.03571373224258423,3.3018529415130615,14,1
0.0,0.0,0.0,1.0,0.6044167731233775,0.0,0.11185410399475708,0.14552607745801865,14.76210332896664,0.0,0.0,0.0,18.179746701112055,0.6044167731233775,0,0,0,0,1277.9029576934765,1277.9029576934765,1,25.0,9.416666666666666,5,17,1,0,0,0,0,0,4,23,True,46,1.8255684217673103,155.45932757639224,2,0.17647058823529413,0,2.0,-0.0,-0.0,-0.0,-0.0,-0.0,-0.00019737532022490178,-0.08,-0.03423420291246467,-0.06,0.0,0.0,23.0,,,,E0_repro__ppo__r314159,0.1008048877120018,0.0429772213101387,3.2796943187713623,5,2
0.0,0.0,0.0,1.0,0.5114807707461538,0.0,0.10705671108982964,0.14107314142035962,14.819021943289846,0.0,0.0,0.0,19.93347740824079,0.5114807707461538,0,0,0,0,1235.7803161426978,1235.7803161426978,1,30.0,9.5,6,17,1,0,0,0,0,0,5,51,True,46,1.850778972786801,73.97547335729524,2,0.17647058823529413,0,2.0,-0.0,-0.0,-0.0,-0.0,-0.0,-0.00019737532022490178,-0.08,-0.017595080464402668,-0.05142857142857142,0.0,0.0,51.0,,,,E0_repro__ppo__r314159,0.10260138660669327,0.04685429856181145,3.2818996906280518,12,2
0.0,0.0,0.0,1.0,0.49398273885359373,0.0,0.10396142710280021,0.1347435199020393,14.700220051942717,0.0,0.0,0.0,19.036130420661536,0.49398273885359373,0,0,0,0,1160.063374495247,1160.063374495247,1,35.0,9.583333333333334,7,17,1,0,0,0,0,0,6,34,True,46,1.8186453189816707,158.43212200788204,2,0.17647058823529413,0,2.0,-0.0,-0.0,-0.0,-0.0,-0.0,-0.00019737532022490178,-0.08,-0.041157305698104274,-0.06,0.0,0.0,34.0,,,,E0_repro__ppo__r314159,0.09066788852214813,0.05166986212134361,3.315462827682495,8,1
0.0,0.0,0.0,1.0,0.5214024230960989,0.0,0.10501891176101293,0.13782350509875724,14.750228729881963,0.0,0.0,0.0,18.937748808630577,0.5214024230960989,0,0,0,0,1158.443664870538,1158.443664870538,1,40.0,9.666666666666666,8,17,1,0,0,0,0,0,7,4,True,46,1.811920362812259,18.889226022565865,2,0.17647058823529413,0,2.0,-0.0,-0.0,-0.0,-0.0,-0.0,-0.00019737532022490178,-0.08,-0.005025119010373168,-0.10285714285714284,0.0,0.0,4.0,,,,E0_repro__ppo__r314159,0.07443594187498093,0.055330391973257065,3.3383851051330566,0,3
0.0,0.0,0.0,1.0,0.7848610671920724,0.0,0.11193607085391617,0.14171935772963226,15.048549535111174,0.0,0.0,0.0,21.31879943346146,0.7848610671920724,0,0,0,0,1214.8114910501959,1214.8114910501959,1,45.0,9.75,9,17,1,0,0,0,0,0,8,10,True,46,1.3088055075305796,70.14244307986004,2,0.17647058823529413,0,2.0,-0.0,-0.0,-0.0,-0.4981998601363369,-0.0,-0.009811914584622217,-0.08,-0.01746843203417555,-0.08571428571428572,0.0,0.0,10.0,,,,E0_repro__ppo__r314159,0.0697668194770813,0.05951317399740219,3.323871612548828,2,1
0.0,0.0,0.0,1.0,0.6627781421868727,0.0,0.11162981284828954,0.14937225849359898,14.945309481699502,0.0,0.0,0.0,19.999542889186827,0.6627781421868727,0,0,0,0,1258.5055929771174,1258.5055929771174,1,50.0,9.833333333333334,10,17,1,0,1,0,0,0,9,33,True,46,1.5459723156150915,106.58744288209198,2,0.17647058823529413,0,2.0,-0.0,-0.0,-0.0,-0.0,-0.0,0.009465478211832702,-0.08,-0.0234931625967412,-0.06,-0.3,0.0,33.0,,,,E0_repro__ppo__r314159,0.08624795079231262,0.06985709071159363,3.2717809677124023,8,0
0.0,0.0,0.0,1.0,0.6944189421272186,0.0,0.11291230948436445,0.15754833413328856,15.212911423556779,0.0,0.0,0.0,19.447067051590672,0.6944189421272186,0,0,0,0,1291.5974008553508,1291.5974008553508,1,55.0,9.916666666666666,11,17,0,0,0,0,0,0,10,0,False,46,1.999802624679775,0.0,2,0.17647058823529413,0,2.0,-0.0,-0.0,-0.0,-0.0,-0.0,-0.00019737532022490178,0.0,0.0,0.0,0.0,0.0,0.0,,,,E0_repro__ppo__r314159,0.07538371533155441,0.07538371533155441,3.328026056289673,-1,-1
0.0,0.0,0.0,1.0,0.8607916924278084,0.0,0.11340559382236896,0.17441826467917054,17.506004554939246,0.0,0.0,0.0,30.09076769469239,0.8607916924278084,0,0,0,0,1295.9842161370266,1295.9842161370266,1,60.0,10.0,12,17,0,0,0,0,0,0,11,0,False,49,1.1248188154129937,0.0,1,0.058823529411764705,0,2.0,-0.0,-0.0,-0.0,-0.8583272119549568,-0.0,-0.01685397263204955,0.0,0.0,0.0,0.0,0.0,0.0,,,,E0_repro__ppo__r314159,0.06672465056180954,0.06672465056180954,3.416609525680542,-1,-1
0.0,0.0,0.0,0.9979759825653506,0.9565885327710812,0.0,0.13503092558178717,0.20760531843350472,29.60773871370538,0.0019804872024559547,0.0,1.1378284096766396e-10,77.91544439870513,0.9565885327710812,0,2,0,0,1485.2986449808661,1482.2923746277636,24,65.0,10.083333333333334,13,17,1,0,1,0,0,0,12,34,True,52,0.2936948967190787,87.23394062881927,0,0.0,0,1.9959519651307012,-0.0,-0.0,-0.0,-1.2360875438871834,-0.0,-0.006361147214270136,-0.08,-0.0198083773101688,-0.06,-0.3,0.0,34.0,,,,E0_repro__ppo__r314159,0.09089641273021698,0.06055537983775139,3.429762363433838,8,1
0.0,0.0,0.02686100260509247,0.993386448776201,1.006582839543099,2.2213648583225323e-05,0.13764490000725385,0.21326593042995845,41.7964018070237,0.006565236510614772,0.09411764705882353,1.1596537532326812e-10,136.65043799276532,1.0134886700693124,3,2,0,0,1507.0750702169285,1497.1079520419382,27,70.0,10.166666666666666,14,17,0,0,0,0,0,0,13,0,False,49,0.4209826740991377,0.0,1,0.11764705882352941,0,1.986772897552402,-0.0,-0.0,-0.16116601563055483,-1.4081176612439164,-0.00013328189149935195,0.0036267353127062366,0.0,0.0,0.0,0.0,0.0,0.0,,,,E0_repro__ppo__r314159,0.06347022950649261,0.06347022950649261,3.4094526767730713,-1,-1
0.0,0.0,0.003923967857191042,0.9982706622171685,0.9806469348476928,0.0,0.13819899550873663,0.2097490924084751,29.65782979546704,0.0017687116254775936,0.023529411764705882,4.663980972263726e-11,104.19973054932017,0.9833306784318963,2,2,0,0,1505.78661353024,1503.1825998465804,24,75.0,10.25,15,17,0,0,0,0,0,0,14,0,False,49,0.6430163038235625,0.0,1,0.058823529411764705,0,1.996541324434337,-0.0,-0.0,-0.02354380714314625,-1.3207208243844102,-0.0,-0.009260389083218282,0.0,0.0,0.0,0.0,0.0,0.0,,,,E0_repro__ppo__r314159,0.06383033096790314,0.06383033096790314,3.4096946716308594,-1,-1
0.0,0.0,0.012746751415171457,0.9932610841497415,1.0386445807217835,8.587684604840788e-05,0.13533929404440787,0.21527121715665568,35.10808927376904,0.0067793653303244395,0.03529411764705882,9.414732066864717e-11,112.51931110879082,1.0386445807217835,2,2,0,0,1502.48959827482,1492.3644473061572,27,80.0,10.333333333333334,16,17,1,0,1,0,0,0,15,33,True,52,-0.05602555512211793,85.76173451495022,0,0.0,0,1.986522168299483,-0.0,-0.0,-0.07648050849102875,-1.5111312265504453,-0.0005152610762904472,0.0035887915731639187,-0.08,-0.018009518877000318,-0.06,-0.3,0.0,33.0,,,,E0_repro__ppo__r314159,0.07430485635995865,0.05726220831274986,3.4416446685791016,8,0
0.0,0.0,0.0053844249972718255,0.9985504211217747,0.9855793392323915,0.0,0.14059790060250948,0.21046410012937863,25.08015722065476,0.001423682962726877,0.023529411764705882,0.0,79.2218920912665,0.9855793392323915,2,1,0,0,1555.7857836413214,1553.5305494303116,1,85.0,10.416666666666666,17,17,0,0,0,0,0,0,16,0,False,49,0.6270505674947026,0.0,1,0.11764705882352941,0,1.9971008422435494,-0.0,-0.0,-0.03230654998363095,-1.3376384120060942,-0.0,-0.00010531275912160909,0.0,0.0,0.0,0.0,0.0,0.0,,,,E0_repro__ppo__r314159,0.0654071569442749,0.0654071569442749,3.4133307933807373,-1,-1
0.0,0.0,0.06318871435607239,0.9655047964916086,1.1681475411082312,0.0010671278644241073,0.14537079262491323,0.22400930570142896,36.95516651639663,0.033761071688779704,0.12941176470588237,7.145331548663592e-11,99.10038848511563,1.1684389581592582,3,2,0,0,1651.4377732065848,1594.4710911383788,24,90.0,10.5,18,17,0,0,0,0,0,0,17,0,False,49,-0.35952555432207467,0.0,1,0.058823529411764705,0,1.9310095929832172,-0.0,-0.0,-0.37913228613643435,-1.8803987017171206,-0.0064027671865446445,-0.024601392265192215,0.0,0.0,0.0,0.0,0.0,0.0,,,,E0_repro__ppo__r314159,0.06567167490720749,0.06567167490720749,3.4118072986602783,-1,-1
0.0,0.0,0.031077703815169628,0.9845821574776795,1.1478417491598907,0.0004004063499427472,0.13567829777695625,0.20002162225026413,29.23738969188767,0.01386250671265172,0.07058823529411765,2.056271819483868e-11,103.23317513971146,1.1501654845341063,3,2,0,0,1508.443451819479,1485.1865082255008,25,95.0,10.583333333333334,19,17,1,0,1,0,0,0,18,34,True,52,-0.46861345436729246,157.48296295517676,0,0.0,0,1.969164314955359,-0.0,-0.0,-0.18646622289101777,-1.8268178312818373,-0.0024024380996564834,0.04613691945340309,-0.08,-0.028228196503543194,-0.06,-0.3,0.0,34.0,,,,E0_repro__ppo__r314159,0.09073548763990402,0.05722981318831444,3.427220344543457,8,1
0.0,0.0,0.0,1.0,0.6982708010027292,0.0,0.1235097881638851,0.16154576179774674,15.650538370839437,0.0,0.0,0.0,20.120025768649224,0.6982708010027292,0,0,0,0,1361.1158661647498,1361.1158661647498,1,100.0,10.666666666666666,20,17,0,0,0,0,0,0,19,0,False,49,2.0030032388629437,0.0,1,0.11764705882352941,0,2.0,-0.0,-0.0,-0.0,-0.0,-0.0,0.0030032388629437135,0.0,0.0,0.0,0.0,0.0,0.0,,,,E0_repro__ppo__r314159,0.06434080749750137,0.06434080749750137,3.4103586673736572,-1,-1
0.0,0.0,0.0,0.999339421201813,0.9615888376828682,0.0,0.1335014805751731,0.19076007958128105,21.360262498927543,0.00062159736887104,0.0,0.0,61.62628787651772,0.9615888376828682,0,1,0,0,1469.8007281207645,1468.829808922208,1,105.0,10.75,21,17,0,0,0,0,0,0,20,0,False,49,0.7256871382288618,0.0,1,0.058823529411764705,0,1.998678842403626,-0.0,-0.0,-0.0,-1.2539750038741058,-0.0,-0.01901670030065842,0.0,0.0,0.0,0.0,0.0,0.0,,,,E0_repro__ppo__r314159,0.06365502625703812,0.06365502625703812,3.4111969470977783,-1,-1
0.0,0.0,0.0,1.0,0.8318192992637238,0.0,0.11897283069775862,0.16588002051715897,15.738060970908183,0.0,0.0,0.0,27.718050221830833,0.8318192992637238,0,0,0,0,1400.4861345371548,1400.4861345371548,1,110.0,10.833333333333334,22,17,1,0,1,0,0,0,21,33,True,52,0.8263386341236398,118.5818866390979,0,0.0,0,2.0,-0.0,-0.0,-0.0,-0.7284494746787813,-0.0,0.0187165191324721,-0.08,-0.023928410330050696,-0.06,-0.3,0.0,33.0,,,,E0_repro__ppo__r314159,0.07393159717321396,0.05869603157043457,3.439129114151001,8,0
0.0,0.0,0.0,1.0,0.790170806768092,0.0,0.11909387863581514,0.16240325175424175,15.27356552323207,0.0,0.0,0.0,22.259395617070542,0.790170806768092,0,0,0,0,1402.275516036306,1402.275516036306,1,115.0,10.916666666666666,23,17,0,0,0,0,0,0,22,0,False,49,1.4700358066720407,0.0,1,0.11764705882352941,0,2.0,-0.0,-0.0,-0.0,-0.5256042693207509,-0.0,-0.004359924007208255,0.0,0.0,0.0,0.0,0.0,0.0,,,,E0_repro__ppo__r314159,0.06654126197099686,0.06654126197099686,3.4141910076141357,-1,-1
0.0,0.0,0.0,1.0,0.8798954885660984,0.0,0.12901279719675524,0.18153491997508567,16.97854483542722,0.0,0.0,0.0,29.325480442828486,0.8798954885660984,0,0,0,0,1494.8494329139453,1494.8494329139453,1,120.0,11.0,24,17,0,0,0,0,0,0,23,0,False,49,1.0565910084698162,0.0,1,0.058823529411764705,0,2.0,-0.0,-0.0,-0.0,-0.9395717467693749,-0.0,-0.0038372447608087446,0.0,0.0,0.0,0.0,0.0,0.0,,,,E0_repro__ppo__r314159,0.0661751925945282,0.0661751925945282,3.4142160415649414,-1,-1
0.0,0.0,0.0,0.9999621763502843,0.9177145415406545,0.0,0.13743384611739126,0.1898193798232794,18.529223000116904,3.665993194918246e-05,0.0,0.0,36.814168176128646,0.9177145415406545,0,1,0,0,1522.7689413839435,1522.7113447049064,1,125.0,11.083333333333334,25,17,1,0,1,0,0,0,24,34,True,52,0.4373673392261233,117.55245717637534,0,0.0,0,1.9999243527005686,-0.0,-0.0,-0.0,-1.0912830751941787,-0.0,-0.008031621995131475,-0.08,-0.023242316285135088,-0.06,-0.3,0.0,34.0,,,,E0_repro__ppo__r314159,0.09047286957502365,0.05935084447264671,3.4273858070373535,8,1
0.0,0.0,0.0,0.9999999218923374,0.9007919749846619,0.0,0.13602954295140873,0.1913014429272239,18.318351748392793,7.596871313865992e-08,0.0,0.0,32.27511558432432,0.9007919749846619,0,1,0,0,1446.7176854585405,1446.7175724588037,1,130.0,11.166666666666666,26,17,0,0,0,0,0,0,25,0,False,49,0.9708287633740379,0.0,1,0.11764705882352941,0,1.9999998437846749,-0.0,-0.0,-0.0,-1.0248166412192927,-0.0,-0.004354439191344254,0.0,0.0,0.0,0.0,0.0,0.0,,,,E0_repro__ppo__r314159,0.06369323283433914,0.06369323283433914,3.4086573123931885,-1,-1
0.0,0.0,0.0,1.0,0.8787458377261782,0.0,0.14607782679847234,0.20467375233212967,18.315775524036873,0.0,0.0,0.0,30.77789519424928,0.8787458377261782,0,0,0,0,1570.765870861122,1570.765870861122,1,135.0,11.25,27,17,1,0,0,0,0,0,26,27,True,49,0.8557462566798458,95.3099867544331,1,0.058823529411764705,0,2.0,-0.0,-0.0,-0.0,-0.93477474351265,-0.0,0.009743815853321267,-0.08,-0.019222815660825267,-0.12,0.0,0.0,27.0,,,,E0_repro__ppo__r314159,0.06335518509149551,0.06304503977298737,3.4080729484558105,6,2
0.0,0.0,0.004744972194805326,0.998563106591467,0.9989493197544179,0.0,0.14964970283890117,0.21237873047819716,23.63748319820619,0.0014023750871344123,0.011764705882352941,0.0,81.12240719336151,0.9989493197544179,1,1,0,0,1679.5281271114104,1677.1148242161184,1,140.0,11.333333333333334,28,17,1,0,1,0,0,0,27,33,True,49,0.1203607338653429,77.70998870307102,1,0.11764705882352941,0,1.997126213182934,-0.0,-0.0,-0.028469833168831955,-1.382789023580659,-0.0,-0.01122383563517917,-0.08,-0.014282786932920863,-0.06,-0.3,0.0,33.0,,,,E0_repro__ppo__r314159,0.08591508120298386,0.06346835196018219,3.3605079650878906,8,0
0.0,0.0,0.0,1.0,0.8533998723840482,0.0,0.142045956327774,0.19514444993252278,16.9078850705601,0.0,0.0,0.0,25.657766138876497,0.8533998723840482,0,0,0,0,1621.2074668720209,1621.2074668720209,1,145.0,11.416666666666666,29,17,0,0,0,0,0,0,28,0,False,46,1.1950940224811186,0.0,2,0.17647058823529413,0,2.0,-0.0,-0.0,-0.0,-0.8259839639056079,-0.0,0.02107798638672647,0.0,0.0,0.0,0.0,0.0,0.0,,,,E0_repro__ppo__r314159,0.07440011948347092,0.07440011948347092,3.338296890258789,-1,-1
0.0,0.0,0.0,1.0,0.84202028399802,0.0,0.1429358784533404,0.19235151394678163,16.746787122541654,0.0,0.0,0.0,24.931172464350674,0.84202028399802,0,0,0,0,1638.21398305879,1638.21398305879,1,150.0,11.5,30,17,0,0,0,0,0,0,29,0,False,49,1.2096317557372378,0.0,1,0.058823529411764705,0,2.0,-0.0,-0.0,-0.0,-0.7751465955335088,-0.0,-0.015221648729253252,0.0,0.0,0.0,0.0,0.0,0.0,,,,E0_repro__ppo__r314159,0.06843592971563339,0.06843592971563339,3.4031131267547607,-1,-1
0.0,0.0,0.0,1.0,0.847290489975055,0.0,0.14593890543043822,0.19275523597075916,16.98625447271966,0.0,0.0,0.0,25.393452467734516,0.847290489975055,0,0,0,0,1651.1451331036835,1651.1451331036835,1,155.0,11.583333333333334,31,17,1,0,1,0,0,0,30,34,True,52,0.7312467465217116,162.4377839175014,0,0.0,0,2.0,-0.0,-0.0,-0.0,-0.7988515492041809,-0.0,-0.0005867314707922567,-0.08,-0.029314972803315117,-0.06,-0.3,0.0,34.0,,,,E0_repro__ppo__r314159,0.09263741225004196,0.06194278225302696,3.4147305488586426,8,1
0.0,0.0,0.0,0.9992529324412666,0.9570386998842787,0.0,0.15093603346151654,0.21348313550409248,22.372806120060524,0.0007176267317204083,0.0,0.0,54.976544223661584,0.9570386998842787,0,1,0,0,1717.3862128169112,1716.1032092914998,1,160.0,11.666666666666666,32,17,1,0,0,0,0,0,31,68,True,49,0.6017467025975849,9.177560204317244,1,0.11764705882352941,0,1.9985058648825331,-0.0,-0.0,-0.0,-1.2377044840068825,-0.0,-0.008836190344290418,-0.08,-0.0016470593623468819,-0.06857142857142856,0.0,0.0,68.0,,,,E0_repro__ppo__r314159,0.06786976754665375,0.06669890135526657,3.397092342376709,16,3
0.0,0.0,0.016012518498872075,0.9934992675352529,1.0400021485939948,0.00012481363108295075,0.15624523242644098,0.22600918158933317,30.721771089385488,0.006328595874657857,0.047058823529411764,0.0,84.20370468045597,1.0400021485939948,2,1,0,0,1765.6701589554893,1754.1920096311321,1,165.0,11.75,33,17,0,0,0,0,0,0,32,0,False,46,0.373107336059172,0.0,2,0.17647058823529413,0,1.9869985350705057,-0.0,-0.0,-0.09607511099323246,-1.5153781177399963,-0.0007488817864977045,-0.001689088491607216,0.0,0.0,0.0,0.0,0.0,0.0,,,,E0_repro__ppo__r314159,0.08028116077184677,0.08028116077184677,3.3263814449310303,-1,-1
0.0,0.0,0.048361756419217174,0.9659080465362749,1.168694842347726,0.0010999459161471453,0.1463303380241636,0.22274326397026528,35.433726524712924,0.03403334267437301,0.10588235294117647,0.0,80.88661992501797,1.168694842347726,2,1,0,0,1745.2084782976303,1685.710912071009,1,170.0,11.833333333333334,34,17,1,0,1,0,0,0,33,33,True,49,-0.7260285220716625,112.91916040381196,1,0.058823529411764705,0,1.9318160930725499,-0.0,-0.0,-0.29017053851530306,-1.8818231841976223,-0.006599675496882872,-0.01992440885856667,-0.08,-0.01932680807583744,-0.06,-0.3,0.0,33.0,,,,E0_repro__ppo__r314159,0.09001894295215607,0.0711662545800209,3.3527867794036865,8,0
0.0,0.0,0.04709587531020904,0.9680392212077752,1.2058638662095114,0.001067562884424205,0.15506996120230276,0.22672067719397,34.716532123600395,0.03125619792004446,0.10588235294117647,0.0,80.2194449410626,1.2058638662095114,2,1,0,0,1815.9860927171376,1757.9457629180483,1,175.0,11.916666666666666,35,17,0,0,0,0,0,0,34,0,False,49,-0.3313762041465859,0.0,1,0.11764705882352941,0,1.9360784424155504,-0.0,-0.0,-0.28257525186125426,-1.976264706201314,-0.0064053773065452305,-0.0022093111930228575,0.0,0.0,0.0,0.0,0.0,0.0,,,,E0_repro__ppo__r314159,0.07275961339473724,0.07275961339473724,3.4030752182006836,-1,-1
0.0,0.0,0.04549439931302616,0.9672835449880753,1.200125457123287,0.0012010873730164703,0.16806823887861372,0.2402553590514546,34.34447450358904,0.03245380853743228,0.10588235294117647,0.0,81.40579023461035,1.200125457123287,2,1,0,0,1955.0499468010553,1891.0876431704728,1,180.0,12.0,36,17,0,0,0,0,0,0,35,0,False,49,-0.29562652193825684,0.0,1,0.058823529411764705,0,1.9345670899761507,-0.0,-0.0,-0.27296639587815696,-1.9619721242412886,-0.0072065242380988225,0.011951432443136926,0.0,0.0,0.0,0.0,0.0,0.0,,,,E0_repro__ppo__r314159,0.07226056605577469,0.07226056605577469,3.402508497238159,-1,-1
0.0,0.0,0.008560298662894782,0.9965144957642917,1.0439651054397874,9.770023431063843e-05,0.1646398925627512,0.22570434237713358,23.775811329345068,0.0034353306591909786,0.023529411764705882,0.0,83.58060000222531,1.0439651054397874,2,1,0,0,1835.1750884270464,1828.7785778830676,1,185.0,12.083333333333334,37,17,1,0,1,0,0,0,36,34,True,52,-0.045889513130746684,123.93284848071202,0,0.0,0,1.9930289915285835,-0.0,-0.0,-0.05136179197736869,-1.5277241317608645,-0.0005862014058638306,0.00026069839244455343,-0.08,-0.019507077907677594,-0.06,-0.3,0.0,34.0,,,,E0_repro__ppo__r314159,0.09637445956468582,0.06491446495056152,3.408972978591919,8,1
0.0,0.0,0.0,0.999644506533247,0.942477349247198,0.0,0.16412377877917822,0.22642112434632544,22.534284100906625,0.0003519418302605066,0.0,0.0,47.93140744983286,0.942477349247198,0,1,0,0,1816.7270498587695,1816.0812152616713,1,190.0,12.166666666666666,38,17,0,0,0,0,0,0,37,0,False,49,0.8337853626328802,0.0,1,0.11764705882352941,0,1.999289013066494,-0.0,-0.0,-0.0,-1.1847277146940498,-0.0,0.01922406426043602,0.0,0.0,0.0,0.0,0.0,0.0,,,,E0_repro__ppo__r314159,0.07089995592832565,0.07089995592832565,3.3985681533813477,-1,-1
0.0,0.0,0.0,1.0,0.8553231527223816,0.0,0.15743564480293376,0.20952017043030907,18.76939242755089,0.0,0.0,0.0,28.43115748116498,0.8553231527223816,0,0,0,0,1743.9332871157906,1743.9332871157906,1,195.0,12.25,39,17,0,0,0,0,0,0,38,0,False,49,1.1657382989086678,0.0,1,0.058823529411764705,0,2.0,-0.0,-0.0,-0.0,-0.8344498359345237,-0.0,0.0001881348431914176,0.0,0.0,0.0,0.0,0.0,0.0,,,,E0_repro__ppo__r314159,0.0733104795217514,0.0733104795217514,3.3972597122192383,-1,-1
0.0,0.0,0.0,1.0,0.879598372251508,0.0,0.15364486019334786,0.20648563639041506,18.115559638317908,0.0,0.0,0.0,30.048243519753722,0.879598372251508,0,0,0,0,1751.5244852044211,1751.5244852044211,1,200.0,12.333333333333334,40,17,1,0,1,0,0,0,39,33,True,52,0.5869550406263326,206.79741948007782,0,0.0,0,2.0,-0.0,-0.0,-0.0,-0.938333109040796,-0.0,0.0005791570818510505,-0.08,-0.03529100741472239,-0.06,-0.3,0.0,33.0,,,,E0_repro__ppo__r314159,0.08368369936943054,0.06653259694576263,3.4191479682922363,8,0
0.0,0.0,0.0,1.0,0.8118544535410002,0.0,0.14054716539312226,0.19224672923328875,16.87502134041728,0.0,0.0,0.0,24.96334690693117,0.8118544535410002,0,0,0,0,1623.7081131072798,1623.7081131072798,1,205.0,12.416666666666666,41,17,0,0,0,0,0,0,40,0,False,49,1.3764906449053802,0.0,1,0.11764705882352941,0,2.0,-0.0,-0.0,-0.0,-0.6337750883501609,-0.0,0.0102657332555411,0.0,0.0,0.0,0.0,0.0,0.0,,,,E0_repro__ppo__r314159,0.07572062313556671,0.07572062313556671,3.399702787399292,-1,-1
0.0,0.0,0.009496584107023259,0.9935096114372534,1.068852259474143,0.00015300502105365115,0.14520023583694458,0.21231642948202128,27.24775393368163,0.006368229598434141,0.023529411764705882,0.0,82.75395718659443,1.068852259474143,2,1,0,0,1667.072890936488,1656.2529401118888,1,210.0,12.5,42,17,0,0,0,0,0,0,41,0,False,49,0.2923109201286661,0.0,1,0.058823529411764705,0,1.9870192228745067,-0.0,-0.0,-0.05697950464213955,-1.603561446454938,-0.0009180301263219069,-0.03324932152244123,0.0,0.0,0.0,0.0,0.0,0.0,,,,E0_repro__ppo__r314159,0.0757206454873085,0.0757206454873085,3.4028539657592773,-1,-1
0.0,0.0,0.0,0.9997400880282614,0.946168872874966,0.0,0.14074256123511217,0.20046440434725624,20.332670581995767,0.0002621818405364498,0.0,0.0,46.05482788866226,0.946168872874966,0,1,0,0,1551.9256555341333,1551.5222914770118,1,215.0,12.583333333333334,43,17,1,0,1,0,0,0,42,34,True,52,0.369843620164049,62.300763225127184,0,0.0,0,1.9994801760565228,-0.0,-0.0,-0.0,-1.1982914884958005,-0.0,0.01960057402060482,-0.08,-0.010945641417278123,-0.06,-0.3,0.0,34.0,,,,E0_repro__ppo__r314159,0.09611418843269348,0.06503312289714813,3.4114491939544678,8,1
0.0,0.0,0.0,1.0,0.8781040782567697,0.0,0.15242697765247723,0.2082325264701724,19.14642226717156,0.0,0.0,0.0,32.50495168794277,0.8781040782567697,0,0,0,0,1666.086159454339,1666.086159454339,1,220.0,12.666666666666666,44,17,0,0,0,0,0,0,43,0,False,49,1.0764608770088866,0.0,1,0.11764705882352941,0,2.0,-0.0,-0.0,-0.0,-0.9320919421457139,-0.0,0.0085528191546004,0.0,0.0,0.0,0.0,0.0,0.0,,,,E0_repro__ppo__r314159,0.07338213920593262,0.07338213920593262,3.398475408554077,-1,-1
0.0,0.0,0.0,1.0,0.716098917572011,0.0,0.15126784484426872,0.19550086191102886,16.9067427428638,0.0,0.0,0.0,22.649670980516493,0.716098917572011,0,0,0,0,1628.5670878721587,1628.5670878721587,1,225.0,12.75,45,17,0,0,0,0,0,0,44,0,False,49,1.9052290167115875,0.0,1,0.058823529411764705,0,2.0,-0.0,-0.0,-0.0,-0.10454544047625162,-0.0,0.00977445718783912,0.0,0.0,0.0,0.0,0.0,0.0,,,,E0_repro__ppo__r314159,0.0724748969078064,0.0724748969078064,3.397921085357666,-1,-1
0.0,0.0,0.0,1.0,0.5542883501646397,0.0,0.1348373326949818,0.16622853498663948,15.306248551969237,0.0,0.0,0.0,21.341099709821716,0.5542883501646397,0,0,0,0,1480.9880409269992,1480.9880409269992,1,230.0,12.833333333333334,46,17,1,0,1,0,0,0,45,33,True,52,1.53462418075037,123.40114087116346,0,0.0,0,2.0,-0.0,-0.0,-0.0,-0.0,-0.0,-0.00019737532022490178,-0.08,-0.025178443929404843,-0.06,-0.3,0.0,33.0,,,,E0_repro__ppo__r314159,0.08401045948266983,0.06462913751602173,3.422370433807373,8,0
0.0,0.0,0.0,1.0,0.5497205845742218,0.0,0.13618319473792911,0.16908656450416468,15.33581964771445,0.0,0.0,0.0,21.040233902989876,0.5497205845742218,0,0,0,0,1530.482888235499,1530.482888235499,1,235.0,12.916666666666666,47,17,0,0,0,0,0,0,46,0,False,49,1.999802624679775,0.0,1,0.11764705882352941,0,2.0,-0.0,-0.0,-0.0,-0.0,-0.0,-0.00019737532022490178,0.0,0.0,0.0,0.0,0.0,0.0,,,,E0_repro__ppo__r314159,0.0747988298535347,0.0747988298535347,3.4029884338378906,-1,-1
0.0,0.0,0.0,1.0,0.5705891809340701,0.0,0.1347196669984146,0.16901634915285058,15.2574050711843,0.0,0.0,0.0,21.36254512555347,0.5705891809340701,0,0,0,0,1525.7545979897236,1525.7545979897236,1,240.0,13.0,48,17,0,0,0,0,0,0,47,0,False,49,1.999802624679775,0.0,1,0.058823529411764705,0,2.0,-0.0,-0.0,-0.0,-0.0,-0.0,-0.00019737532022490178,0.0,0.0,0.0,0.0,0.0,0.0,,,,E0_repro__ppo__r314159,0.07411250472068787,0.07411250472068787,3.4034528732299805,-1,-1
0.0,0.0,0.0,1.0,0.553254005118398,0.0,0.1298351211644767,0.16152407060411317,15.44457870367456,0.0,0.0,0.0,20.23324791047344,0.553254005118398,0,0,0,0,1417.8446789976542,1417.8446789976542,1,245.0,13.083333333333332,49,17,1,0,1,0,0,0,48,34,True,52,1.517026720489964,209.04076820451462,0,0.0,0,2.0,-0.0,-0.0,-0.0,-0.0,-0.0,-0.00019737532022490178,-0.08,-0.04277590418981112,-0.06,-0.3,0.0,34.0,,,,E0_repro__ppo__r314159,0.0949305072426796,0.06695199757814407,3.4129436016082764,8,1
0.0,0.0,0.0,1.0,0.607110917366623,0.0,0.13618035036725598,0.17284146770398107,16.067676778562536,0.0,0.0,0.0,20.37882535996033,0.607110917366623,0,0,0,0,1444.7148421324455,1444.7148421324455,1,250.0,13.166666666666668,50,17,0,0,0,0,0,0,49,0,False,49,1.999802624679775,0.0,1,0.11764705882352941,0,2.0,-0.0,-0.0,-0.0,-0.0,-0.0,-0.00019737532022490178,0.0,0.0,0.0,0.0,0.0,0.0,,,,E0_repro__ppo__r314159,0.07243403792381287,0.07243403792381287,3.399014949798584,-1,-1
0.0,0.0,0.0,1.0,0.4942295560370769,0.0,0.11766633235040405,0.14634052931164393,15.097821980570057,0.0,0.0,0.0,19.914255788103002,0.4942295560370769,0,0,0,0,1245.8127251093363,1245.8127251093363,1,255.0,13.25,51,17,0,0,0,0,0,0,50,0,False,49,1.999802624679775,0.0,1,0.058823529411764705,0,2.0,-0.0,-0.0,-0.0,-0.0,-0.0,-0.00019737532022490178,0.0,0.0,0.0,0.0,0.0,0.0,,,,E0_repro__ppo__r314159,0.07229142636060715,0.07229142636060715,3.401214361190796,-1,-1
0.0,0.0,0.0,1.0,0.46154837700328966,0.0,0.11852707507759319,0.14774421738974292,14.800356862276942,0.0,0.0,0.0,20.691453852911142,0.46154837700328966,0,0,0,0,1288.9710028435186,1288.9710028435186,1,260.0,13.333333333333332,52,17,1,0,1,0,0,0,51,33,True,52,1.535413659342652,101.46443164390546,0,0.0,0,2.0,-0.0,-0.0,-0.0,-0.0,-0.0,-0.00019737532022490178,-0.08,-0.02438896533712294,-0.06,-0.3,0.0,33.0,,,,E0_repro__ppo__r314159,0.08410993218421936,0.06572417169809341,3.4249134063720703,8,0
0.0,0.0,0.0,1.0,0.5492702291464853,0.0,0.12101349420088973,0.15238161263681646,14.949564750358482,0.0,0.0,0.0,20.4779678462605,0.5492702291464853,0,0,0,0,1326.1795606963274,1326.1795606963274,1,265.0,13.416666666666668,53,17,0,0,0,0,0,0,52,0,False,49,1.999802624679775,0.0,1,0.11764705882352941,0,2.0,-0.0,-0.0,-0.0,-0.0,-0.0,-0.00019737532022490178,0.0,0.0,0.0,0.0,0.0,0.0,,,,E0_repro__ppo__r314159,0.07524419575929642,0.07524419575929642,3.406628370285034,-1,-1
0.0,0.0,0.0,1.0,0.5688064463280776,0.0,0.12030349360644617,0.15350509415137012,14.91203864581421,0.0,0.0,0.0,22.36891614386442,0.5688064463280776,0,0,0,0,1338.253270498488,1338.253270498488,1,270.0,13.5,54,17,0,0,0,0,0,0,53,0,False,49,1.999802624679775,0.0,1,0.058823529411764705,0,2.0,-0.0,-0.0,-0.0,-0.0,-0.0,-0.00019737532022490178,0.0,0.0,0.0,0.0,0.0,0.0,,,,E0_repro__ppo__r314159,0.0744180679321289,0.0744180679321289,3.4059572219848633,-1,-1
0.0,0.0,0.0,1.0,0.6169918554013022,0.0,0.13955043567581943,0.18056520096583642,16.229635120074263,0.0,0.0,0.0,23.626628740228792,0.6169918554013022,0,0,0,0,1498.5611678869077,1498.5611678869077,1,275.0,13.583333333333332,55,17,1,0,1,0,0,0,54,34,True,52,1.5334783270859096,131.6096320104203,0,0.0,0,2.0,-0.0,-0.0,-0.0,-0.0,-0.0,-0.00019737532022490178,-0.08,-0.02632429759386533,-0.06,-0.3,0.0,34.0,,,,E0_repro__ppo__r314159,0.09494878351688385,0.06586918979883194,3.4123687744140625,8,1
0.0,0.0,0.0,1.0,0.5337664601878505,0.0,0.1313667808139513,0.16743027386177034,15.649364812747493,0.0,0.0,0.0,21.158776410959415,0.5337664601878505,0,0,0,0,1401.4765666524056,1401.4765666524056,1,280.0,13.666666666666668,56,17,0,0,0,0,0,0,55,0,False,49,1.999802624679775,0.0,1,0.11764705882352941,0,2.0,-0.0,-0.0,-0.0,-0.0,-0.0,-0.00019737532022490178,0.0,0.0,0.0,0.0,0.0,0.0,,,,E0_repro__ppo__r314159,0.07170245796442032,0.07170245796442032,3.3992083072662354,-1,-1
0.0,0.0,0.0,1.0,0.5430691663996717,0.0,0.13279037418194922,0.1651083677947919,15.687993902017501,0.0,0.0,0.0,21.397291180233278,0.5430691663996717,0,0,0,0,1404.5653747547017,1404.5653747547017,1,285.0,13.75,57,17,0,0,0,0,0,0,56,0,False,49,1.999802624679775,0.0,1,0.058823529411764705,0,2.0,-0.0,-0.0,-0.0,-0.0,-0.0,-0.00019737532022490178,0.0,0.0,0.0,0.0,0.0,0.0,,,,E0_repro__ppo__r314159,0.07183671742677689,0.07183671742677689,3.3999106884002686,-1,-1
0.0,0.0,0.0,1.0,0.5566312021367836,0.0,0.13101278684734616,0.16879062966505112,15.518342393529878,0.0,0.0,0.0,21.118633302398667,0.5566312021367836,0,0,0,0,1426.3058634001495,1426.3058634001495,1,290.0,13.833333333333332,58,17,1,0,1,0,0,0,57,33,True,52,1.5259179864037846,151.2020283358494,0,0.0,0,2.0,-0.0,-0.0,-0.0,-0.0,-0.0,-0.00019737532022490178,-0.08,-0.033884638275990364,-0.06,-0.3,0.0,33.0,,,,E0_repro__ppo__r314159,0.08341486006975174,0.06514687836170197,3.4237060546875,8,0
0.0,0.0,0.0,1.0,0.5717157137729978,0.0,0.12941601791780882,0.1637936449473456,15.264521030662905,0.0,0.0,0.0,21.45097996088722,0.5717157137729978,0,0,0,0,1440.4735513785051,1440.4735513785051,1,295.0,13.916666666666668,59,17,0,0,0,0,0,0,58,0,False,49,1.999802624679775,0.0,1,0.11764705882352941,0,2.0,-0.0,-0.0,-0.0,-0.0,-0.0,-0.00019737532022490178,0.0,0.0,0.0,0.0,0.0,0.0,,,,E0_repro__ppo__r314159,0.07405192404985428,0.07405192404985428,3.4036378860473633,-1,-1
0.0,0.0,0.0,1.0,0.6497053598853124,0.0,0.13033031611333296,0.1729310038592419,15.839024736576281,0.0,0.0,0.0,23.54658576955929,0.6497053598853124,0,0,0,0,1422.3232995754367,1422.3232995754367,1,300.0,14.0,60,17,0,0,0,0,0,0,59,0,False,49,1.999802624679775,0.0,1,0.058823529411764705,0,2.0,-0.0,-0.0,-0.0,-0.0,-0.0,-0.00019737532022490178,0.0,0.0,0.0,0.0,0.0,0.0,,,,E0_repro__ppo__r314159,0.07290244847536087,0.07290244847536087,3.4034736156463623,-1,-1
0.0,0.0,0.0,1.0,0.7149431496984126,0.0,0.09766093267001898,0.1493490358643279,14.762677798040865,0.0,0.0,0.0,19.68366983675619,0.7149431496984126,0,0,0,0,1168.150736910813,1168.150736910813,1,5.0,9.083333333333334,1,17,0,0,0,0,0,0,0,0,False,52,1.9025832832126246,0.0,0,0.0,0,2.0,-0.0,-0.0,-0.0,-0.09721934146715051,-0.0,-0.00019737532022490178,0.0,0.0,0.0,0.0,0.0,,,,,greedy,,,,-1,-1
0.0,0.0,0.0,1.0,0.7354648872891772,0.0,0.09650181328141072,0.14520252411979526,14.677348973574613,0.0,0.0,0.0,19.88330367122347,0.7354648872891772,0,0,0,0,1156.8931069239047,1156.8931069239047,1,10.0,9.166666666666666,2,17,0,0,0,0,0,0,1,0,False,52,1.7763329878355385,0.0,0,0.0,0,2.0,-0.0,-0.0,-0.0,-0.22346963684423665,-0.0,-0.00019737532022490178,0.0,0.0,0.0,0.0,0.0,,,,,greedy,,,,-1,-1
0.0,0.0,0.0,1.0,0.723325110804381,0.0,0.1092965806175273,0.1611842235891061,15.27255299129759,0.0,0.0,0.0,21.507021888345708,0.723325110804381,0,0,0,0,1282.5406968782754,1282.5406968782754,1,15.0,9.25,3,17,0,0,0,0,0,0,2,0,False,52,1.8500508699840896,0.0,0,0.0,0,2.0,-0.0,-0.0,-0.0,-0.14975175469568552,-0.0,-0.00019737532022490178,0.0,0.0,0.0,0.0,0.0,,,,,greedy,,,,-1,-1
0.0,0.0,0.0,1.0,0.7419770356746953,0.0,0.117061944637177,0.17278229768307735,15.85206044806281,0.0,0.0,0.0,20.858217612026472,0.7419770356746953,0,0,0,0,1372.9432390908976,1372.9432390908976,1,20.0,9.333333333333334,4,17,0,0,0,0,0,0,3,0,False,52,1.7378803986759357,0.0,0,0.0,0,2.0,-0.0,-0.0,-0.0,-0.2619222260038394,-0.0,-0.00019737532022490178,0.0,0.0,0.0,0.0,0.0,,,,,greedy,,,,-1,-1
0.0,0.0,0.0,1.0,0.7318753521447676,0.0,0.1078717020374869,0.16129032642613475,15.388878342621416,0.0,0.0,0.0,20.29312891645553,0.7318753521447676,0,0,0,0,1277.9029576934765,1277.9029576934765,1,25.0,9.416666666666666,5,17,0,0,0,0,0,0,4,0,False,52,1.7978486678478711,0.0,0,0.0,0,2.0,-0.0,-0.0,-0.0,-0.20195395683190404,-0.0,-0.00019737532022490178,0.0,0.0,0.0,0.0,0.0,,,,,greedy,,,,-1,-1
0.0,0.0,0.0,1.0,0.6172149288849966,0.0,0.10238142992059998,0.15325476314464118,14.910850043719694,0.0,0.0,0.0,18.46402926644289,0.6172149288849966,0,0,0,0,1235.7803161426978,1235.7803161426978,1,30.0,9.5,6,17,0,0,0,0,0,0,5,0,False,52,1.999802624679775,0.0,0,0.0,0,2.0,-0.0,-0.0,-0.0,-0.0,-0.0,-0.00019737532022490178,0.0,0.0,0.0,0.0,0.0,,,,,greedy,,,,-1,-1
0.0,0.0,0.0,1.0,0.6502174958524012,0.0,0.0966026837350552,0.1462268376567306,14.58604998980599,0.0,0.0,0.0,18.36590509984173,0.6502174958524012,0,0,0,0,1160.063374495247,1160.063374495247,1,35.0,9.583333333333334,7,17,0,0,0,0,0,0,6,0,False,52,1.999802624679775,0.0,0,0.0,0,2.0,-0.0,-0.0,-0.0,-0.0,-0.0,-0.00019737532022490178,0.0,0.0,0.0,0.0,0.0,,,,,greedy,,,,-1,-1
0.0,0.0,0.0,1.0,0.7314213751712114,0.0,0.09779924279175504,0.15165700228434703,14.899215033558146,0.0,0.0,0.0,20.11233685812708,0.7314213751712114,0,0,0,0,1158.443664870538,1158.443664870538,1,40.0,9.666666666666666,8,17,0,0,0,0,0,0,7,0,False,52,1.7967618746662073,0.0,0,0.0,0,2.0,-0.0,-0.0,-0.0,-0.19921625573526278,-0.0,-0.0040218695985299036,0.0,0.0,0.0,0.0,0.0,,,,,greedy,,,,-1,-1
0.0,0.0,0.0,1.0,0.8694228722292664,0.0,0.10273507182593258,0.15925159418150772,15.905534188062887,0.0,0.0,0.0,29.203405074233995,0.8694228722292664,0,0,0,0,1214.8114910501959,1214.8114910501959,1,45.0,9.75,9,17,0,0,0,0,0,0,8,0,False,52,1.0908173061710056,0.0,0,0.0,0,2.0,-0.0,-0.0,-0.0,-0.8954430681905642,-0.0,-0.013739625638430293,0.0,0.0,0.0,0.0,0.0,,,,,greedy,,,,-1,-1
0.0,0.0,0.0,1.0,0.6627781421868727,0.0,0.10645879904552716,0.15223209341969182,14.73598168668478,0.0,0.0,0.0,17.767743044893734,0.6627781421868727,0,0,0,0,1258.5055929771174,1258.5055929771174,1,50.0,9.833333333333334,10,17,1,0,0,0,0,0,9,18,True,52,1.7934343430130846,185.94472711054198,0,0.0,0,2.0,-0.0,-0.0,-0.0,-0.0,-0.0,0.017275954489546934,-0.08,-0.04098446861931975,-0.10285714285714284,0.0,0.0,,,,,greedy,,,,4,1
0.0,0.0,0.0,1.0,0.682994868281804,0.0,0.10819231969379621,0.158251756379753,14.906718631389726,0.0,0.0,0.0,17.793470355196877,0.682994868281804,0,0,0,0,1291.5974008553508,1291.5974008553508,1,55.0,9.916666666666666,11,17,0,0,0,0,0,0,10,0,False,49,1.999802624679775,0.0,1,0.11764705882352941,0,2.0,-0.0,-0.0,-0.0,-0.0,-0.0,-0.00019737532022490178,0.0,0.0,0.0,0.0,0.0,,,,,greedy,,,,-1,-1
0.0,0.0,0.0,1.0,0.8212374648541528,0.0,0.10870286285077477,0.1697468841018489,15.998941620574982,0.0,0.0,0.0,21.880200635318122,0.8212374648541528,0,0,0,0,1295.9842161370266,1295.9842161370266,1,60.0,10.0,12,17,0,0,0,0,0,0,11,0,False,49,1.307835839173307,0.0,1,0.058823529411764705,0,2.0,-0.0,-0.0,-0.0,-0.6788284990896779,-0.0,-0.01333566173701528,0.0,0.0,0.0,0.0,0.0,,,,,greedy,,,,-1,-1
0.0,0.0,0.0,0.999011742108108,0.9555507170245493,0.0,0.1258167350638421,0.199251833018194,22.199684379355414,0.000955468595797125,0.0,0.0,48.59761249316895,0.9555507170245493,0,1,0,0,1485.2986449808661,1483.8307868731472,1,65.0,10.083333333333334,13,17,0,0,0,0,0,0,12,0,False,52,0.7556984979431839,0.0,0,0.0,0,1.998023484216216,-0.0,-0.0,-0.0,-1.2323548600601584,-0.0,-0.00997012621287363,0.0,0.0,0.0,0.0,0.0,,,,,greedy,,,,-1,-1
0.0,0.0,0.14315391576769912,0.880771607918584,1.3720106048638159,0.003770803052621142,0.11819681187020234,0.21739945672027533,41.428385639164034,0.11917682871789725,0.23529411764705882,0.0,77.17497319747976,1.3720106048638159,4,1,0,0,1507.0750702169285,1327.388932848977,1,70.0,10.166666666666666,14,17,1,0,0,0,0,0,13,20,True,52,-1.7741760023737512,307.4541875506252,0,0.0,0,1.761543215837168,-0.0,-0.0,-0.8589234946061948,-2.3511684801968813,-0.022624818315726852,-0.04267643773289762,-0.08,-0.060325987359218465,-0.12,0.0,0.0,,,,,greedy,,,,4,3
0.0,0.0,0.015544505501676152,0.9951814361114482,1.0433804677249108,9.640103938869086e-05,0.1313710368155542,0.20157412880193587,24.119373372667773,0.004604971834368032,0.047058823529411764,0.0,77.70169721223525,1.0433804677249108,3,1,0,0,1505.78661353024,1498.5308845304185,1,75.0,10.25,15,17,1,0,0,0,0,0,14,14,True,46,0.19887386813896815,163.49808095095773,1,0.11764705882352941,0,1.9903628722228963,-0.0,-0.0,-0.09326703301005691,-1.5259075635688994,-0.0005784062363321452,0.043456885740353474,-0.08,-0.0323357441518503,-0.10285714285714284,0.0,0.0,,,,,greedy,,,,3,1
0.0,0.0,0.04363560070077295,0.9925041037801333,1.0273696059184472,9.131973216321764e-05,0.13198814731599548,0.20730007057323085,32.90840553959147,0.007468238896590373,0.07058823529411765,0.0,77.92861395529238,1.0273696059184472,2,1,0,0,1502.48959827482,1491.2270921747229,1,80.0,10.333333333333334,16,17,0,0,0,0,0,0,15,0,False,46,0.23372376296763028,0.0,2,0.17647058823529413,0,1.9850082075602666,-0.0,-0.0,-0.26181360420463773,-1.4755067508466264,-0.0005479183929793059,-0.01341617114839292,0.0,0.0,0.0,0.0,0.0,,,,,greedy,,,,-1,-1
0.0,0.0,0.0053844249972718255,0.9985504211217747,0.9855793392323915,0.0,0.13827105262773062,0.2166861950633588,24.73632764570724,0.001423682962726877,0.023529411764705882,0.0,78.86059139696472,0.9855793392323915,2,1,0,0,1555.7857836413214,1553.5305494303116,1,85.0,10.416666666666666,17,17,1,0,0,0,0,0,16,19,True,46,0.38311440429133203,278.89369212804974,1,0.058823529411764705,0,1.9971008422435494,-0.0,-0.0,-0.03230654998363095,-1.3376384120060942,-0.0,0.010815864921409327,-0.08,-0.05485734088390143,-0.12,0.0,0.0,,,,,greedy,,,,4,2
0.0,0.0,0.0,0.9998116946376898,0.9376815157201804,0.0,0.14970386368707725,0.22231995583520142,20.70018638809469,0.00018516002914834286,0.0,0.0,50.788385283206054,0.9376815157201804,0,1,0,0,1651.4377732065848,1651.1267986183684,1,90.0,10.5,18,17,1,0,0,0,0,0,17,8,True,49,0.6663757971506743,148.85711941305615,1,0.11764705882352941,0,1.9996233892753796,-0.0,-0.0,-0.0,-1.166967864004041,-0.0,0.001899887642850917,-0.08,-0.028179615763515183,-0.06,0.0,0.0,,,,,greedy,,,,1,3
0.0,0.0,0.0,1.0,0.8829442742598141,0.0,0.13800115466808888,0.19246615560129973,17.18242968206163,0.0,0.0,0.0,32.64513997247767,0.8829442742598141,0,0,0,0,1508.443451819479,1508.443451819479,1,95.0,10.583333333333334,19,17,1,0,0,0,0,0,18,16,True,46,0.8780596305691357,148.82095447959122,2,0.17647058823529413,0,2.0,-0.0,-0.0,-0.0,-0.952237596273946,-0.0,0.022687078396768298,-0.08,-0.026675565839400946,-0.08571428571428572,0.0,0.0,,,,,greedy,,,,3,3
0.0,0.0,0.0,1.0,0.6781312609649633,0.0,0.12269345493790289,0.16299930321281356,15.212703742638618,0.0,0.0,0.0,19.61799277130389,0.6781312609649633,0,0,0,0,1361.1158661647498,1361.1158661647498,1,100.0,10.666666666666666,20,17,0,0,0,0,0,0,19,0,False,46,1.999802624679775,0.0,2,0.17647058823529413,0,2.0,-0.0,-0.0,-0.0,-0.0,-0.0,-0.00019737532022490178,0.0,0.0,0.0,0.0,0.0,,,,,greedy,,,,-1,-1
0.0,0.0,0.0,1.0,0.7320799724537419,0.0,0.13550596396258507,0.18809620855900816,16.341340952133713,0.0,0.0,0.0,22.68065094664773,0.7320799724537419,0,0,0,0,1469.8007281207645,1469.8007281207645,1,105.0,10.75,21,17,0,0,0,0,0,0,20,0,False,49,1.7966159324039548,0.0,1,0.058823529411764705,0,2.0,-0.0,-0.0,-0.0,-0.20318669227582029,-0.0,-0.00019737532022490178,0.0,0.0,0.0,0.0,0.0,,,,,greedy,,,,-1,-1
0.0,0.0,0.0,1.0,0.6440042538090679,0.0,0.12441928044923867,0.16560953426201935,15.237595421480055,0.0,0.0,0.0,18.914848012465587,0.6440042538090679,0,0,0,0,1400.4861345371548,1400.4861345371548,1,110.0,10.833333333333334,22,17,0,0,0,0,0,0,21,0,False,52,1.999802624679775,0.0,0,0.0,0,2.0,-0.0,-0.0,-0.0,-0.0,-0.0,-0.00019737532022490178,0.0,0.0,0.0,0.0,0.0,,,,,greedy,,,,-1,-1
0.0,0.0,0.0,1.0,0.6211096654548767,0.0,0.12474184895286593,0.16675060160562596,15.293805805367194,0.0,0.0,0.0,18.33470872591324,0.6211096654548767,0,0,0,0,1402.275516036306,1402.275516036306,1,115.0,10.916666666666666,23,17,0,0,0,0,0,0,22,0,False,52,1.999802624679775,0.0,0,0.0,0,2.0,-0.0,-0.0,-0.0,-0.0,-0.0,-0.00019737532022490178,0.0,0.0,0.0,0.0,0.0,,,,,greedy,,,,-1,-1
0.0,0.0,0.0,1.0,0.7164800466880809,0.0,0.13583046982519467,0.183173313480371,16.02629334677392,0.0,0.0,0.0,20.34250833889922,0.7164800466880809,0,0,0,0,1494.8494329139453,1494.8494329139453,1,120.0,11.0,24,17,0,0,0,0,0,0,23,0,False,52,1.8928471820774926,0.0,0,0.0,0,2.0,-0.0,-0.0,-0.0,-0.10695544260228244,-0.0,-0.00019737532022490178,0.0,0.0,0.0,0.0,0.0,,,,,greedy,,,,-1,-1
0.0,0.0,0.0,1.0,0.7041749371986303,0.0,0.13904125393481137,0.19001821533426907,16.27654282064489,0.0,0.0,0.0,20.13891296289838,0.7041749371986303,0,0,0,0,1522.7689413839435,1522.7689413839435,1,125.0,11.083333333333334,25,17,0,0,0,0,0,0,24,0,False,52,1.9721615995743937,0.0,0,0.0,0,2.0,-0.0,-0.0,-0.0,-0.027641025105381353,-0.0,-0.00019737532022490178,0.0,0.0,0.0,0.0,0.0,,,,,greedy,,,,-1,-1
0.0,0.0,0.0,1.0,0.7929412462984928,0.0,0.1354466372432775,0.19471750799458087,17.083255521476275,0.0,0.0,0.0,25.162610061762017,0.7929412462984928,0,0,0,0,1446.7176854585405,1446.7176854585405,1,130.0,11.166666666666666,26,17,0,0,0,0,0,0,25,0,False,52,1.4496237597970387,0.0,0,0.0,0,2.0,-0.0,-0.0,-0.0,-0.5397552510480077,-0.0,-0.010620989154953648,0.0,0.0,0.0,0.0,0.0,,,,,greedy,,,,-1,-1
0.0,0.0,0.02705694853434717,0.9977919490477506,0.9955444010817618,0.0,0.1464769457788806,0.2099562196663515,25.30005322870549,0.0021950858722951092,0.047058823529411764,0.0,78.77938127145826,0.9955444010817618,2,1,0,0,1570.765870861122,1567.297539784206,1,135.0,11.25,27,17,0,0,0,0,0,0,26,0,False,52,0.45056521567491536,0.0,0,0.0,0,1.9955838980955012,-0.0,-0.0,-0.16234169120608302,-1.37138694474027,-0.0,-0.01129004647423272,0.0,0.0,0.0,0.0,0.0,,,,,greedy,,,,-1,-1
0.0,0.0,0.004744972194805326,0.998563106591467,0.9989493197544179,0.0,0.15004652991768563,0.21838568928125318,23.041636359623073,0.0014023750871344123,0.011764705882352941,0.0,79.35863578764926,0.9989493197544179,1,1,0,0,1679.5281271114104,1677.1148242161184,1,140.0,11.333333333333334,28,17,1,0,0,0,0,0,27,14,True,52,0.3854912145318292,190.27912277441462,0,0.0,0,1.997126213182934,-0.0,-0.0,-0.028469833168831955,-1.382789023580659,-0.0,0.00031068999015777533,-0.08,-0.03497254617748583,-0.08571428571428572,0.0,0.0,,,,,greedy,,,,3,1
0.0,0.0,0.0,0.9998589651681705,0.9307786377445022,0.0,0.14000133929743536,0.20610058336347326,18.70352116758235,0.00014148908483845694,0.0,0.0,38.08091815853512,0.9307786377445022,0,1,0,0,1621.2074668720209,1620.9788201495699,1,145.0,11.416666666666666,29,17,1,0,0,0,0,0,28,20,True,49,0.6336117907237937,240.38709989084856,1,0.11764705882352941,0,1.999717930336341,-0.0,-0.0,-0.0,-1.1411251631946016,-0.0,0.018094928347871766,-0.08,-0.04307590476581757,-0.12,0.0,0.0,,,,,greedy,,,,4,3
0.0,0.0,0.0,0.9999689212328114,0.9166646792571909,0.0,0.1408286110902611,0.20352361362877697,17.786081594324866,2.9887251583698163e-05,0.0,0.0,34.2030865637016,0.9166646792571909,0,1,0,0,1638.21398305879,1638.1630693878055,1,150.0,11.5,30,17,0,0,0,0,0,0,29,0,False,46,0.9001797317750093,0.0,2,0.17647058823529413,0,1.999937842465623,-0.0,-0.0,-0.0,-1.087223199965196,-0.0,-0.012534910725417528,0.0,0.0,0.0,0.0,0.0,,,,,greedy,,,,-1,-1
0.0,0.0,0.0,1.0,0.7928904812747842,0.0,0.1384302997878583,0.19695565300391554,16.359127461952088,0.0,0.0,0.0,22.381889346754313,0.7928904812747842,0,0,0,0,1651.1451331036835,1651.1451331036835,1,155.0,11.583333333333334,31,17,0,0,0,0,0,0,30,0,False,49,1.4701418802244264,0.0,1,0.058823529411764705,0,2.0,-0.0,-0.0,-0.0,-0.5394968495505982,-0.0,0.009638729775024458,0.0,0.0,0.0,0.0,0.0,,,,,greedy,,,,-1,-1
0.0,0.0,0.024714311407123817,0.9896984710650539,1.0867161912699872,0.0003017769951988016,0.14610014869602947,0.21905539548528044,24.853389314636804,0.009893801049527709,0.07058823529411765,0.0,79.76381232982648,1.0867161912699872,3,1,0,0,1717.3862128169112,1699.6945090531003,1,160.0,11.666666666666666,32,17,0,0,0,0,0,0,31,0,False,52,0.14057269325414967,0.0,0,0.0,0,1.9793969421301079,-0.0,-0.0,-0.14828586844274289,-1.6562772381345634,-0.0018106619711928096,-0.032450480327459154,0.0,0.0,0.0,0.0,0.0,,,,,greedy,,,,-1,-1
0.0,0.0,0.016012518498872075,0.9934992675352529,1.0400021485939948,0.00012481363108295075,0.1507930545014692,0.23044297370417474,30.85188900616498,0.006328595874657857,0.047058823529411764,0.0,83.73036883060196,1.0400021485939948,2,1,0,0,1765.6701589554893,1754.1920096311321,1,165.0,11.75,33,17,1,0,0,0,0,0,32,18,True,52,0.1499313264267807,221.36066894003721,0,0.0,0,1.9869985350705057,-0.0,-0.0,-0.09607511099323246,-1.5153781177399963,-0.0007488817864977045,0.012031405371784895,-0.08,-0.03689650349578337,-0.12,0.0,0.0,,,,,greedy,,,,4,1
0.0,0.0,0.0,1.0,0.8893969987086572,0.0,0.1450467430546453,0.21293596468557152,18.197065569248494,0.0,0.0,0.0,28.86425114489599,0.8893969987086572,0,0,0,0,1745.2084782976303,1745.2084782976303,1,170.0,11.833333333333334,34,17,1,0,0,0,0,0,33,13,True,49,0.8026774428697243,247.77375175874013,1,0.11764705882352941,0,2.0,-0.0,-0.0,-0.0,-0.9787830874797889,-0.0,0.006725673136397795,-0.08,-0.04240799992974179,-0.10285714285714284,0.0,0.0,,,,,greedy,,,,3,0
0.0,0.0,0.0,0.9997819116517248,0.9416443930389888,0.0,0.15211851927291098,0.21999000809185887,19.77206296526596,0.00021188829099820435,0.0,0.0,40.093471011495915,0.9416443930389888,0,1,0,0,1815.9860927171376,1815.5900473096863,1,175.0,11.916666666666666,35,17,0,0,0,0,0,0,34,0,False,46,0.8154518733478684,0.0,2,0.17647058823529413,0,1.9995638233034496,-0.0,-0.0,-0.0,-1.1816544201012984,-0.0,-0.002457529854282814,0.0,0.0,0.0,0.0,0.0,,,,,greedy,,,,-1,-1
0.0,0.0,0.019520691897353146,0.9986351762143918,0.9822610219970643,0.0,0.16549627557560057,0.23826734026912155,25.25722738341242,0.001342235792177997,0.047058823529411764,0.0,76.93040435175867,0.9822610219970643,2,1,0,0,1955.0499468010553,1952.3816481316092,1,180.0,12.0,36,17,0,0,0,0,0,0,35,0,False,49,0.5592536541198426,0.0,1,0.058823529411764705,0,1.9972703524287836,-0.0,-0.0,-0.11712415138411889,-1.3262727278738364,-0.0,0.005380180949014302,0.0,0.0,0.0,0.0,0.0,,,,,greedy,,,,-1,-1
0.0,0.0,0.008560298662894782,0.9965144957642917,1.0439651054397874,9.770023431063843e-05,0.15488414548022683,0.22590621561568933,22.680776825139226,0.0034353306591909786,0.023529411764705882,0.0,82.14201500771053,1.0439651054397874,2,1,0,0,1835.1750884270464,1828.7785778830676,1,185.0,12.083333333333334,37,17,1,0,1,0,0,0,36,14,True,52,-0.12709155710722833,239.21864915950437,0,0.0,0,1.9930289915285835,-0.0,-0.0,-0.05136179197736869,-1.5277241317608645,-0.0005862014058638306,-0.019938173461374737,-0.08,-0.03765310717319708,-0.10285714285714284,-0.3,0.0,,,,,greedy,,,,3,1
0.0,0.0,0.061772260915475635,0.9726141531763672,1.110368917234955,0.0008719125369675304,0.15442149628131427,0.23744532322834497,37.38490047084595,0.02739822703078907,0.17647058823529413,2.7857313678048e-11,105.88750507440322,1.1116923870990185,4,2,0,0,1816.7270498587695,1766.9744411509869,25,190.0,12.166666666666666,38,17,1,0,1,0,0,0,37,20,True,49,-0.7023939458478297,281.7124303223991,1,0.11764705882352941,0,1.9452283063527345,-0.0,-0.0,-0.3706335654928538,-1.724003924344586,-0.005231475221805183,-0.00236407020931166,-0.08,-0.04538921693200752,-0.12,-0.3,0.0,,,,,greedy,,,,4,3
0.0,0.0,0.0,1.0,0.8553231527223816,0.0,0.1540553270929635,0.21581156511487007,18.538021944469776,0.0,0.0,0.0,33.39068281584231,0.8553231527223816,0,0,0,0,1743.9332871157906,1743.9332871157906,1,195.0,12.25,39,17,1,0,0,0,0,0,38,47,True,46,1.024890365371903,133.84474609839785,2,0.17647058823529413,0,2.0,-0.0,-0.0,-0.0,-0.8344498359345237,-0.0,0.02188475240072677,-0.08,-0.02254455109430008,-0.06,0.0,0.0,,,,,greedy,,,,11,2
0.0,0.0,0.0,1.0,0.8737898618387221,0.0,0.15264901935725167,0.21731319914834288,19.11916444273255,0.0,0.0,0.0,29.30853867630478,0.8737898618387221,0,0,0,0,1751.5244852044211,1751.5244852044211,1,200.0,12.333333333333334,40,17,1,0,0,0,0,0,39,5,True,46,0.9171218462868156,170.3854766929669,2,0.17647058823529413,0,2.0,-0.0,-0.0,-0.0,-0.913962838570293,-0.0,0.00016181326833523415,-0.08,-0.02907712841122654,-0.06,0.0,0.0,,,,,greedy,,,,1,0
0.0,0.0,0.0,1.0,0.8063174797727946,0.0,0.14209444066856342,0.1970702581230599,16.550442466293717,0.0,0.0,0.0,23.673311325478693,0.8063174797727946,0,0,0,0,1623.7081131072798,1623.7081131072798,1,205.0,12.416666666666666,41,17,1,0,0,0,0,0,40,27,True,46,1.193262163983034,93.46626346036165,2,0.17647058823529413,0,2.0,-0.0,-0.0,-0.0,-0.6067046985002094,-0.0,0.015792435980708983,-0.08,-0.015825573497465224,-0.12,0.0,0.0,,,,,greedy,,,,6,2
0.0,0.0,0.008168647503813868,0.9993305756800819,0.9756260380046434,0.0,0.14676540139092084,0.20877094568200052,20.465256587161306,0.0006535557951687232,0.011764705882352941,0.0,81.69774505668128,0.9756260380046434,1,1,0,0,1667.072890936488,1665.956911800219,1,210.0,12.5,42,17,0,0,0,0,0,0,41,0,False,46,0.6156734537683465,0.0,2,0.17647058823529413,0,1.9986611513601638,-0.0,-0.0,-0.049011885022883214,-1.3033514712342804,-0.0,-0.030624341334653773,0.0,0.0,0.0,0.0,0.0,,,,,greedy,,,,-1,-1
0.0,0.0,0.0,0.9991935144548579,0.9652352467963269,0.0,0.13689652017238582,0.21273353579708826,24.546663084130042,0.000786363596138968,0.0,0.0,70.55575975673378,0.9652352467963269,0,1,0,0,1551.9256555341333,1550.6740499258099,1,215.0,12.583333333333334,43,17,1,0,1,0,0,0,42,18,True,49,0.18636026688640078,288.4300222178671,1,0.058823529411764705,0,1.9983870289097159,-0.0,-0.0,-0.0,-1.2669190716903267,-0.0,0.005566674373687044,-0.08,-0.05067436470667555,-0.12,-0.3,0.0,,,,,greedy,,,,4,1
0.0,0.0,0.0,1.0,0.8781040782567697,0.0,0.1513152611320545,0.21486615389015062,19.310720759826417,0.0,0.0,0.0,31.654134058762654,0.8781040782567697,0,0,0,0,1666.086159454339,1666.086159454339,1,220.0,12.666666666666666,44,17,1,0,1,0,0,0,43,8,True,49,0.6164316961579166,142.03513332286718,1,0.11764705882352941,0,2.0,-0.0,-0.0,-0.0,-0.9320919421457139,-0.0,0.01482116957266606,-0.08,-0.026297531269035574,-0.06,-0.3,0.0,,,,,greedy,,,,1,3
0.0,0.0,0.0,1.0,0.7277298971396349,0.0,0.15016619255506472,0.20463512645018556,17.30754695078992,0.0,0.0,0.0,22.070342155410554,0.7277298971396349,0,0,0,0,1628.5670878721587,1628.5670878721587,1,225.0,12.75,45,17,0,0,0,0,0,0,44,0,False,46,1.829566812857489,0.0,2,0.17647058823529413,0,2.0,-0.0,-0.0,-0.0,-0.17681462029616585,-0.0,0.0063814331536546426,0.0,0.0,0.0,0.0,0.0,,,,,greedy,,,,-1,-1
0.0,0.0,0.0,1.0,0.7000936467527568,0.0,0.1357450137538875,0.17407728216444845,15.641651742020581,0.0,0.0,0.0,21.266063691534967,0.7000936467527568,0,0,0,0,1480.9880409269992,1480.9880409269992,1,230.0,12.833333333333334,46,17,0,0,0,0,0,0,45,0,False,49,2.0025884848219424,0.0,1,0.058823529411764705,0,2.0,-0.0,-0.0,-0.0,-0.0006242142640485014,-0.0,0.00321269908599065,0.0,0.0,0.0,0.0,0.0,,,,,greedy,,,,-1,-1
0.0,0.0,0.0,1.0,0.5717208448674349,0.0,0.137339954524059,0.1746827133303804,15.541131967008516,0.0,0.0,0.0,18.615357797865666,0.5717208448674349,0,0,0,0,1530.482888235499,1530.482888235499,1,235.0,12.916666666666666,47,17,0,0,0,0,0,0,46,0,False,52,1.999802624679775,0.0,0,0.0,0,2.0,-0.0,-0.0,-0.0,-0.0,-0.0,-0.00019737532022490178,0.0,0.0,0.0,0.0,0.0,,,,,greedy,,,,-1,-1
0.0,0.0,0.0,1.0,0.5890369947441574,0.0,0.13623918059077297,0.175151653266416,15.481452016032454,0.0,0.0,0.0,18.46895804187747,0.5890369947441574,0,0,0,0,1525.7545979897236,1525.7545979897236,1,240.0,13.0,48,17,0,0,0,0,0,0,47,0,False,52,1.999802624679775,0.0,0,0.0,0,2.0,-0.0,-0.0,-0.0,-0.0,-0.0,-0.00019737532022490178,0.0,0.0,0.0,0.0,0.0,,,,,greedy,,,,-1,-1
0.0,0.0,0.0,1.0,0.5865414629362069,0.0,0.12449701596090001,0.1612211537537338,14.979605510384559,0.0,0.0,0.0,18.565988475805916,0.5865414629362069,0,0,0,0,1417.8446789976542,1417.8446789976542,1,245.0,13.083333333333332,49,17,0,0,0,0,0,0,48,0,False,52,1.999802624679775,0.0,0,0.0,0,2.0,-0.0,-0.0,-0.0,-0.0,-0.0,-0.00019737532022490178,0.0,0.0,0.0,0.0,0.0,,,,,greedy,,,,-1,-1
0.0,0.0,0.0,1.0,0.607110917366623,0.0,0.12983071056285897,0.1731897939687531,15.50924350683817,0.0,0.0,0.0,18.87063254560127,0.607110917366623,0,0,0,0,1444.7148421324455,1444.7148421324455,1,250.0,13.166666666666668,50,17,0,0,0,0,0,0,49,0,False,52,1.999802624679775,0.0,0,0.0,0,2.0,-0.0,-0.0,-0.0,-0.0,-0.0,-0.00019737532022490178,0.0,0.0,0.0,0.0,0.0,,,,,greedy,,,,-1,-1
0.0,0.0,0.0,1.0,0.5195778260445802,0.0,0.11379666323157042,0.15144727522341755,14.948502739497291,0.0,0.0,0.0,18.36441745460497,0.5195778260445802,0,0,0,0,1245.8127251093363,1245.8127251093363,1,255.0,13.25,51,17,0,0,0,0,0,0,50,0,False,52,1.999802624679775,0.0,0,0.0,0,2.0,-0.0,-0.0,-0.0,-0.0,-0.0,-0.00019737532022490178,0.0,0.0,0.0,0.0,0.0,,,,,greedy,,,,-1,-1
0.0,0.0,0.0,1.0,0.562681250330091,0.0,0.12005866592742484,0.1582961628173212,15.293184892240356,0.0,0.0,0.0,18.744105447688025,0.562681250330091,0,0,0,0,1288.9710028435186,1288.9710028435186,1,260.0,13.333333333333332,52,17,0,0,0,0,0,0,51,0,False,52,1.999802624679775,0.0,0,0.0,0,2.0,-0.0,-0.0,-0.0,-0.0,-0.0,-0.00019737532022490178,0.0,0.0,0.0,0.0,0.0,,,,,greedy,,,,-1,-1
0.0,0.0,0.0,1.0,0.5889752457186269,0.0,0.12130379892965841,0.16227184720555995,15.364821618397892,0.0,0.0,0.0,18.646038456696452,0.5889752457186269,0,0,0,0,1326.1795606963274,1326.1795606963274,1,265.0,13.416666666666668,53,17,0,0,0,0,0,0,52,0,False,52,1.999802624679775,0.0,0,0.0,0,2.0,-0.0,-0.0,-0.0,-0.0,-0.0,-0.00019737532022490178,0.0,0.0,0.0,0.0,0.0,,,,,greedy,,,,-1,-1
0.0,0.0,0.0,1.0,0.6009963576494101,0.0,0.12059894102217736,0.16301732910176608,15.2738206597041,0.0,0.0,0.0,20.590345920138798,0.6009963576494101,0,0,0,0,1338.253270498488,1338.253270498488,1,270.0,13.5,54,17,0,0,0,0,0,0,53,0,False,52,1.999802624679775,0.0,0,0.0,0,2.0,-0.0,-0.0,-0.0,-0.0,-0.0,-0.00019737532022490178,0.0,0.0,0.0,0.0,0.0,,,,,greedy,,,,-1,-1
0.0,0.0,0.0,1.0,0.6512801844205076,0.0,0.1376760520819882,0.1877596642608408,16.30063796642332,0.0,0.0,0.0,21.879125990968635,0.6512801844205076,0,0,0,0,1498.5611678869077,1498.5611678869077,1,275.0,13.583333333333332,55,17,0,0,0,0,0,0,54,0,False,52,1.999802624679775,0.0,0,0.0,0,2.0,-0.0,-0.0,-0.0,-0.0,-0.0,-0.00019737532022490178,0.0,0.0,0.0,0.0,0.0,,,,,greedy,,,,-1,-1
0.0,0.0,0.0,1.0,0.631988394266125,0.0,0.13060506096694188,0.17566175892397798,15.808096075319536,0.0,0.0,0.0,20.218422920849516,0.631988394266125,0,0,0,0,1401.4765666524056,1401.4765666524056,1,280.0,13.666666666666668,56,17,0,0,0,0,0,0,55,0,False,52,1.999802624679775,0.0,0,0.0,0,2.0,-0.0,-0.0,-0.0,-0.0,-0.0,-0.00019737532022490178,0.0,0.0,0.0,0.0,0.0,,,,,greedy,,,,-1,-1
0.0,0.0,0.0,1.0,0.6440162543383728,0.0,0.13140336777069322,0.17293237632795888,15.790493768537337,0.0,0.0,0.0,20.045237548946183,0.6440162543383728,0,0,0,0,1404.5653747547017,1404.5653747547017,1,285.0,13.75,57,17,0,0,0,0,0,0,56,0,False,52,1.999802624679775,0.0,0,0.0,0,2.0,-0.0,-0.0,-0.0,-0.0,-0.0,-0.00019737532022490178,0.0,0.0,0.0,0.0,0.0,,,,,greedy,,,,-1,-1
0.0,0.0,0.0,1.0,0.6670961518907528,0.0,0.13211136446992286,0.17629292544541425,15.809695474588775,0.0,0.0,0.0,20.60664182948271,0.6670961518907528,0,0,0,0,1426.3058634001495,1426.3058634001495,1,290.0,13.833333333333332,58,17,0,0,0,0,0,0,57,0,False,52,1.999802624679775,0.0,0,0.0,0,2.0,-0.0,-0.0,-0.0,-0.0,-0.0,-0.00019737532022490178,0.0,0.0,0.0,0.0,0.0,,,,,greedy,,,,-1,-1
0.0,0.0,0.0,1.0,0.7150635843460179,0.0,0.1304084864784253,0.1689962177934491,15.45231801437314,0.0,0.0,0.0,21.714331447547064,0.7150635843460179,0,0,0,0,1440.4735513785051,1440.4735513785051,1,295.0,13.916666666666668,59,17,0,0,0,0,0,0,58,0,False,52,1.8999411360496519,0.0,0,0.0,0,2.0,-0.0,-0.0,-0.0,-0.09798399773232568,-0.0,-0.0020748662180224476,0.0,0.0,0.0,0.0,0.0,,,,,greedy,,,,-1,-1
0.0,0.0,0.0,1.0,0.739026502015179,0.0,0.13133764721491176,0.17749800318646233,16.064845885759674,0.0,0.0,0.0,23.602335238856448,0.739026502015179,0,0,0,0,1422.3232995754367,1422.3232995754367,1,300.0,14.0,60,17,0,0,0,0,0,0,59,0,False,52,1.7570979367961785,0.0,0,0.0,0,2.0,-0.0,-0.0,-0.0,-0.24459161340902105,-0.0,0.0016895502051997636,0.0,0.0,0.0,0.0,0.0,,,,,greedy,,,,-1,-1
0.0,0.0,0.0,1.0,0.7149431496984126,0.0,0.09993591875649466,0.14782604619907597,14.589950915600463,0.0,0.0,0.0,19.68366983675619,0.7149431496984126,0,0,0,0,1168.150736910813,1168.150736910813,1,5.0,9.083333333333334,1,17,1,0,0,0,0,0,0,27,True,52,1.6775310911458186,100.0,0,0.0,0,2.0,-0.0,-0.0,-0.0,-0.09721934146715051,-0.0,-0.00019737532022490178,-0.08,-0.025052192066805843,-0.12,0.0,0.0,,,,,milp_track,,,,6,2
0.0,0.0,0.0,1.0,0.7354648872891772,0.0,0.10092682920478299,0.14395783633402653,14.708222964524236,0.0,0.0,0.0,19.88330367122347,0.7354648872891772,0,0,0,0,1156.8931069239047,1156.8931069239047,1,10.0,9.166666666666666,2,17,1,0,0,0,0,0,1,47,True,49,1.6083074627320546,104.19263765470406,1,0.11764705882352941,0,2.0,-0.0,-0.0,-0.0,-0.22346963684423665,-0.0,-0.00019737532022490178,-0.08,-0.028025525103483752,-0.06,0.0,0.0,,,,,milp_track,,,,11,2
0.0,0.0,0.0,1.0,0.6348750232000684,0.0,0.11544633771414543,0.1560188462860545,15.089856439588562,0.0,0.0,0.0,20.19367865945525,0.6348750232000684,0,0,0,0,1282.5406968782754,1282.5406968782754,1,15.0,9.25,3,17,1,0,0,0,0,0,2,14,True,46,1.8009262354867865,62.416790200555795,2,0.17647058823529413,0,2.0,-0.0,-0.0,-0.0,-0.0,-0.0,-0.00019737532022490178,-0.08,-0.016019246335845772,-0.10285714285714284,0.0,0.0,,,,,milp_track,,,,3,1
0.0,0.0,0.0,1.0,0.644207600193028,0.0,0.12587883445047493,0.1612546852802222,15.59240837605933,0.0,0.0,0.0,21.9434467029598,0.644207600193028,0,0,0,0,1372.9432390908976,1372.9432390908976,1,20.0,9.333333333333334,4,17,1,0,0,0,0,0,3,52,True,46,1.8142406895847638,108.46506848327424,2,0.17647058823529413,0,2.0,-0.0,-0.0,-0.0,-0.0,-0.0,-0.00019737532022490178,-0.08,-0.025561935095011073,-0.07999999999999999,0.0,0.0,,,,,milp_track,,,,12,3
0.0,0.0,0.0,1.0,0.6413878405382195,0.0,0.11331012574098417,0.1468505628001132,14.728116453480462,0.0,0.0,0.0,21.11311799222261,0.6413878405382195,0,0,0,0,1277.9029576934765,1277.9029576934765,1,25.0,9.416666666666666,5,17,1,0,1,0,0,0,4,45,True,46,1.5330895256733517,121.30559661747257,2,0.17647058823529413,0,2.0,-0.0,-0.0,-0.0,-0.0,-0.0,-0.00019737532022490178,-0.08,-0.026713099006423213,-0.06,-0.3,0.0,,,,,milp_track,,,,11,0
0.0,0.0,0.0,1.0,0.4386439716533306,0.0,0.1080164112532247,0.136554635215453,14.333464197659742,0.0,0.0,0.0,21.4199256855623,0.4386439716533306,0,0,0,0,1235.7803161426978,1235.7803161426978,1,30.0,9.5,6,17,1,0,0,0,0,0,5,18,True,46,1.7906622147630382,110.50345157803038,2,0.17647058823529413,0,2.0,-0.0,-0.0,-0.0,-0.0,-0.0,-0.00019737532022490178,-0.08,-0.026283267059593957,-0.10285714285714284,0.0,0.0,,,,,milp_track,,,,4,1
0.0,0.0,0.0,1.0,0.4199184601020322,0.0,0.10135590073816791,0.13336161587015308,14.087452376877573,0.0,0.0,0.0,20.560665603994877,0.4199184601020322,0,0,0,0,1160.063374495247,1160.063374495247,1,35.0,9.583333333333334,7,17,0,0,0,0,0,0,6,0,False,46,1.999802624679775,0.0,2,0.17647058823529413,0,2.0,-0.0,-0.0,-0.0,-0.0,-0.0,-0.00019737532022490178,0.0,0.0,0.0,0.0,0.0,,,,,milp_track,,,,-1,-1
0.0,0.0,0.0,1.0,0.4890532823709368,0.0,0.10425159867358444,0.1431273516818707,14.819676149978184,0.0,0.0,0.0,21.032776893540127,0.4890532823709368,0,0,0,0,1158.443664870538,1158.443664870538,1,40.0,9.666666666666666,8,17,1,0,0,0,0,0,7,39,True,49,1.82363572010883,135.94998119784208,1,0.058823529411764705,0,2.0,-0.0,-0.0,-0.0,-0.0,-0.0,-0.00019737532022490178,-0.08,-0.03616690457094502,-0.06,0.0,0.0,,,,,milp_track,,,,9,2
0.0,0.0,0.0,1.0,0.5892465837077866,0.0,0.11012821325561448,0.14527500811924585,14.96125618901461,0.0,0.0,0.0,23.334566041362322,0.5892465837077866,0,0,0,0,1214.8114910501959,1214.8114910501959,1,45.0,9.75,9,17,0,0,0,0,0,0,8,0,False,49,1.999802624679775,0.0,1,0.11764705882352941,0,2.0,-0.0,-0.0,-0.0,-0.0,-0.0,-0.00019737532022490178,0.0,0.0,0.0,0.0,0.0,,,,,milp_track,,,,-1,-1
0.0,0.0,0.0,1.0,0.601714551120308,0.0,0.11207783783339069,0.1467620249804856,14.816515251633529,0.0,0.0,0.0,21.74694760087671,0.601714551120308,0,0,0,0,1258.5055929771174,1258.5055929771174,1,50.0,9.833333333333334,10,17,1,0,0,0,0,0,9,13,True,49,1.7935660083071254,106.07164053311081,1,0.058823529411764705,0,2.0,-0.0,-0.0,-0.0,-0.0,-0.0,-0.00019737532022490178,-0.08,-0.023379473515506743,-0.10285714285714284,0.0,0.0,,,,,milp_track,,,,3,0
0.0,0.0,0.0,1.0,0.6573227736154498,0.0,0.11319303162890834,0.15288540064329184,14.896769601997676,0.0,0.0,0.0,21.31974675422897,0.6573227736154498,0,0,0,0,1291.5974008553508,1291.5974008553508,1,55.0,9.916666666666666,11,17,0,0,0,0,0,0,10,0,False,49,1.999802624679775,0.0,1,0.11764705882352941,0,2.0,-0.0,-0.0,-0.0,-0.0,-0.0,-0.00019737532022490178,0.0,0.0,0.0,0.0,0.0,,,,,milp_track,,,,-1,-1
0.0,0.0,0.0,1.0,0.6662282373018601,0.0,0.11299090955513451,0.16195720459319776,15.185133139154624,0.0,0.0,0.0,20.95504687045121,0.6662282373018601,0,0,0,0,1295.9842161370266,1295.9842161370266,1,60.0,10.0,12,17,0,0,0,0,0,0,11,0,False,49,1.999802624679775,0.0,1,0.058823529411764705,0,2.0,-0.0,-0.0,-0.0,-0.0,-0.0,-0.00019737532022490178,0.0,0.0,0.0,0.0,0.0,,,,,milp_track,,,,-1,-1
0.0,0.0,0.0,1.0,0.7735849267660128,0.0,0.13279772084307925,0.1908795149548109,16.709619191169473,0.0,0.0,0.0,22.109148632328214,0.7735849267660128,0,0,0,0,1485.2986449808661,1485.2986449808661,1,65.0,10.083333333333334,13,17,1,0,0,0,0,0,12,8,True,52,1.403521237955475,45.44816033666766,0,0.0,0,2.0,-0.0,-0.0,-0.0,-0.43872576993836976,-0.0,-0.0074329916394521136,-0.08,-0.010320000466703056,-0.06,0.0,0.0,,,,,milp_track,,,,1,3
0.0,0.0,0.0,1.0,0.7589703285353145,0.0,0.1345559579584971,0.1943724934724387,16.870624009232536,0.0,0.0,0.0,21.633124614279982,0.7589703285353145,0,0,0,0,1507.0750702169285,1507.0750702169285,1,70.0,10.166666666666666,14,17,0,0,0,0,0,0,13,0,False,49,1.641249943227964,0.0,1,0.11764705882352941,0,2.0,-0.0,-0.0,-0.0,-0.35891452019378794,-0.0,0.00016446342175187035,0.0,0.0,0.0,0.0,0.0,,,,,milp_track,,,,-1,-1
0.0,0.0,0.0,1.0,0.814279356275944,0.0,0.13724744219671686,0.19249256177947768,17.0250389081991,0.0,0.0,0.0,22.81305569984166,0.814279356275944,0,0,0,0,1505.78661353024,1505.78661353024,1,75.0,10.25,15,17,0,0,0,0,0,0,14,0,False,49,1.3545177129824146,0.0,1,0.058823529411764705,0,2.0,-0.0,-0.0,-0.0,-0.6455160904503019,-0.0,3.3803432716628115e-05,0.0,0.0,0.0,0.0,0.0,,,,,milp_track,,,,-1,-1
0.0,0.0,0.0,0.9999015661528868,0.9282251528456131,0.0,0.13794675592540967,0.1996576939026576,19.33780048504557,9.523851993172742e-05,0.0,0.0,36.35211242773891,0.9282251528456131,0,1,0,0,1502.48959827482,1502.3417024434143,1,80.0,10.333333333333334,16,17,0,0,0,0,0,0,15,0,False,52,0.8591251030702967,0.0,0,0.0,0,1.9998031323057737,-0.0,-0.0,-0.0,-1.1314802880007264,-0.0,-0.009197741234750617,0.0,0.0,0.0,0.0,0.0,,,,,milp_track,,,,-1,-1
0.0,0.0,0.0,0.999924936653203,0.9251231498769803,0.0,0.14503898236491064,0.20361634098706474,18.647870462903676,7.59606113692077e-05,0.0,0.0,36.75329477522193,0.9251231498769803,0,1,0,0,1555.7857836413214,1555.6690011535022,1,85.0,10.416666666666666,17,17,0,0,0,0,0,0,16,0,False,52,0.8957787553742882,0.0,0,0.0,0,1.999849873306406,-0.0,-0.0,-0.0,-1.1197006632442998,-0.0,0.015629545312181924,0.0,0.0,0.0,0.0,0.0,,,,,milp_track,,,,-1,-1
0.0,0.0,0.0,1.0,0.7489825757532473,0.0,0.1507770931505526,0.20769779342161723,17.660560890369567,0.0,0.0,0.0,24.419992025650266,0.7489825757532473,0,0,0,0,1651.4377732065848,1651.4377732065848,1,90.0,10.5,18,17,0,0,0,0,0,0,17,0,False,52,1.6915057876959465,0.0,0,0.0,0,2.0,-0.0,-0.0,-0.0,-0.3024790401828225,-0.0,-0.006015172121230945,0.0,0.0,0.0,0.0,0.0,,,,,milp_track,,,,-1,-1
0.0,0.0,0.0,1.0,0.7662063404367024,0.0,0.13581765079193203,0.18375731578354146,16.312628545559637,0.0,0.0,0.0,23.4611153946319,0.7662063404367024,0,0,0,0,1508.443451819479,1508.443451819479,1,95.0,10.583333333333334,19,17,0,0,0,0,0,0,18,0,False,52,1.6068207134994004,0.0,0,0.0,0,2.0,-0.0,-0.0,-0.0,-0.39882894314118494,-0.0,0.0056496566405851885,0.0,0.0,0.0,0.0,0.0,,,,,milp_track,,,,-1,-1
0.0,0.0,0.0,1.0,0.6781312609649633,0.0,0.12210479603635305,0.15995163221618974,15.31098180947571,0.0,0.0,0.0,21.570046048241778,0.6781312609649633,0,0,0,0,1361.1158661647498,1361.1158661647498,1,100.0,10.666666666666666,20,17,0,0,0,0,0,0,19,0,False,52,1.999802624679775,0.0,0,0.0,0,2.0,-0.0,-0.0,-0.0,-0.0,-0.0,-0.00019737532022490178,0.0,0.0,0.0,0.0,0.0,,,,,milp_track,,,,-1,-1
0.0,0.0,0.0,1.0,0.7882050569757081,0.0,0.13112343217630693,0.18123172072337532,16.323262407086066,0.0,0.0,0.0,23.732546759301716,0.7882050569757081,0,0,0,0,1469.8007281207645,1469.8007281207645,1,105.0,10.75,21,17,1,0,0,0,0,0,20,5,True,52,1.3231619511612116,80.55484516177646,0,0.0,0,2.0,-0.0,-0.0,-0.0,-0.5155024454432007,-0.0,-0.0025755750192709595,-0.08,-0.018760028376316743,-0.06,0.0,0.0,,,,,milp_track,,,,1,0
0.0,0.0,0.0,1.0,0.6602681103796325,0.0,0.12073892078624808,0.16264366909274824,15.242652097938745,0.0,0.0,0.0,22.231232134066197,0.6602681103796325,0,0,0,0,1400.4861345371548,1400.4861345371548,1,110.0,10.833333333333334,22,17,0,0,0,0,0,0,21,0,False,49,2.0021927751310775,0.0,1,0.11764705882352941,0,2.0,-0.0,-0.0,-0.0,-0.0,-0.0,0.002192775131077668,0.0,0.0,0.0,0.0,0.0,,,,,milp_track,,,,-1,-1
0.0,0.0,0.0,1.0,0.6573281288135979,0.0,0.12065734985323824,0.16710214169878948,15.527647277685835,0.0,0.0,0.0,22.18408798268413,0.6573281288135979,0,0,0,0,1402.275516036306,1402.275516036306,1,115.0,10.916666666666666,23,17,1,0,0,0,0,0,22,14,True,49,1.7869916705525113,134.30594937827718,1,0.058823529411764705,0,2.0,-0.0,-0.0,-0.0,-0.0,-0.0,-0.00019737532022490178,-0.08,-0.029953811270120975,-0.10285714285714284,0.0,0.0,,,,,milp_track,,,,3,1
0.0,0.0,0.0,1.0,0.8801996341372815,0.0,0.1322339278957906,0.18887126412185157,17.535936941654874,0.0,0.0,0.0,28.065535153181603,0.8801996341372815,0,0,0,0,1494.8494329139453,1494.8494329139453,1,120.0,11.0,24,17,1,0,0,0,0,0,23,20,True,49,0.8103907456623661,147.4039169809515,1,0.11764705882352941,0,2.0,-0.0,-0.0,-0.0,-0.9408388944682435,-0.0,-0.018476222606493824,-0.08,-0.03029413726289652,-0.12,0.0,0.0,,,,,milp_track,,,,4,3
0.0,0.0,0.0,0.998971731738312,0.9639095817106,0.0,0.13582267523887886,0.2002001596289901,23.201754420035623,0.0010320645441610197,0.0,0.0,65.05433254349923,0.9639095817106,0,1,0,0,1522.7689413839435,1521.2031264116342,1,125.0,11.083333333333334,25,17,0,0,0,0,0,0,24,0,False,46,0.7291652332147006,0.0,2,0.17647058823529413,0,1.997943463476624,-0.0,-0.0,-0.0,-1.2622228957477968,-0.0,-0.006555334514126651,0.0,0.0,0.0,0.0,0.0,,,,,milp_track,,,,-1,-1
0.0,0.0,0.06707955679195682,0.9742943300856356,1.1238431325253617,0.0006192178724361201,0.13550307079549412,0.2159003397976326,42.040094300609,0.02531784555269371,0.16470588235294117,5.784040590234296e-11,134.38524185563057,1.1238431325253617,5,2,0,0,1446.7176854585405,1409.52883817687,29,130.0,11.166666666666666,26,17,1,0,1,0,0,0,25,8,True,49,-0.7073545880448775,114.95002453660526,1,0.058823529411764705,0,1.9485886601712712,-0.0,-0.0,-0.4024773407517409,-1.7615844529420217,-0.0037153072346167207,-0.024677134528830816,-0.08,-0.023489012758938495,-0.06,-0.3,0.0,,,,,milp_track,,,,1,3
0.0,0.0,0.0,1.0,0.8787458377261782,0.0,0.14496853710135174,0.21144162620376816,18.93632807236728,0.0,0.0,0.0,29.496303461101174,0.8787458377261782,0,0,0,0,1570.765870861122,1570.765870861122,1,135.0,11.25,27,17,1,0,1,0,0,0,26,18,True,46,0.5510174669931331,265.25807048255945,1,0.11764705882352941,0,2.0,-0.0,-0.0,-0.0,-0.93477474351265,-0.0,0.03929139946874108,-0.08,-0.05349918896295796,-0.12,-0.3,0.0,,,,,milp_track,,,,4,1
0.0,0.0,0.004744972194805326,0.998563106591467,0.9989493197544179,0.0,0.15308587359579962,0.22511822163197265,25.519822095657922,0.0014023750871344123,0.011764705882352941,0.0,80.91977248085725,0.9989493197544179,1,1,0,0,1679.5281271114104,1677.1148242161184,1,140.0,11.333333333333334,28,17,0,0,0,0,0,0,27,0,False,46,0.5746435207982638,0.0,2,0.17647058823529413,0,1.997126213182934,-0.0,-0.0,-0.028469833168831955,-1.382789023580659,-0.0,-0.01122383563517917,0.0,0.0,0.0,0.0,0.0,,,,,milp_track,,,,-1,-1
0.0,0.0,0.02741283092944738,0.9962424234576556,1.0316829767076439,7.040661490587505e-05,0.142654222613983,0.20534737738969974,24.161799511753586,0.0036599420186271964,0.047058823529411764,0.0,76.22850693480557,1.0316829767076439,3,1,0,0,1621.2074668720209,1615.1156557242289,1,145.0,11.416666666666666,29,17,1,0,1,0,0,0,28,13,True,49,-0.1809913858612479,217.94053574597262,1,0.058823529411764705,0,1.9924848469153111,-0.0,-0.0,-0.16447698557668428,-1.489210349008431,-0.00042243968943525036,0.0025443014862846086,-0.08,-0.03905361713115028,-0.10285714285714284,-0.3,0.0,,,,,milp_track,,,,3,0
0.0,0.0,0.0,0.9999659192989484,0.9174435510353901,0.0,0.1482879577869749,0.20124974026692244,18.180170971134217,3.414259049372489e-05,0.0,0.0,32.55419938110941,0.9174435510353901,0,1,0,0,1638.21398305879,1638.1581515777748,1,150.0,11.5,30,17,1,0,0,0,0,0,29,46,True,49,0.7286854443942341,133.91585441004887,1,0.11764705882352941,0,1.9999318385978968,-0.0,-0.0,-0.0,-1.0902359288176073,-0.0,0.01034067789291131,-0.08,-0.025636857564680895,-0.08571428571428572,0.0,0.0,,,,,milp_track,,,,11,1
0.0,0.0,0.07964350105400422,0.9820105212343521,1.1466744648236054,0.0004996345080723071,0.14453213831508135,0.21581508431843024,32.594051976879896,0.01786797778159207,0.1411764705882353,0.0,77.68397343118122,1.1466744648236054,4,1,0,0,1651.1451331036835,1621.4418927927118,1,155.0,11.583333333333334,31,17,1,0,0,0,0,0,30,17,True,46,-0.6044034230423546,192.64745753936242,2,0.17647058823529413,0,1.9640210424687041,-0.0,-0.0,-0.47786100632402534,-1.8236936508608457,-0.0029978070484338428,-0.04624797818994723,-0.08,-0.034766880230663766,-0.10285714285714284,0.0,0.0,,,,,milp_track,,,,4,0
0.0,0.0,0.0,1.0,0.8193910883120373,0.0,0.15460486256657263,0.21356584410795784,18.035225486253164,0.0,0.0,0.0,27.322616604232596,0.8193910883120373,0,0,0,0,1717.3862128169112,1717.3862128169112,1,160.0,11.666666666666666,32,17,1,0,1,0,0,0,31,14,True,43,0.8476401785401191,253.4592809836989,2,0.17647058823529413,0,2.0,-0.0,-0.0,-0.0,-0.6700427898519224,-0.0,0.046027416417886255,-0.08,-0.04548730516870164,-0.10285714285714284,-0.3,0.0,,,,,milp_track,,,,3,1
0.0,0.0,0.0,1.0,0.895118864236614,0.0,0.16095289653373165,0.2269075713239253,20.235440890950127,0.0,0.0,0.0,38.80855303315706,0.895118864236614,0,0,0,0,1765.6701589554893,1765.6701589554893,1,165.0,11.75,33,17,0,0,0,0,0,0,32,0,False,46,0.9884632096055084,0.0,2,0.17647058823529413,0,2.0,-0.0,-0.0,-0.0,-1.002030777713776,-0.0,-0.009506012680715652,0.0,0.0,0.0,0.0,0.0,,,,,milp_track,,,,-1,-1
0.0,0.0,0.027669891241882516,0.9934010186494092,1.0423345057782163,0.00015061728839531446,0.16043514124406083,0.23197320798435847,27.83010243186839,0.006659728643246171,0.058823529411764705,0.0,79.27838139656298,1.0423345057782163,3,1,0,0,1745.2084782976303,1733.6918800964515,1,170.0,11.833333333333334,34,17,1,0,0,0,0,0,33,20,True,49,0.0903674611870848,238.93276600830242,1,0.058823529411764705,0,1.9868020372988184,-0.0,-0.0,-0.1660193474512951,-1.5226534607576296,-0.0009037037303718867,-0.0059632532726958485,-0.08,-0.04089481089974122,-0.07999999999999999,0.0,0.0,,,,,milp_track,,,,4,3
0.0,0.0,0.0,1.0,0.831292781248714,0.0,0.16684658797278387,0.23226046248929094,19.2833004009522,0.0,0.0,0.0,30.398635279427904,0.831292781248714,0,0,0,0,1815.9860927171376,1815.9860927171376,1,175.0,11.916666666666666,35,17,1,0,0,0,0,0,34,25,True,49,1.063308900478149,119.1143151870319,1,0.11764705882352941,0,2.0,-0.0,-0.0,-0.0,-0.7260093833293108,-0.0,0.009290493842527591,-0.08,-0.01997221003506765,-0.12,0.0,0.0,,,,,milp_track,,,,6,0
0.0,0.0,0.01070117715527276,0.9985379957760354,0.992631664563788,0.0,0.18122311616552889,0.2549498813710514,26.823021620453993,0.0014373873590185393,0.023529411764705882,0.0,84.4847977356855,0.992631664563788,1,1,0,0,1955.0499468010553,1952.1916555207704,1,180.0,12.0,36,17,0,0,0,0,0,0,35,0,False,46,0.5621290412798805,0.0,2,0.17647058823529413,0,1.9970759915520708,-0.0,-0.0,-0.06420706293163655,-1.3615811846784662,-0.0,-0.00915870266208761,0.0,0.0,0.0,0.0,0.0,,,,,milp_track,,,,-1,-1
0.0,0.0,0.05578726276302337,0.9704711977298043,1.1463849995212563,0.0009375671621334788,0.16560306422878998,0.25080995069860135,41.42224934671816,0.0293002866847323,0.16470588235294117,3.7238589989385676e-11,138.95438905931582,1.1809067765718022,4,2,0,0,1835.1750884270464,1780.9845661096952,28,185.0,12.083333333333334,37,17,1,0,0,0,0,0,36,18,True,49,-0.49476248388323496,284.18187068678515,1,0.058823529411764705,0,1.9409423954596086,-0.0,-0.0,-0.3347235765781402,-1.8229181551411147,-0.005625402972800873,-0.02770740915543737,-0.08,-0.0447303354953504,-0.12,0.0,0.0,,,,,milp_track,,,,4,1
0.0,0.0,0.05853625170372491,0.9578244221715937,1.209538054408322,0.0014804780685397656,0.1604549859141862,0.24205599415067888,37.911268021109365,0.04209308934810872,0.17647058823529413,0.0,86.96466089494389,1.209538054408322,3,1,0,0,1816.7270498587695,1740.10553677448,1,190.0,12.166666666666666,38,17,1,0,1,0,0,0,37,13,True,49,-0.9378587016651843,240.2701223974946,1,0.11764705882352941,0,1.9156488443431874,-0.0,-0.0,-0.3512175102223495,-1.9853626142519105,-0.008882868411238594,0.013524664651585689,-0.08,-0.03871207491731602,-0.10285714285714284,-0.3,0.0,,,,,milp_track,,,,3,0
0.0,0.0,0.0,1.0,0.694781598482175,0.0,0.15213190925980222,0.2039930951997916,17.218199278748546,0.0,0.0,0.0,25.358471357289048,0.694781598482175,0,0,0,0,1743.9332871157906,1743.9332871157906,1,195.0,12.25,39,17,1,0,0,0,0,0,38,45,True,46,1.8489834405615984,133.84474609839785,2,0.17647058823529413,0,2.0,-0.0,-0.0,-0.0,-0.0,-0.0,0.03724227737018436,-0.08,-0.02254455109430008,-0.08571428571428572,0.0,0.0,,,,,milp_track,,,,11,0
0.0,0.0,0.0,1.0,0.7158838472513053,0.0,0.15620432109250607,0.21043208072825642,17.616465074930666,0.0,0.0,0.0,24.912329913206932,0.7158838472513053,0,0,0,0,1751.5244852044211,1751.5244852044211,1,200.0,12.333333333333334,40,17,0,0,0,0,0,0,39,0,False,46,1.896618425939718,0.0,2,0.17647058823529413,0,2.0,-0.0,-0.0,-0.0,-0.10318419874005698,-0.0,-0.00019737532022490178,0.0,0.0,0.0,0.0,0.0,,,,,milp_track,,,,-1,-1
0.0,0.0,0.0,1.0,0.677717724491667,0.0,0.14285753440010868,0.19596279515187573,16.82685833550545,0.0,0.0,0.0,23.45833234246684,0.677717724491667,0,0,0,0,1623.7081131072798,1623.7081131072798,1,205.0,12.416666666666666,41,17,0,0,0,0,0,0,40,0,False,49,1.999802624679775,0.0,1,0.058823529411764705,0,2.0,-0.0,-0.0,-0.0,-0.0,-0.0,-0.00019737532022490178,0.0,0.0,0.0,0.0,0.0,,,,,milp_track,,,,-1,-1
0.0,0.0,0.0,1.0,0.8907582086073181,0.0,0.1465512129660612,0.2076650828504402,18.141165350840318,0.0,0.0,0.0,27.79119147742477,0.8907582086073181,0,0,0,0,1667.072890936488,1667.072890936488,1,210.0,12.5,42,17,0,0,0,0,0,0,41,0,False,52,0.9963292228091709,0.0,0,0.0,0,2.0,-0.0,-0.0,-0.0,-0.9843381700365723,-0.0,-0.019332607154256772,0.0,0.0,0.0,0.0,0.0,,,,,milp_track,,,,-1,-1
0.0,0.0,0.0,1.0,0.8726443303112542,0.0,0.13743628902954577,0.196295262637803,17.707171144176147,0.0,0.0,0.0,25.824549223090926,0.8726443303112542,0,0,0,0,1551.9256555341333,1551.9256555341333,1,215.0,12.583333333333334,43,17,0,0,0,0,0,0,42,0,False,52,1.101909689770833,0.0,0,0.0,0,2.0,-0.0,-0.0,-0.0,-0.9091213732201805,-0.0,0.011031062991013306,0.0,0.0,0.0,0.0,0.0,,,,,milp_track,,,,-1,-1
0.0,0.0,0.0,0.999999709074277,0.9016394883300735,0.0,0.1485350845289116,0.20785752778423777,18.80763294345973,2.989370691930717e-07,0.0,0.0,29.485415547601683,0.9016394883300735,0,1,0,0,1666.086159454339,1666.0856747470184,1,220.0,12.666666666666666,44,17,0,0,0,0,0,0,43,0,False,52,0.9640789050621253,0.0,0,0.0,0,1.999999418148554,-0.0,-0.0,-0.0,-1.028198472609712,-0.0,-0.007722040476716746,0.0,0.0,0.0,0.0,0.0,,,,,milp_track,,,,-1,-1
0.0,0.0,0.0,1.0,0.716098917572011,0.0,0.14904942573477084,0.203693848632917,17.74145538577607,0.0,0.0,0.0,26.357978326432406,0.716098917572011,0,0,0,0,1628.5670878721587,1628.5670878721587,1,225.0,12.75,45,17,1,0,0,0,0,0,44,14,True,52,1.6915036488315063,207.93982084531294,0,0.0,0,2.0,-0.0,-0.0,-0.0,-0.10454544047625162,-0.0,0.015448686443258496,-0.08,-0.03654245427835782,-0.10285714285714284,0.0,0.0,,,,,milp_track,,,,3,1
0.0,0.0,0.0,1.0,0.5542883501646397,0.0,0.1348910333577834,0.17440695277755333,16.111998836471436,0.0,0.0,0.0,24.45962439544792,0.5542883501646397,0,0,0,0,1480.9880409269992,1480.9880409269992,1,230.0,12.833333333333334,46,17,0,0,0,0,0,0,45,0,False,49,1.999802624679775,0.0,1,0.11764705882352941,0,2.0,-0.0,-0.0,-0.0,-0.0,-0.0,-0.00019737532022490178,0.0,0.0,0.0,0.0,0.0,,,,,milp_track,,,,-1,-1
0.0,0.0,0.0,1.0,0.5879383781247212,0.0,0.13784140529706085,0.1731117840692304,15.9468441004739,0.0,0.0,0.0,22.80714762822047,0.5879383781247212,0,0,0,0,1530.482888235499,1530.482888235499,1,235.0,12.916666666666666,47,17,1,0,0,0,0,0,46,19,True,49,1.8153178218224395,118.25712530602634,1,0.058823529411764705,0,2.0,-0.0,-0.0,-0.0,-0.0,-0.0,-0.00019737532022490178,-0.08,-0.024484802857335487,-0.07999999999999999,0.0,0.0,,,,,milp_track,,,,4,2
0.0,0.0,0.0,1.0,0.5822750885633532,0.0,0.13796965011090245,0.17323104098766673,15.849398840822081,0.0,0.0,0.0,23.91337321927049,0.5822750885633532,0,0,0,0,1525.7545979897236,1525.7545979897236,1,240.0,13.0,48,17,1,0,0,0,0,0,47,62,True,49,1.8305783848124892,103.99579538390743,1,0.11764705882352941,0,2.0,-0.0,-0.0,-0.0,-0.0,-0.0,-0.00019737532022490178,-0.08,-0.020652811295857172,-0.06857142857142856,0.0,0.0,,,,,milp_track,,,,15,1
0.0,0.0,0.0,1.0,0.5798634151729896,0.0,0.12838336159442484,0.16270208898031105,15.424777666365344,0.0,0.0,0.0,22.170437984420875,0.5798634151729896,0,0,0,0,1417.8446789976542,1417.8446789976542,1,245.0,13.083333333333332,49,17,1,0,0,0,0,0,48,28,True,46,1.7952703740949343,105.92367960728836,2,0.17647058823529413,0,2.0,-0.0,-0.0,-0.0,-0.0,-0.0,-0.00019737532022490178,-0.08,-0.021675107727698078,-0.10285714285714284,0.0,0.0,,,,,milp_track,,,,6,3
0.0,0.0,0.0,1.0,0.607110917366623,0.0,0.13627899329419,0.17267644016890377,15.917131653898888,0.0,0.0,0.0,21.8524889971926,0.607110917366623,0,0,0,0,1444.7148421324455,1444.7148421324455,1,250.0,13.166666666666668,50,17,1,0,0,0,0,0,49,46,True,46,1.818263142278809,76.7641391056852,2,0.17647058823529413,0,2.0,-0.0,-0.0,-0.0,-0.0,-0.0,-0.00019737532022490178,-0.08,-0.015825196686680382,-0.08571428571428572,0.0,0.0,,,,,milp_track,,,,11,1
0.0,0.0,0.0,1.0,0.5416024972567101,0.0,0.1191415667427401,0.15076354116911095,15.355895967271092,0.0,0.0,0.0,21.55430852977538,0.5416024972567101,0,0,0,0,1245.8127251093363,1245.8127251093363,1,255.0,13.25,51,17,0,0,0,0,0,0,50,0,False,46,1.999802624679775,0.0,2,0.17647058823529413,0,2.0,-0.0,-0.0,-0.0,-0.0,-0.0,-0.00019737532022490178,0.0,0.0,0.0,0.0,0.0,,,,,milp_track,,,,-1,-1
0.0,0.0,0.0,1.0,0.6292795723587515,0.0,0.12296438085009995,0.15693136330985008,15.864465084311885,0.0,0.0,0.0,22.646316345161114,0.6292795723587515,0,0,0,0,1288.9710028435186,1288.9710028435186,1,260.0,13.333333333333332,52,17,1,0,1,0,0,0,51,25,True,49,1.4940644065990416,95.19121704721483,1,0.058823529411764705,0,2.0,-0.0,-0.0,-0.0,-0.0,-0.0,-0.00019737532022490178,-0.08,-0.022881075223590615,-0.10285714285714284,-0.3,0.0,,,,,milp_track,,,,6,0
0.0,0.0,0.0,1.0,0.6131465268260189,0.0,0.12507708180501234,0.1584571571370364,15.772439725037874,0.0,0.0,0.0,22.42103818275501,0.6131465268260189,0,0,0,0,1326.1795606963274,1326.1795606963274,1,265.0,13.416666666666668,53,17,1,0,0,0,0,0,52,4,True,49,1.8123427932379805,18.999411622166672,1,0.11764705882352941,0,2.0,-0.0,-0.0,-0.0,-0.0,-0.0,-0.00019737532022490178,-0.08,-0.004602688584651827,-0.10285714285714284,0.0,0.0,,,,,milp_track,,,,0,3
0.0,0.0,0.0,1.0,0.5688064463280776,0.0,0.12419511988524978,0.15855088101454795,15.634211996927842,0.0,0.0,0.0,22.84409820077673,0.5688064463280776,0,0,0,0,1338.253270498488,1338.253270498488,1,270.0,13.5,54,17,0,0,0,0,0,0,53,0,False,46,1.999802624679775,0.0,2,0.17647058823529413,0,2.0,-0.0,-0.0,-0.0,-0.0,-0.0,-0.00019737532022490178,0.0,0.0,0.0,0.0,0.0,,,,,milp_track,,,,-1,-1
0.0,0.0,0.0,1.0,0.6169918554013022,0.0,0.14112197004598187,0.18253732929461924,16.577518710575426,0.0,0.0,0.0,23.581293840849696,0.6169918554013022,0,0,0,0,1498.5611678869077,1498.5611678869077,1,275.0,13.583333333333332,55,17,0,0,0,0,0,0,54,0,False,49,1.999802624679775,0.0,1,0.058823529411764705,0,2.0,-0.0,-0.0,-0.0,-0.0,-0.0,-0.00019737532022490178,0.0,0.0,0.0,0.0,0.0,,,,,milp_track,,,,-1,-1
0.0,0.0,0.0,1.0,0.6793341790950258,0.0,0.13445079136976673,0.171351770823578,16.243512597273746,0.0,0.0,0.0,22.659541846218335,0.6793341790950258,0,0,0,0,1401.4765666524056,1401.4765666524056,1,280.0,13.666666666666668,56,17,0,0,0,0,0,0,55,0,False,52,1.999802624679775,0.0,0,0.0,0,2.0,-0.0,-0.0,-0.0,-0.0,-0.0,-0.00019737532022490178,0.0,0.0,0.0,0.0,0.0,,,,,milp_track,,,,-1,-1
0.0,0.0,0.0,1.0,0.5484636642222019,0.0,0.13046422718758216,0.16423311843764482,15.711244237774793,0.0,0.0,0.0,23.29351281884847,0.5484636642222019,0,0,0,0,1404.5653747547017,1404.5653747547017,1,285.0,13.75,57,17,1,0,0,0,0,0,56,45,True,52,1.7975177101119217,174.87269718703217,0,0.0,0,2.0,-0.0,-0.0,-0.0,-0.0,-0.0,-0.00019737532022490178,-0.08,-0.03657062885356761,-0.08571428571428572,0.0,0.0,,,,,milp_track,,,,11,0
0.0,0.0,0.0,1.0,0.5862846136340639,0.0,0.12895382954380913,0.1650268306158005,15.471831774978648,0.0,0.0,0.0,22.918767180025302,0.5862846136340639,0,0,0,0,1426.3058634001495,1426.3058634001495,1,290.0,13.833333333333332,58,17,1,0,0,0,0,0,57,5,True,49,1.8390330140237374,92.67937976377729,1,0.11764705882352941,0,2.0,-0.0,-0.0,-0.0,-0.0,-0.0,-0.00019737532022490178,-0.08,-0.02076961065603745,-0.06,0.0,0.0,,,,,milp_track,,,,1,0
0.0,0.0,0.0,1.0,0.5717157137729978,0.0,0.12710717982838032,0.16002857222659972,15.24098104131345,0.0,0.0,0.0,22.354027719519372,0.5717157137729978,0,0,0,0,1440.4735513785051,1440.4735513785051,1,295.0,13.916666666666668,59,17,0,0,0,0,0,0,58,0,False,46,1.999802624679775,0.0,2,0.17647058823529413,0,2.0,-0.0,-0.0,-0.0,-0.0,-0.0,-0.00019737532022490178,0.0,0.0,0.0,0.0,0.0,,,,,milp_track,,,,-1,-1
0.0,0.0,0.0,1.0,0.6497053598853124,0.0,0.12608323472440994,0.16528015474708901,15.451112143001652,0.0,0.0,0.0,21.555333702840898,0.6497053598853124,0,0,0,0,1422.3232995754367,1422.3232995754367,1,300.0,14.0,60,17,0,0,0,0,0,0,59,0,False,49,1.999802624679775,0.0,1,0.058823529411764705,0,2.0,-0.0,-0.0,-0.0,-0.0,-0.0,-0.00019737532022490178,0.0,0.0,0.0,0.0,0.0,,,,,milp_track,,,,-1,-1
0.0,0.0,0.0,1.0,0.7149431496984126,0.0,0.09766093267001898,0.1493490358643279,14.762677798040865,0.0,0.0,0.0,19.68366983675619,0.7149431496984126,0,0,0,0,1168.150736910813,1168.150736910813,1,5.0,9.083333333333334,1,17,0,0,0,0,0,0,0,0,False,52,1.9025832832126246,0.0,0,0.0,0,2.0,-0.0,-0.0,-0.0,-0.09721934146715051,-0.0,-0.00019737532022490178,0.0,0.0,0.0,0.0,0.0,,,,,oracle_h1,,,,-1,-1
0.0,0.0,0.0,1.0,0.5780718865471984,0.0,0.0981389164154444,0.13788868119333686,14.235896988505607,0.0,0.0,0.0,17.768086881908733,0.5780718865471984,0,0,0,0,1156.8931069239047,1156.8931069239047,1,10.0,9.166666666666666,2,17,1,0,0,0,0,0,1,15,True,52,1.8214719329742413,62.416790200555795,0,0.0,0,2.0,-0.0,-0.0,-0.0,-0.0,-0.0,-0.00019737532022490178,-0.08,-0.018330691705533707,-0.07999999999999999,0.0,0.0,,,,,oracle_h1,,,,3,2
0.0,0.0,0.0,1.0,0.6348750232000684,0.0,0.11034676191717878,0.15697890200308057,14.982730935224087,0.0,0.0,0.0,20.19367865945525,0.6348750232000684,0,0,0,0,1282.5406968782754,1282.5406968782754,1,15.0,9.25,3,17,0,0,0,0,0,0,2,0,False,49,1.999802624679775,0.0,1,0.11764705882352941,0,2.0,-0.0,-0.0,-0.0,-0.0,-0.0,-0.00019737532022490178,0.0,0.0,0.0,0.0,0.0,,,,,oracle_h1,,,,-1,-1
0.0,0.0,0.0,1.0,0.644207600193028,0.0,0.11804696165089608,0.16876671432579626,15.483633649659462,0.0,0.0,0.0,19.88573083602044,0.644207600193028,0,0,0,0,1372.9432390908976,1372.9432390908976,1,20.0,9.333333333333334,4,17,0,0,0,0,0,0,3,0,False,49,1.999802624679775,0.0,1,0.058823529411764705,0,2.0,-0.0,-0.0,-0.0,-0.0,-0.0,-0.00019737532022490178,0.0,0.0,0.0,0.0,0.0,,,,,oracle_h1,,,,-1,-1
0.0,0.0,0.0,1.0,0.6413878405382195,0.0,0.10902344351446827,0.1564393849099503,15.003924660370092,0.0,0.0,0.0,18.773782185267617,0.6413878405382195,0,0,0,0,1277.9029576934765,1277.9029576934765,1,25.0,9.416666666666666,5,17,0,0,0,0,0,0,4,0,False,52,1.999802624679775,0.0,0,0.0,0,2.0,-0.0,-0.0,-0.0,-0.0,-0.0,-0.00019737532022490178,0.0,0.0,0.0,0.0,0.0,,,,,oracle_h1,,,,-1,-1
0.0,0.0,0.0,1.0,0.5170197978666737,0.0,0.10350019790816194,0.14905375883194924,14.695127106704811,0.0,0.0,0.0,17.780241831627556,0.5170197978666737,0,0,0,0,1235.7803161426978,1235.7803161426978,1,30.0,9.5,6,17,0,0,0,0,0,0,5,0,False,52,1.999802624679775,0.0,0,0.0,0,2.0,-0.0,-0.0,-0.0,-0.0,-0.0,-0.00019737532022490178,0.0,0.0,0.0,0.0,0.0,,,,,oracle_h1,,,,-1,-1
0.0,0.0,0.0,1.0,0.5357509090715327,0.0,0.09794563165736561,0.14022410329974985,14.257138797355193,0.0,0.0,0.0,17.16460189437856,0.5357509090715327,0,0,0,0,1160.063374495247,1160.063374495247,1,35.0,9.583333333333334,7,17,0,0,0,0,0,0,6,0,False,52,1.999802624679775,0.0,0,0.0,0,2.0,-0.0,-0.0,-0.0,-0.0,-0.0,-0.00019737532022490178,0.0,0.0,0.0,0.0,0.0,,,,,oracle_h1,,,,-1,-1
0.0,0.0,0.0,1.0,0.6224239165888,0.0,0.09915984089277549,0.14482242310533472,14.45516894105926,0.0,0.0,0.0,18.500089373952665,0.6224239165888,0,0,0,0,1158.443664870538,1158.443664870538,1,40.0,9.666666666666666,8,17,0,0,0,0,0,0,7,0,False,52,1.999802624679775,0.0,0,0.0,0,2.0,-0.0,-0.0,-0.0,-0.0,-0.0,-0.00019737532022490178,0.0,0.0,0.0,0.0,0.0,,,,,oracle_h1,,,,-1,-1
0.0,0.0,0.0,1.0,0.6572795911630449,0.0,0.10627593765941838,0.1504637039578931,14.910773107699352,0.0,0.0,0.0,18.671316739519384,0.6572795911630449,0,0,0,0,1214.8114910501959,1214.8114910501959,1,45.0,9.75,9,17,1,0,0,0,0,0,8,8,True,52,1.8456540400168489,95.07327773190924,0,0.0,0,2.0,-0.0,-0.0,-0.0,-0.0,-0.0,-0.00019737532022490178,-0.08,-0.014148584662926029,-0.06,0.0,0.0,,,,,oracle_h1,,,,1,3
0.0,0.0,0.0,1.0,0.6392880798595149,0.0,0.11070392986018399,0.1552908133588851,15.029034385789444,0.0,0.0,0.0,18.160043045426725,0.6392880798595149,0,0,0,0,1258.5055929771174,1258.5055929771174,1,50.0,9.833333333333334,10,17,0,0,0,0,0,0,9,0,False,49,1.999802624679775,0.0,1,0.11764705882352941,0,2.0,-0.0,-0.0,-0.0,-0.0,-0.0,-0.00019737532022490178,0.0,0.0,0.0,0.0,0.0,,,,,oracle_h1,,,,-1,-1
0.0,0.0,0.0,1.0,0.709266634780699,0.0,0.11189459247409679,0.1625117317601692,15.45953350187381,0.0,0.0,0.0,19.516571882605874,0.709266634780699,0,0,0,0,1291.5974008553508,1291.5974008553508,1,55.0,9.916666666666666,11,17,0,0,0,0,0,0,10,0,False,49,1.9377949874290268,0.0,1,0.058823529411764705,0,2.0,-0.0,-0.0,-0.0,-0.060842651782940314,-0.0,-0.0013623607880328015,0.0,0.0,0.0,0.0,0.0,,,,,oracle_h1,,,,-1,-1
0.0,0.0,0.0,1.0,0.8599753273511727,0.0,0.111688120548782,0.17768216081834792,17.68381322439414,0.0,0.0,0.0,27.88678266976849,0.8599753273511727,0,0,0,0,1295.9842161370266,1295.9842161370266,1,60.0,10.0,12,17,0,0,0,0,0,0,11,0,False,52,1.1296057723923845,0.0,0,0.0,0,2.0,-0.0,-0.0,-0.0,-0.8547807543907295,-0.0,-0.015613473216885922,0.0,0.0,0.0,0.0,0.0,,,,,oracle_h1,,,,-1,-1
0.0,0.0,0.0,0.9988571163132769,0.9565885327710812,0.0,0.13089217026303163,0.20383873387267037,24.130278561273467,0.0011284765114798105,0.0,0.0,55.195458041575904,0.9565885327710812,0,1,0,0,1485.2986449808661,1483.6011213896056,1,65.0,10.083333333333334,13,17,1,0,0,0,0,0,12,18,True,52,0.5091455976991378,307.4541875506252,0,0.0,0,1.9977142326265538,-0.0,-0.0,-0.0,-1.2360875438871834,-0.0,-0.005921301680950611,-0.08,-0.06370264650213908,-0.10285714285714284,0.0,0.0,,,,,oracle_h1,,,,4,1
0.0,0.0,0.0,1.0,0.8888778262131953,0.0,0.12914281816088324,0.20107521575417361,18.51573330441616,0.0,0.0,0.0,28.557444107129918,0.8888778262131953,0,0,0,0,1507.0750702169285,1507.0750702169285,1,70.0,10.166666666666666,14,17,1,0,0,0,0,0,13,13,True,49,0.8439298320060812,163.49808095095773,1,0.11764705882352941,0,2.0,-0.0,-0.0,-0.0,-0.9766602789152568,-0.0,0.011764280833234492,-0.08,-0.03117416991189665,-0.07999999999999999,0.0,0.0,,,,,oracle_h1,,,,3,0
0.0,0.0,0.0,1.0,0.814279356275944,0.0,0.13081411223688053,0.19799821466396694,17.549697947075796,0.0,0.0,0.0,23.68593647918835,0.814279356275944,0,0,0,0,1505.78661353024,1505.78661353024,1,75.0,10.25,15,17,0,0,0,0,0,0,14,0,False,46,1.3546821702477863,0.0,2,0.17647058823529413,0,2.0,-0.0,-0.0,-0.0,-0.6455160904503019,-0.0,0.00019826069808818181,0.0,0.0,0.0,0.0,0.0,,,,,oracle_h1,,,,-1,-1
0.0,0.0,0.0,0.9999015661528868,0.9282251528456131,0.0,0.1320215448739031,0.20500857217709384,19.634836330896654,9.523851993172742e-05,0.0,0.0,36.916176379487275,0.9282251528456131,0,1,0,0,1502.48959827482,1502.3417024434143,1,80.0,10.333333333333334,16,17,0,0,0,0,0,0,15,0,False,49,0.8626313988945228,0.0,1,0.058823529411764705,0,1.9998031323057737,-0.0,-0.0,-0.0,-1.1314802880007264,-0.0,-0.0056914454105244485,0.0,0.0,0.0,0.0,0.0,,,,,oracle_h1,,,,-1,-1
0.0,0.0,0.0,1.0,0.7933561022442882,0.0,0.1391853375543313,0.21053937649638838,18.017892406504405,0.0,0.0,0.0,24.928067686959064,0.7933561022442882,0,0,0,0,1555.7857836413214,1555.7857836413214,1,85.0,10.416666666666666,17,17,1,0,0,0,0,0,16,14,True,52,1.2490146429986972,128.40603336649787,0,0.0,0,2.0,-0.0,-0.0,-0.0,-0.5418656790435163,-0.0,0.012517302231818081,-0.08,-0.03877983733246179,-0.10285714285714284,0.0,0.0,,,,,oracle_h1,,,,3,1
0.0,0.0,0.0,0.9998116946376898,0.9376815157201804,0.0,0.1452765656096629,0.22190061076332013,21.70175159152481,0.00018516002914834286,0.0,0.0,50.96737342199566,0.9376815157201804,0,1,0,0,1651.4377732065848,1651.1267986183684,1,90.0,10.5,18,17,0,0,0,0,0,0,17,0,False,49,0.8128160009955334,0.0,1,0.11764705882352941,0,1.9996233892753796,-0.0,-0.0,-0.0,-1.166967864004041,-0.0,-0.01983952427580516,0.0,0.0,0.0,0.0,0.0,,,,,oracle_h1,,,,-1,-1
0.0,0.0,0.0,0.9997759772872057,0.9423438979072702,0.0,0.13094930260273402,0.19609963926308766,18.84036854364804,0.0001959074666076928,0.0,0.0,53.8736654970131,0.9423438979072702,0,1,0,0,1508.443451819479,1508.1055262253055,1,95.0,10.583333333333334,19,17,0,0,0,0,0,0,18,0,False,49,0.8380033858539808,0.0,1,0.058823529411764705,0,1.9995519545744114,-0.0,-0.0,-0.0,-1.1842356471171989,-0.0,0.022687078396768298,0.0,0.0,0.0,0.0,0.0,,,,,oracle_h1,,,,-1,-1
0.0,0.0,0.0,1.0,0.6429729229515058,0.0,0.11740861698041258,0.16226218833555225,15.05402090211029,0.0,0.0,0.0,18.36290139044419,0.6429729229515058,0,0,0,0,1361.1158661647498,1361.1158661647498,1,100.0,10.666666666666666,20,17,0,0,0,0,0,0,19,0,False,52,1.999802624679775,0.0,0,0.0,0,2.0,-0.0,-0.0,-0.0,-0.0,-0.0,-0.00019737532022490178,0.0,0.0,0.0,0.0,0.0,,,,,oracle_h1,,,,-1,-1
0.0,0.0,0.0,1.0,0.7320799724537419,0.0,0.13162308440347842,0.18205046042150225,16.187872174547106,0.0,0.0,0.0,20.688155874284952,0.7320799724537419,0,0,0,0,1469.8007281207645,1469.8007281207645,1,105.0,10.75,21,17,1,0,0,0,0,0,20,16,True,52,1.6058786183787854,149.220879452181,0,0.0,0,2.0,-0.0,-0.0,-0.0,-0.20318669227582029,-0.0,-0.00019737532022490178,-0.08,-0.025023028310883672,-0.08571428571428572,0.0,0.0,,,,,oracle_h1,,,,3,3
0.0,0.0,0.0,1.0,0.6440042538090679,0.0,0.12191359025819534,0.16292515032227403,15.200922319491792,0.0,0.0,0.0,19.42965529653794,0.6440042538090679,0,0,0,0,1400.4861345371548,1400.4861345371548,1,110.0,10.833333333333334,22,17,0,0,0,0,0,0,21,0,False,49,1.999802624679775,0.0,1,0.11764705882352941,0,2.0,-0.0,-0.0,-0.0,-0.0,-0.0,-0.00019737532022490178,0.0,0.0,0.0,0.0,0.0,,,,,oracle_h1,,,,-1,-1
0.0,0.0,0.0,1.0,0.6211096654548767,0.0,0.1227952811968183,0.1672125223586937,15.407279459642254,0.0,0.0,0.0,19.34863519899765,0.6211096654548767,0,0,0,0,1402.275516036306,1402.275516036306,1,115.0,10.916666666666666,23,17,0,0,0,0,0,0,22,0,False,49,1.999802624679775,0.0,1,0.058823529411764705,0,2.0,-0.0,-0.0,-0.0,-0.0,-0.0,-0.00019737532022490178,0.0,0.0,0.0,0.0,0.0,,,,,oracle_h1,,,,-1,-1
0.0,0.0,0.0,1.0,0.7164800466880809,0.0,0.13336834159170868,0.1830217092274394,16.236687901117755,0.0,0.0,0.0,21.481038588419096,0.7164800466880809,0,0,0,0,1494.8494329139453,1494.8494329139453,1,120.0,11.0,24,17,0,0,0,0,0,0,23,0,False,52,1.8928471820774926,0.0,0,0.0,0,2.0,-0.0,-0.0,-0.0,-0.10695544260228244,-0.0,-0.00019737532022490178,0.0,0.0,0.0,0.0,0.0,,,,,oracle_h1,,,,-1,-1
0.0,0.0,0.0,1.0,0.7041749371986303,0.0,0.13614983943168282,0.18817750755601853,16.379198224567205,0.0,0.0,0.0,21.368303767136375,0.7041749371986303,0,0,0,0,1522.7689413839435,1522.7689413839435,1,125.0,11.083333333333334,25,17,0,0,0,0,0,0,24,0,False,52,1.9721615995743937,0.0,0,0.0,0,2.0,-0.0,-0.0,-0.0,-0.027641025105381353,-0.0,-0.00019737532022490178,0.0,0.0,0.0,0.0,0.0,,,,,oracle_h1,,,,-1,-1
0.0,0.0,0.0,1.0,0.730130395703369,0.0,0.13130704415662636,0.1894453702009667,16.30394307370467,0.0,0.0,0.0,21.606756507166303,0.730130395703369,0,0,0,0,1446.7176854585405,1446.7176854585405,1,130.0,11.166666666666666,26,17,1,0,0,0,0,0,25,15,True,52,1.6015592922921797,99.80712736912507,0,0.0,0,2.0,-0.0,-0.0,-0.0,-0.19141048050545262,-0.0,-0.0038714859192637455,-0.08,-0.01815874128310392,-0.105,0.0,0.0,,,,,oracle_h1,,,,3,2
0.0,0.0,0.0,1.0,0.8787458377261782,0.0,0.14193709247651337,0.20677421154440126,17.51533949991506,0.0,0.0,0.0,27.55446302026671,0.8787458377261782,0,0,0,0,1570.765870861122,1570.765870861122,1,135.0,11.25,27,17,0,0,0,0,0,0,26,0,False,49,1.0586286426729505,0.0,1,0.11764705882352941,0,2.0,-0.0,-0.0,-0.0,-0.93477474351265,-0.0,-0.006596613814399244,0.0,0.0,0.0,0.0,0.0,,,,,oracle_h1,,,,-1,-1
0.0,0.0,0.004744972194805326,0.998563106591467,0.9989493197544179,0.0,0.1494864412106735,0.2166797768311739,22.910262751216884,0.0014023750871344123,0.011764705882352941,0.0,77.24743048751257,0.9989493197544179,1,1,0,0,1679.5281271114104,1677.1148242161184,1,140.0,11.333333333333334,28,17,0,0,0,0,0,0,27,0,False,49,0.5746435207982638,0.0,1,0.058823529411764705,0,1.997126213182934,-0.0,-0.0,-0.028469833168831955,-1.382789023580659,-0.0,-0.01122383563517917,0.0,0.0,0.0,0.0,0.0,,,,,oracle_h1,,,,-1,-1
0.0,0.0,0.0,1.0,0.7589138125114486,0.0,0.14150395825905654,0.20292864159733096,17.181625933176267,0.0,0.0,0.0,21.83871351186502,0.7589138125114486,0,0,0,0,1621.2074668720209,1621.2074668720209,1,145.0,11.416666666666666,29,17,1,0,0,0,0,0,28,17,True,52,1.436545321885158,102.29935040692457,0,0.0,0,2.0,-0.0,-0.0,-0.0,-0.3585996168786081,-0.0,0.02107798638672647,-0.08,-0.04307590476581757,-0.10285714285714284,0.0,0.0,,,,,oracle_h1,,,,4,0
0.0,0.0,0.0,1.0,0.7245252427080191,0.0,0.1465699561369716,0.19754468871855493,16.5577713139664,0.0,0.0,0.0,19.74955596744378,0.7245252427080191,0,0,0,0,1638.21398305879,1638.21398305879,1,150.0,11.5,30,17,1,0,0,0,0,0,29,34,True,49,1.681879102864209,162.4377839175014,1,0.11764705882352941,0,2.0,-0.0,-0.0,-0.0,-0.1571616960190962,-0.0,-0.00019737532022490178,-0.08,-0.02076182579646974,-0.06,0.0,0.0,,,,,oracle_h1,,,,8,1
0.0,0.0,0.0,1.0,0.6397559028562078,0.0,0.14492206738258115,0.19291510551514168,16.16237703228383,0.0,0.0,0.0,18.706583218741436,0.6397559028562078,0,0,0,0,1651.1451331036835,1651.1451331036835,1,155.0,11.583333333333334,31,17,0,0,0,0,0,0,30,0,False,46,1.999802624679775,0.0,2,0.17647058823529413,0,2.0,-0.0,-0.0,-0.0,-0.0,-0.0,-0.00019737532022490178,0.0,0.0,0.0,0.0,0.0,,,,,oracle_h1,,,,-1,-1
0.0,0.0,0.0,1.0,0.7661593336934166,0.0,0.15070096395188837,0.20826954202088407,17.13566634565517,0.0,0.0,0.0,22.3183782708547,0.7661593336934166,0,0,0,0,1717.3862128169112,1717.3862128169112,1,160.0,11.666666666666666,32,17,0,0,0,0,0,0,31,0,False,49,1.59461986532679,0.0,1,0.058823529411764705,0,2.0,-0.0,-0.0,-0.0,-0.3985722039464857,-0.0,-0.006807930726724304,0.0,0.0,0.0,0.0,0.0,,,,,oracle_h1,,,,-1,-1
0.0,0.0,0.0,1.0,0.895118864236614,0.0,0.1568522422748039,0.21860018928281377,18.53678226669744,0.0,0.0,0.0,32.93560125366218,0.895118864236614,0,0,0,0,1765.6701589554893,1765.6701589554893,1,165.0,11.75,33,17,0,0,0,0,0,0,32,0,False,52,0.9981472918732567,0.0,0,0.0,0,2.0,-0.0,-0.0,-0.0,-1.002030777713776,-0.0,0.0001780695870326532,0.0,0.0,0.0,0.0,0.0,,,,,oracle_h1,,,,-1,-1
0.0,0.0,0.0,1.0,0.7844351412094784,0.0,0.1546900711756307,0.22036631039768223,18.835531939591995,0.0,0.0,0.0,26.381535359683735,0.7844351412094784,0,0,0,0,1745.2084782976303,1745.2084782976303,1,170.0,11.833333333333334,34,17,0,0,0,0,0,0,33,0,False,52,1.5005457711565735,0.0,0,0.0,0,2.0,-0.0,-0.0,-0.0,-0.49598523320089705,-0.0,-0.0034689956425294766,0.0,0.0,0.0,0.0,0.0,,,,,oracle_h1,,,,-1,-1
0.0,0.0,0.0,1.0,0.831292781248714,0.0,0.16119402043809034,0.2288752218295853,19.46719199241239,0.0,0.0,0.0,30.954383947509644,0.831292781248714,0,0,0,0,1815.9860927171376,1815.9860927171376,1,175.0,11.916666666666666,35,17,0,0,0,0,0,0,34,0,False,52,1.269351236173613,0.0,0,0.0,0,2.0,-0.0,-0.0,-0.0,-0.7260093833293108,-0.0,-0.0046393804970761236,0.0,0.0,0.0,0.0,0.0,,,,,oracle_h1,,,,-1,-1
0.0,0.0,0.010321042253434734,0.9985379957760354,0.992631664563788,0.0,0.17369550544737916,0.24496206385656052,25.91050479594528,0.0014373873590185393,0.023529411764705882,0.0,83.64081804860236,0.992631664563788,1,1,0,0,1955.0499468010553,1952.1916555207704,1,180.0,12.0,36,17,0,0,0,0,0,0,35,0,False,52,0.5644098506909085,0.0,0,0.0,0,1.9970759915520708,-0.0,-0.0,-0.061926253520608404,-1.3615811846784662,-0.0,-0.00915870266208761,0.0,0.0,0.0,0.0,0.0,,,,,oracle_h1,,,,-1,-1
0.0,0.0,0.0,1.0,0.8988706513591377,0.0,0.163274947119251,0.2219394313788799,18.57943174643618,0.0,0.0,0.0,34.51510271242586,0.8988706513591377,0,0,0,0,1835.1750884270464,1835.1750884270464,1,185.0,12.083333333333334,37,17,0,0,0,0,0,0,36,0,False,52,0.9861021781509509,0.0,0,0.0,0,2.0,-0.0,-0.0,-0.0,-1.0171287435599337,-0.0,0.003230921710884599,0.0,0.0,0.0,0.0,0.0,,,,,oracle_h1,,,,-1,-1
0.0,0.0,0.0009504348486020443,0.9997156730127179,0.9520836406313836,0.0,0.16033122933276672,0.22410085510232663,21.047439259033617,0.00027895647250154464,0.011764705882352941,0.0,49.79661371253961,0.9520836406313836,1,1,0,0,1816.7270498587695,1816.2105053299692,1,190.0,12.166666666666666,38,17,0,0,0,0,0,0,37,0,False,52,0.7741194008044062,0.0,0,0.0,0,1.9994313460254358,-0.0,-0.0,-0.0057026090916122655,-1.2198341660508063,-0.0,0.00022482992138900815,0.0,0.0,0.0,0.0,0.0,,,,,oracle_h1,,,,-1,-1
0.0,0.0,0.0,1.0,0.7377036594743325,0.0,0.15728347545543556,0.21289996258495653,18.114309278001485,0.0,0.0,0.0,23.056609670119286,0.7377036594743325,0,0,0,0,1743.9332871157906,1743.9332871157906,1,195.0,12.25,39,17,1,0,0,0,0,0,38,18,True,52,1.5473546284531947,257.2760996682239,0,0.0,0,2.0,-0.0,-0.0,-0.0,-0.236772578283818,-0.0,0.015532091319703015,-0.08,-0.048547741725547454,-0.10285714285714284,0.0,0.0,,,,,oracle_h1,,,,4,1
0.0,0.0,0.0,1.0,0.7753595351149088,0.0,0.15966797479565092,0.21662425508108737,18.25817824661309,0.0,0.0,0.0,25.017998917862293,0.7753595351149088,0,0,0,0,1751.5244852044211,1751.5244852044211,1,200.0,12.333333333333334,40,17,0,0,0,0,0,0,39,0,False,49,1.5508757306101308,0.0,1,0.11764705882352941,0,2.0,-0.0,-0.0,-0.0,-0.4482037046070616,-0.0,-0.0009205647828076369,0.0,0.0,0.0,0.0,0.0,,,,,oracle_h1,,,,-1,-1
0.0,0.0,0.0,1.0,0.727925325170326,0.0,0.14700816558422997,0.20222608994318056,17.425264556802013,0.0,0.0,0.0,22.722260613744435,0.727925325170326,0,0,0,0,1623.7081131072798,1623.7081131072798,1,205.0,12.416666666666666,41,17,0,0,0,0,0,0,40,0,False,49,1.822971948931302,0.0,1,0.058823529411764705,0,2.0,-0.0,-0.0,-0.0,-0.17800688128839964,-0.0,0.0009788302197017984,0.0,0.0,0.0,0.0,0.0,,,,,oracle_h1,,,,-1,-1
0.0,0.0,0.0,1.0,0.8907582086073181,0.0,0.14597000152055878,0.2062664880358843,17.853246683226157,0.0,0.0,0.0,28.192878488224633,0.8907582086073181,0,0,0,0,1667.072890936488,1667.072890936488,1,210.0,12.5,42,17,1,0,0,0,0,0,41,13,True,52,0.8114571580676438,245.99610751920446,0,0.0,0,2.0,-0.0,-0.0,-0.0,-0.9843381700365723,-0.0,-0.015899462409393317,-0.08,-0.0283052094863906,-0.07999999999999999,0.0,0.0,,,,,oracle_h1,,,,3,0
0.0,0.0,0.0,1.0,0.8726443303112542,0.0,0.13625393392406226,0.1952892038432761,17.36802963347402,0.0,0.0,0.0,26.249195959683007,0.8726443303112542,0,0,0,0,1551.9256555341333,1551.9256555341333,1,215.0,12.583333333333334,43,17,0,0,0,0,0,0,42,0,False,49,1.101909689770833,0.0,1,0.11764705882352941,0,2.0,-0.0,-0.0,-0.0,-0.9091213732201805,-0.0,0.011031062991013306,0.0,0.0,0.0,0.0,0.0,,,,,oracle_h1,,,,-1,-1
0.0,0.0,0.0,0.999999709074277,0.9016394883300735,0.0,0.1479354121602606,0.20772706133876703,18.554356441341678,2.989370691930717e-07,0.0,0.0,29.691820306471346,0.9016394883300735,0,1,0,0,1666.086159454339,1666.0856747470184,1,220.0,12.666666666666666,44,17,0,0,0,0,0,0,43,0,False,49,0.9640789050621253,0.0,1,0.058823529411764705,0,1.999999418148554,-0.0,-0.0,-0.0,-1.028198472609712,-0.0,-0.007722040476716746,0.0,0.0,0.0,0.0,0.0,,,,,oracle_h1,,,,-1,-1
0.0,0.0,0.0,1.0,0.7277298971396349,0.0,0.1471752327959844,0.20601260303587915,17.684590816666486,0.0,0.0,0.0,23.197519284786768,0.7277298971396349,0,0,0,0,1628.5670878721587,1628.5670878721587,1,225.0,12.75,45,17,1,0,0,0,0,0,44,14,True,52,1.6158414449774074,75.2045402409304,0,0.0,0,2.0,-0.0,-0.0,-0.0,-0.17681462029616585,-0.0,0.012055662409074018,-0.08,-0.03654245427835782,-0.10285714285714284,0.0,0.0,,,,,oracle_h1,,,,3,1
0.0,0.0,0.0,1.0,0.7000936467527568,0.0,0.13404922671300237,0.1766937943717202,15.993586625611593,0.0,0.0,0.0,21.266063691534967,0.7000936467527568,0,0,0,0,1480.9880409269992,1480.9880409269992,1,230.0,12.833333333333334,46,17,0,0,0,0,0,0,45,0,False,49,2.0025884848219424,0.0,1,0.11764705882352941,0,2.0,-0.0,-0.0,-0.0,-0.0006242142640485014,-0.0,0.00321269908599065,0.0,0.0,0.0,0.0,0.0,,,,,oracle_h1,,,,-1,-1
0.0,0.0,0.0,1.0,0.6933722709925796,0.0,0.13771652528329406,0.18243076009934497,16.538234256091712,0.0,0.0,0.0,20.588725869322943,0.6933722709925796,0,0,0,0,1530.482888235499,1530.482888235499,1,235.0,12.916666666666666,47,17,0,0,0,0,0,0,46,0,False,49,1.999802624679775,0.0,1,0.058823529411764705,0,2.0,-0.0,-0.0,-0.0,-0.0,-0.0,-0.00019737532022490178,0.0,0.0,0.0,0.0,0.0,,,,,oracle_h1,,,,-1,-1
0.0,0.0,0.0,1.0,0.6980229548337259,0.0,0.1369032521408568,0.18330097334990705,16.52931711947479,0.0,0.0,0.0,20.514889612845682,0.6980229548337259,0,0,0,0,1525.7545979897236,1525.7545979897236,1,240.0,13.0,48,17,0,0,0,0,0,0,47,0,False,52,1.999802624679775,0.0,0,0.0,0,2.0,-0.0,-0.0,-0.0,-0.0,-0.0,-0.00019737532022490178,0.0,0.0,0.0,0.0,0.0,,,,,oracle_h1,,,,-1,-1
0.0,0.0,0.0,1.0,0.6553068718204114,0.0,0.1261595580152823,0.17093004158795627,16.008147173488798,0.0,0.0,0.0,19.796064221875046,0.6553068718204114,0,0,0,0,1417.8446789976542,1417.8446789976542,1,245.0,13.083333333333332,49,17,0,0,0,0,0,0,48,0,False,52,1.999802624679775,0.0,0,0.0,0,2.0,-0.0,-0.0,-0.0,-0.0,-0.0,-0.00019737532022490178,0.0,0.0,0.0,0.0,0.0,,,,,oracle_h1,,,,-1,-1
0.0,0.0,0.0,1.0,0.6796587501992472,0.0,0.13139821013886807,0.1814249925899585,16.483812002018688,0.0,0.0,0.0,19.84791919379916,0.6796587501992472,0,0,0,0,1444.7148421324455,1444.7148421324455,1,250.0,13.166666666666668,50,17,0,0,0,0,0,0,49,0,False,52,1.999802624679775,0.0,0,0.0,0,2.0,-0.0,-0.0,-0.0,-0.0,-0.0,-0.00019737532022490178,0.0,0.0,0.0,0.0,0.0,,,,,oracle_h1,,,,-1,-1
0.0,0.0,0.0,1.0,0.5703424655258761,0.0,0.11342135970979898,0.1568892450023668,15.530575907466837,0.0,0.0,0.0,18.729422764565626,0.5703424655258761,0,0,0,0,1245.8127251093363,1245.8127251093363,1,255.0,13.25,51,17,0,0,0,0,0,0,50,0,False,52,1.999802624679775,0.0,0,0.0,0,2.0,-0.0,-0.0,-0.0,-0.0,-0.0,-0.00019737532022490178,0.0,0.0,0.0,0.0,0.0,,,,,oracle_h1,,,,-1,-1
0.0,0.0,0.0,1.0,0.562681250330091,0.0,0.11791152829486122,0.1601996059623759,15.591984952398084,0.0,0.0,0.0,19.288910800961283,0.562681250330091,0,0,0,0,1288.9710028435186,1288.9710028435186,1,260.0,13.333333333333332,52,17,0,0,0,0,0,0,51,0,False,52,1.999802624679775,0.0,0,0.0,0,2.0,-0.0,-0.0,-0.0,-0.0,-0.0,-0.00019737532022490178,0.0,0.0,0.0,0.0,0.0,,,,,oracle_h1,,,,-1,-1
0.0,0.0,0.0,1.0,0.6232598257982342,0.0,0.12060528471228724,0.16595114132490035,15.901536161757036,0.0,0.0,0.0,19.457189439272913,0.6232598257982342,0,0,0,0,1326.1795606963274,1326.1795606963274,1,265.0,13.416666666666668,53,17,0,0,0,0,0,0,52,0,False,52,1.999802624679775,0.0,0,0.0,0,2.0,-0.0,-0.0,-0.0,-0.0,-0.0,-0.00019737532022490178,0.0,0.0,0.0,0.0,0.0,,,,,oracle_h1,,,,-1,-1
0.0,0.0,0.0,1.0,0.6009963576494101,0.0,0.12072153731418048,0.1674104533718399,15.793401439589564,0.0,0.0,0.0,20.590345920138798,0.6009963576494101,0,0,0,0,1338.253270498488,1338.253270498488,1,270.0,13.5,54,17,0,0,0,0,0,0,53,0,False,52,1.999802624679775,0.0,0,0.0,0,2.0,-0.0,-0.0,-0.0,-0.0,-0.0,-0.00019737532022490178,0.0,0.0,0.0,0.0,0.0,,,,,oracle_h1,,,,-1,-1
0.0,0.0,0.0,1.0,0.6512801844205076,0.0,0.13562111885690936,0.18985633961080983,16.581244405516788,0.0,0.0,0.0,21.879125990968635,0.6512801844205076,0,0,0,0,1498.5611678869077,1498.5611678869077,1,275.0,13.583333333333332,55,17,0,0,0,0,0,0,54,0,False,52,1.999802624679775,0.0,0,0.0,0,2.0,-0.0,-0.0,-0.0,-0.0,-0.0,-0.00019737532022490178,0.0,0.0,0.0,0.0,0.0,,,,,oracle_h1,,,,-1,-1
0.0,0.0,0.0,1.0,0.631988394266125,0.0,0.1271188046728109,0.17476260337960794,15.807272150784206,0.0,0.0,0.0,20.218422920849516,0.631988394266125,0,0,0,0,1401.4765666524056,1401.4765666524056,1,280.0,13.666666666666668,56,17,0,0,0,0,0,0,55,0,False,52,1.999802624679775,0.0,0,0.0,0,2.0,-0.0,-0.0,-0.0,-0.0,-0.0,-0.00019737532022490178,0.0,0.0,0.0,0.0,0.0,,,,,oracle_h1,,,,-1,-1
0.0,0.0,0.0,1.0,0.6440162543383728,0.0,0.12803368682621824,0.17247182251247878,15.832560399194097,0.0,0.0,0.0,20.045237548946183,0.6440162543383728,0,0,0,0,1404.5653747547017,1404.5653747547017,1,285.0,13.75,57,17,0,0,0,0,0,0,56,0,False,52,1.999802624679775,0.0,0,0.0,0,2.0,-0.0,-0.0,-0.0,-0.0,-0.0,-0.00019737532022490178,0.0,0.0,0.0,0.0,0.0,,,,,oracle_h1,,,,-1,-1
0.0,0.0,0.0,1.0,0.6670961518907528,0.0,0.12961310342658008,0.17632718648334733,15.967684481975033,0.0,0.0,0.0,20.60664182948271,0.6670961518907528,0,0,0,0,1426.3058634001495,1426.3058634001495,1,290.0,13.833333333333332,58,17,0,0,0,0,0,0,57,0,False,52,1.999802624679775,0.0,0,0.0,0,2.0,-0.0,-0.0,-0.0,-0.0,-0.0,-0.00019737532022490178,0.0,0.0,0.0,0.0,0.0,,,,,oracle_h1,,,,-1,-1
0.0,0.0,0.0,1.0,0.7150635843460179,0.0,0.1299375483530299,0.17345458207213485,15.910942184210262,0.0,0.0,0.0,21.714331447547064,0.7150635843460179,0,0,0,0,1440.4735513785051,1440.4735513785051,1,295.0,13.916666666666668,59,17,0,0,0,0,0,0,58,0,False,52,1.8999411360496519,0.0,0,0.0,0,2.0,-0.0,-0.0,-0.0,-0.09798399773232568,-0.0,-0.0020748662180224476,0.0,0.0,0.0,0.0,0.0,,,,,oracle_h1,,,,-1,-1
0.0,0.0,0.0,1.0,0.6497053598853124,0.0,0.13110379193392988,0.17295880758641458,16.022642642216844,0.0,0.0,0.0,21.555333702840898,0.6497053598853124,0,0,0,0,1422.3232995754367,1422.3232995754367,1,300.0,14.0,60,17,1,0,0,0,0,0,59,50,True,52,1.8505442408746937,60.13527944734149,0,0.0,0,2.0,-0.0,-0.0,-0.0,-0.0,-0.0,0.0016895502051997636,-0.08,-0.01971673790193471,-0.05142857142857142,0.0,0.0,,,,,oracle_h1,,,,12,1
